-- MySQL Administrator dump 1.4
--
-- ------------------------------------------------------
-- Server version	5.7.23-log


/*!40101 SET @OLD_CHARACTER_SET_CLIENT=@@CHARACTER_SET_CLIENT */;
/*!40101 SET @OLD_CHARACTER_SET_RESULTS=@@CHARACTER_SET_RESULTS */;
/*!40101 SET @OLD_COLLATION_CONNECTION=@@COLLATION_CONNECTION */;
/*!40101 SET NAMES utf8 */;

/*!40014 SET @OLD_UNIQUE_CHECKS=@@UNIQUE_CHECKS, UNIQUE_CHECKS=0 */;
/*!40014 SET @OLD_FOREIGN_KEY_CHECKS=@@FOREIGN_KEY_CHECKS, FOREIGN_KEY_CHECKS=0 */;
/*!40101 SET @OLD_SQL_MODE=@@SQL_MODE, SQL_MODE='NO_AUTO_VALUE_ON_ZERO' */;


--
-- Create schema tas
--

CREATE DATABASE IF NOT EXISTS tas;
USE tas;

--
-- Definition of table `badge`
--

DROP TABLE IF EXISTS `badge`;
CREATE TABLE `badge` (
  `id` char(8) NOT NULL,
  `description` varchar(255) DEFAULT NULL,
  PRIMARY KEY (`id`) USING BTREE
) ENGINE=InnoDB DEFAULT CHARSET=latin1;

--
-- Dumping data for table `badge`
--

/*!40000 ALTER TABLE `badge` DISABLE KEYS */;
INSERT INTO `badge` (`id`,`description`) VALUES 
 ('021890C0','Chapell, George R'),
 ('07901755','Terrell, Kenneth R'),
 ('0886BF12','Gibson, Theresa E'),
 ('08D01475','Littell, Amie D'),
 ('08D745A6','Harris, Christine R'),
 ('0B8C3085','King, Harry L'),
 ('0D87987C','Trice, Carol L'),
 ('0FFA272B','Corwin, John L'),
 ('124A2DED','Ford, Nicholas R'),
 ('12565C60','Chapman, Joshua E'),
 ('1B2052DE','Sanchez, Katherine H'),
 ('1C920A23','Hutchison, Claire T'),
 ('1D52BFA2','Lowery, Tracy A'),
 ('229324A4','Donaldson, Kathleen C'),
 ('2305D772','Antonio, Derrick B'),
 ('28DC3FB8','Woods, Matthew S'),
 ('2986FF85','Black, Francis R'),
 ('29C03912','McKain, Ethel H'),
 ('29C3C7D4','Gomez, Rose M'),
 ('2A5620A0','Eaton, Curtis M'),
 ('2A7F5D99','Palmer, Raymond J'),
 ('2A972897','White, Margaret M'),
 ('2CD387C2','Horner, Nicholas M'),
 ('31A25435','Munday, Paul J'),
 ('3282F212','Smith, Patrick R'),
 ('3437588A','Mullen, Margaret M'),
 ('398B1563','Sanchez, Juan T'),
 ('3C03B8D7','Howard, Wm N'),
 ('3DA8B226','Hamm, Doris R'),
 ('3E9E0E87','Patterson, Mauricio N'),
 ('408B195F','Robinson, Lawrence D'),
 ('4382D92D','Alvarez, Laurie J'),
 ('45E5059F','Osborne, Marcus K'),
 ('4C459F1E','Knaus, Robert B'),
 ('4DAC9951','Stein, Richard M'),
 ('4E04B5FE','Smith, Mary J'),
 ('4E6E296E','Hart, Jessie B'),
 ('4FA55999','Davie, Lori W'),
 ('55B74EB5','Coleman, Marian E'),
 ('55BAF4B1','Hoyt, Larry E'),
 ('58EB7EA1','Stalker, Karen C'),
 ('618072EA','Perales, Earl M'),
 ('639D4185','Gaines, Lee E'),
 ('67637925','Brenner, Amy B'),
 ('690538BA','Snow, Bonita G'),
 ('6AA1785E','Ellis, Gloria L'),
 ('6C0D1549','Franklin, Ronald W'),
 ('6CA0FF4A','Pierce, Elaine J'),
 ('73591F00','Gauna, Christine M'),
 ('76118CDC','Kaiser, Fay H'),
 ('76B87761','Rohrbach, Diana T'),
 ('76E920D9','Lambert, Dorothy G'),
 ('7CB9642F','Treat, Scotty L'),
 ('8001201A','Stevens, Michael E'),
 ('82A8539F','Patterson, Rosalee T'),
 ('860CBBEE','Simmons, Willie J'),
 ('8709982E','Dent, Judy E'),
 ('87176FD7','Cordero, Alvina P'),
 ('88D12DCC','Begaye, Laura A'),
 ('8A90B9A3','Kawamoto, Thomas S'),
 ('8C0644BA','Jones, Debra T'),
 ('8C4CE4AC','Rhoades, Kathryn R'),
 ('8D6362AD','McGruder, Patricia W'),
 ('8D9E5710','Melia, Ali J'),
 ('8DB842EF','Arney, Veronica C'),
 ('8E5F0240','Thomas, Basil P'),
 ('9186E711','Adams, Cruz C'),
 ('922370AA','Price, Anna V'),
 ('93313988','Taylor, Steven M'),
 ('935B799E','Fisher, Chad A'),
 ('95497F63','Andrews, Charles E'),
 ('9973DBF1','Miller, Alison M'),
 ('99F0C0FA','Kite, Ernest A'),
 ('9BD0258A','Hearn, Edith M'),
 ('9BFCB537','Lilly, James M'),
 ('9D527CFB','Rodriquez, Jarvis B'),
 ('9E0476B5','Rivers, Sarah R'),
 ('9E06A774','Foster, Amanda J'),
 ('A5F194EB','Ybarra, Maria J'),
 ('AB8204A4','Snively, Georgine R'),
 ('AC239E44','Cusson, Peter H'),
 ('ADD650A8','Taylor, Jennifer T'),
 ('B09A75D7','Lawrence, Fredrick C'),
 ('B4BBABEC','Lawless, Brian L'),
 ('B5A117E9','Sullivan, Mary C'),
 ('B6902696','Wright, Nadine P'),
 ('B7A6171D','Taylor, Elisa G'),
 ('BAD139D6','Sutherland, Sandra R'),
 ('BD9BB983','Dahl, Tamara G'),
 ('BE51FA92','Harris, Andrea D'),
 ('BEAFDB2F','Clark, Joy R'),
 ('C0063C4C','Cain, Kenneth M'),
 ('C1E4758D','Leist, Rodney J'),
 ('C278A564','Hill, Rose R'),
 ('C457EFF7','Dam, Patricia T'),
 ('C47A78C1','King, Norman R'),
 ('C4F37EFF','Welch, Travis C'),
 ('C6C1C0F2','Dickman, Freda C'),
 ('C8E646D8','Merrick, Thomas L'),
 ('CB99D1E8','Speier, Bobbie J'),
 ('CBDE17A7','Fox, Nichole J'),
 ('CEA28723','Claude, Lillian A'),
 ('CEBCC740','Ryan, Salvador F'),
 ('CEC9A3DA','Hein, Dustin L'),
 ('CEDB6920','Mills, Mildred K'),
 ('CF1D8750','Dearman, Sarah R'),
 ('CF697DE6','Hickmon, Brad M'),
 ('D1D2C387','Omara, Sherri S'),
 ('D2C39273','Buck, Ernest E'),
 ('D2CC71D4','Lawson, Matthew J'),
 ('D4A2072B','Ellis, Misty F'),
 ('D4F37E6F','Sanchez, Raymond V'),
 ('D928AFBA','Ali, James E'),
 ('DD6E2C0C','Rhodes, Jeffery B'),
 ('DF19620C','Forte, Genoveva G'),
 ('DFD9BB5C','Gallegos, Phillip M'),
 ('DFDFE648','Jinks, James R'),
 ('DFE4EB13','Black, Jose S'),
 ('E06BE060','Dixon, Mary A'),
 ('E215F3DB','Wright, Ann T'),
 ('E216D413','Jones, Mitchell C'),
 ('E6386C7C','Teel, Kelly K'),
 ('E70AD3D2','Decker, Betty L'),
 ('E77BFAEA','Weedman, Micheal S'),
 ('E880B82A','Williams, Tyson E'),
 ('E8A58074','Brown, Maria C'),
 ('EC531DE6','Elliott, Nancy L'),
 ('F1EE0555','Montgomery, Dorothy A'),
 ('FCE87D9F','Tucker, Janice W'),
 ('FF591F68','Miller, Robert K');
/*!40000 ALTER TABLE `badge` ENABLE KEYS */;


--
-- Definition of table `department`
--

DROP TABLE IF EXISTS `department`;
CREATE TABLE `department` (
  `id` tinyint(3) unsigned NOT NULL AUTO_INCREMENT,
  `description` varchar(255) DEFAULT NULL,
  `terminalid` tinyint(3) unsigned NOT NULL,
  PRIMARY KEY (`id`) USING BTREE,
  KEY `FK_department_1` (`terminalid`),
  CONSTRAINT `FK_department_1` FOREIGN KEY (`terminalid`) REFERENCES `terminal` (`id`)
) ENGINE=InnoDB AUTO_INCREMENT=11 DEFAULT CHARSET=latin1;

--
-- Dumping data for table `department`
--

/*!40000 ALTER TABLE `department` DISABLE KEYS */;
INSERT INTO `department` (`id`,`description`,`terminalid`) VALUES 
 (1,'Assembly',103),
 (2,'Cleaning',107),
 (3,'Warehouse',106),
 (4,'Grinding',104),
 (5,'Hafting',105),
 (6,'Office',102),
 (7,'Press',104),
 (8,'Shipping',107),
 (9,'Tool and Die',104),
 (10,'Maintenance',104);
/*!40000 ALTER TABLE `department` ENABLE KEYS */;


--
-- Definition of table `employee`
--

DROP TABLE IF EXISTS `employee`;
CREATE TABLE `employee` (
  `badgeid` char(8) NOT NULL,
  `firstname` varchar(40) DEFAULT NULL,
  `middlename` varchar(40) DEFAULT NULL,
  `lastname` varchar(40) DEFAULT NULL,
  `employeetypeid` tinyint(3) unsigned NOT NULL,
  `departmentid` tinyint(3) unsigned DEFAULT NULL,
  `shiftid` tinyint(3) unsigned DEFAULT NULL,
  `active` timestamp NOT NULL DEFAULT CURRENT_TIMESTAMP,
  `inactive` timestamp NULL DEFAULT NULL,
  `id` int(10) unsigned NOT NULL AUTO_INCREMENT,
  PRIMARY KEY (`id`) USING BTREE,
  KEY `FK_employee_1` (`badgeid`),
  KEY `FK_employee_2` (`employeetypeid`),
  KEY `FK_employee_3` (`departmentid`),
  KEY `FK_employee_4` (`shiftid`),
  CONSTRAINT `FK_employee_1` FOREIGN KEY (`badgeid`) REFERENCES `badge` (`id`),
  CONSTRAINT `FK_employee_2` FOREIGN KEY (`employeetypeid`) REFERENCES `employeetype` (`id`),
  CONSTRAINT `FK_employee_3` FOREIGN KEY (`departmentid`) REFERENCES `department` (`id`),
  CONSTRAINT `FK_employee_4` FOREIGN KEY (`shiftid`) REFERENCES `shift` (`id`)
) ENGINE=InnoDB AUTO_INCREMENT=131 DEFAULT CHARSET=latin1;

--
-- Dumping data for table `employee`
--

/*!40000 ALTER TABLE `employee` DISABLE KEYS */;
INSERT INTO `employee` (`badgeid`,`firstname`,`middlename`,`lastname`,`employeetypeid`,`departmentid`,`shiftid`,`active`,`inactive`,`id`) VALUES 
 ('021890C0','George','R','Chapell',0,1,1,'2016-04-02 09:10:08',NULL,1),
 ('07901755','Kenneth','R','Terrell',1,9,1,'2016-05-29 08:39:41',NULL,2),
 ('0886BF12','Theresa','E','Gibson',0,1,1,'2015-08-14 07:32:15',NULL,3),
 ('08D01475','Amie','D','Littell',1,4,2,'2017-01-22 11:52:31',NULL,4),
 ('08D745A6','Christine','R','Harris',1,5,1,'2015-11-28 07:37:08',NULL,5),
 ('0B8C3085','Harry','L','King',1,1,1,'2016-10-30 08:23:55',NULL,6),
 ('0D87987C','Carol','L','Trice',0,7,1,'2016-01-17 07:48:55',NULL,7),
 ('0FFA272B','John','L','Corwin',1,7,1,'2015-10-11 09:45:28',NULL,8),
 ('124A2DED','Nicholas','R','Ford',0,5,1,'2015-09-01 10:14:59',NULL,9),
 ('12565C60','Joshua','E','Chapman',0,5,1,'2015-09-11 09:31:56',NULL,10),
 ('1B2052DE','Katherine','H','Sanchez',1,7,1,'2015-09-22 16:30:44',NULL,11),
 ('1C920A23','Claire','T','Hutchison',1,7,1,'2015-10-04 17:45:36',NULL,12),
 ('1D52BFA2','Tracy','A','Lowery',0,1,1,'2015-10-09 14:45:10',NULL,13),
 ('229324A4','Kathleen','C','Donaldson',1,7,1,'2017-02-02 08:05:20',NULL,14),
 ('2305D772','Derrick','B','Antonio',0,8,1,'2015-09-01 10:15:14',NULL,15),
 ('28DC3FB8','Matthew','S','Woods',1,4,1,'2015-07-28 08:54:27',NULL,16),
 ('2986FF85','Francis','R','Black',1,4,1,'2015-07-28 08:54:09',NULL,17),
 ('29C03912','Ethel','H','McKain',1,4,1,'2017-02-11 08:15:23',NULL,18),
 ('29C3C7D4','Rose','M','Gomez',0,1,1,'2015-11-02 15:41:02',NULL,19),
 ('2A5620A0','Curtis','M','Eaton',0,2,1,'2015-10-16 14:11:23',NULL,20),
 ('2A7F5D99','Raymond','J','Palmer',1,4,1,'2015-12-06 17:40:19',NULL,21),
 ('2A972897','Margaret','M','White',0,4,1,'2015-09-11 09:33:07',NULL,22),
 ('2CD387C2','Nicholas','M','Horner',1,5,1,'2015-07-28 08:42:17',NULL,23),
 ('31A25435','Paul','J','Munday',0,4,1,'2015-10-09 14:44:11',NULL,24),
 ('3282F212','Patrick','R','Smith',1,10,1,'2015-10-21 07:31:20',NULL,25),
 ('3437588A','Margaret','M','Mullen',0,8,1,'2015-09-18 10:39:35',NULL,26),
 ('398B1563','Juan','T','Sanchez',1,5,2,'2017-02-21 07:54:36',NULL,27),
 ('3C03B8D7','Wm','N','Howard',0,1,1,'2015-09-01 10:08:42',NULL,28),
 ('3DA8B226','Doris','R','Hamm',0,5,1,'2015-12-19 09:42:03',NULL,29),
 ('3E9E0E87','Mauricio','N','Patterson',0,5,1,'2015-10-23 09:30:29',NULL,30),
 ('408B195F','Lawrence','D','Robinson',0,5,1,'2017-01-26 07:24:01',NULL,31),
 ('4382D92D','Laurie','J','Alvarez',1,6,3,'2015-10-09 14:48:54',NULL,32),
 ('45E5059F','Marcus','K','Osborne',0,1,1,'2015-08-22 07:30:41',NULL,33),
 ('4C459F1E','Robert','B','Knaus',1,1,2,'2017-01-07 11:14:51',NULL,34),
 ('4DAC9951','Richard','M','Stein',1,5,1,'2015-07-28 08:47:56',NULL,35),
 ('4E04B5FE','Mary','J','Smith',1,5,1,'2016-12-07 09:10:53',NULL,36),
 ('4E6E296E','Jessie','B','Hart',1,5,1,'2015-07-28 08:45:03',NULL,37),
 ('4FA55999','Lori','W','Davie',0,8,1,'2015-10-11 09:25:12',NULL,38),
 ('55B74EB5','Marian','E','Coleman',0,5,1,'2015-09-18 10:28:32',NULL,39),
 ('55BAF4B1','Larry','E','Hoyt',0,1,1,'2015-08-14 07:33:22',NULL,40),
 ('58EB7EA1','Karen','C','Stalker',1,5,1,'2015-07-28 08:48:14',NULL,41),
 ('618072EA','Earl','M','Perales',0,1,1,'2015-08-17 08:57:14',NULL,42),
 ('639D4185','Lee','E','Gaines',1,1,1,'2015-10-04 17:45:56',NULL,43),
 ('67637925','Amy','B','Brenner',1,7,1,'2017-02-02 08:23:22',NULL,44),
 ('690538BA','Bonita','G','Snow',0,4,1,'2015-10-09 14:43:59',NULL,45),
 ('6AA1785E','Gloria','L','Ellis',0,1,1,'2015-09-22 16:30:31',NULL,46),
 ('6C0D1549','Ronald','W','Franklin',0,1,1,'2015-09-22 16:29:36',NULL,47),
 ('6CA0FF4A','Elaine','J','Pierce',0,1,1,'2015-09-11 09:29:22',NULL,48),
 ('73591F00','Christine','M','Gauna',0,8,1,'2015-09-22 16:31:24',NULL,49),
 ('76118CDC','Fay','H','Kaiser',1,5,1,'2015-11-02 15:46:22',NULL,50),
 ('76B87761','Diana','T','Rohrbach',0,5,1,'2015-10-11 09:25:41',NULL,51),
 ('76E920D9','Dorothy','G','Lambert',1,1,2,'2017-01-07 15:23:50',NULL,52),
 ('7CB9642F','Scotty','L','Treat',0,4,1,'2015-09-22 16:28:54',NULL,53),
 ('8001201A','Michael','E','Stevens',0,7,1,'2015-10-11 09:45:50',NULL,54),
 ('82A8539F','Rosalee','T','Patterson',0,1,1,'2015-09-18 10:30:53',NULL,55),
 ('860CBBEE','Willie','J','Simmons',0,5,1,'2015-08-17 08:56:09',NULL,56),
 ('8709982E','Judy','E','Dent',1,1,1,'2016-06-27 14:45:50',NULL,57),
 ('87176FD7','Alvina','P','Cordero',1,4,1,'2016-01-31 09:53:52',NULL,58),
 ('88D12DCC','Laura','A','Begaye',0,4,1,'2015-09-22 16:31:11',NULL,59),
 ('8A90B9A3','Thomas','S','Kawamoto',0,1,1,'2015-08-28 08:50:07',NULL,60),
 ('8C0644BA','Debra','T','Jones',1,5,1,'2016-02-06 14:23:14',NULL,61),
 ('8C4CE4AC','Kathryn','R','Rhoades',1,8,1,'2015-12-18 15:21:01',NULL,62),
 ('8D6362AD','Patricia','W','McGruder',0,5,1,'2016-03-19 09:04:47',NULL,63),
 ('8D9E5710','Ali','J','Melia',1,1,1,'2016-05-07 15:16:32',NULL,64),
 ('8DB842EF','Veronica','C','Arney',0,1,1,'2015-08-22 07:31:08',NULL,65),
 ('8E5F0240','Basil','P','Thomas',1,4,1,'2016-08-01 08:25:53',NULL,66),
 ('9186E711','Cruz','C','Adams',0,2,1,'2016-01-17 07:43:22',NULL,67),
 ('922370AA','Anna','V','Price',1,4,1,'2015-12-13 07:10:59',NULL,68),
 ('93313988','Steven','M','Taylor',0,5,1,'2015-09-11 09:29:42',NULL,69),
 ('935B799E','Chad','A','Fisher',1,9,1,'2015-10-11 09:46:05',NULL,70),
 ('95497F63','Charles','E','Andrews',1,5,1,'2015-12-18 15:23:02',NULL,71),
 ('9973DBF1','Alison','M','Miller',0,5,1,'2015-08-22 07:24:57',NULL,72),
 ('99F0C0FA','Ernest','A','Kite',1,1,1,'2017-02-28 13:02:05',NULL,73),
 ('9BD0258A','Edith','M','Hearn',0,5,1,'2015-11-15 10:09:21',NULL,74),
 ('9BFCB537','James','M','Lilly',1,8,1,'2015-09-29 07:08:43',NULL,75),
 ('9D527CFB','Jarvis','B','Rodriquez',0,8,1,'2015-09-22 16:29:23',NULL,76),
 ('9E0476B5','Sarah','R','Rivers',0,5,1,'2016-02-19 07:18:33',NULL,77),
 ('9E06A774','Amanda','J','Foster',0,4,1,'2015-09-01 10:09:22',NULL,78),
 ('A5F194EB','Maria','J','Ybarra',1,4,1,'2016-01-24 15:19:03',NULL,79),
 ('AB8204A4','Georgine','R','Snively',1,4,1,'2017-01-28 14:29:18',NULL,80),
 ('AC239E44','Peter','H','Cusson',0,10,1,'2016-01-04 11:49:28',NULL,81),
 ('ADD650A8','Jennifer','T','Taylor',1,6,1,'2016-02-13 07:17:31',NULL,82),
 ('B09A75D7','Fredrick','C','Lawrence',0,2,1,'2016-11-23 12:45:20',NULL,83),
 ('B4BBABEC','Brian','L','Lawless',1,8,1,'2015-11-04 11:15:07',NULL,84),
 ('B5A117E9','Mary','C','Sullivan',1,1,1,'2016-01-03 13:01:06',NULL,85),
 ('B6902696','Nadine','P','Wright',0,8,1,'2015-10-09 14:43:01',NULL,86),
 ('B7A6171D','Elisa','G','Taylor',0,8,1,'2015-09-22 16:30:56',NULL,87),
 ('BAD139D6','Sandra','R','Sutherland',0,1,1,'2015-09-01 10:08:19',NULL,88),
 ('BD9BB983','Tamara','G','Dahl',0,1,1,'2015-11-28 07:09:21',NULL,89),
 ('BE51FA92','Andrea','D','Harris',1,1,1,'2015-11-08 15:47:41',NULL,90),
 ('BEAFDB2F','Joy','R','Clark',1,5,1,'2015-10-04 17:45:21',NULL,91),
 ('C0063C4C','Kenneth','M','Cain',0,1,1,'2015-09-01 10:08:59',NULL,92),
 ('C1E4758D','Rodney','J','Leist',0,3,1,'2015-10-09 14:43:14',NULL,93),
 ('C278A564','Rose','R','Hill',0,1,1,'2016-01-08 08:50:28',NULL,94),
 ('C457EFF7','Patricia','T','Dam',0,5,1,'2015-08-28 07:18:54',NULL,95),
 ('C47A78C1','Norman','R','King',0,4,1,'2015-10-11 09:24:00',NULL,96),
 ('C4F37EFF','Travis','C','Welch',1,6,1,'2016-02-14 12:48:04',NULL,97),
 ('C6C1C0F2','Freda','C','Dickman',0,1,1,'2015-09-22 16:29:08',NULL,98),
 ('C8E646D8','Thomas','L','Merrick',0,1,1,'2015-10-11 09:24:12',NULL,99),
 ('CB99D1E8','Bobbie','J','Speier',1,5,1,'2016-01-15 14:21:59',NULL,100),
 ('CBDE17A7','Nichole','J','Fox',1,4,1,'2016-02-21 16:36:33',NULL,101),
 ('CEA28723','Lillian','A','Claude',1,1,1,'2016-09-04 10:36:48',NULL,102),
 ('CEBCC740','Salvador','F','Ryan',1,8,1,'2015-09-18 10:30:32',NULL,103),
 ('CEC9A3DA','Dustin','L','Hein',1,4,1,'2016-11-27 07:37:09',NULL,104),
 ('CEDB6920','Mildred','K','Mills',1,6,1,'2016-10-22 15:12:26',NULL,105),
 ('CF1D8750','Sarah','R','Dearman',0,5,1,'2015-11-02 15:45:07',NULL,106),
 ('CF697DE6','Brad','M','Hickmon',0,4,1,'2015-08-28 09:24:08',NULL,107),
 ('D1D2C387','Sherri','S','Omara',1,5,1,'2015-12-06 17:42:01',NULL,108),
 ('D2C39273','Ernest','E','Buck',1,4,1,'2015-08-21 14:49:51',NULL,109),
 ('D2CC71D4','Matthew','J','Lawson',1,1,1,'2015-12-05 07:31:16',NULL,110),
 ('D4A2072B','Misty','F','Ellis',0,4,1,'2015-10-11 09:25:00',NULL,111),
 ('D4F37E6F','Raymond','V','Sanchez',0,5,1,'2015-10-16 14:11:08',NULL,112),
 ('D928AFBA','James','E','Ali',0,1,1,'2015-08-14 07:33:05',NULL,113),
 ('DD6E2C0C','Jeffery','B','Rhodes',1,4,1,'2015-11-15 10:46:29',NULL,114),
 ('DF19620C','Genoveva','G','Forte',1,4,1,'2015-11-02 15:46:07',NULL,115),
 ('DFD9BB5C','Phillip','M','Gallegos',0,5,1,'2015-09-18 10:29:53',NULL,116),
 ('DFDFE648','James','R','Jinks',1,1,1,'2015-07-28 08:49:46',NULL,117),
 ('DFE4EB13','Jose','S','Black',1,2,1,'2016-07-26 10:08:31',NULL,118),
 ('E06BE060','Mary','A','Dixon',1,5,1,'2016-06-04 10:38:12',NULL,119),
 ('E215F3DB','Ann','T','Wright',0,2,1,'2015-09-22 16:29:48',NULL,120),
 ('E216D413','Mitchell','C','Jones',1,8,1,'2015-09-29 07:08:14',NULL,121),
 ('E6386C7C','Kelly','K','Teel',0,1,1,'2015-10-09 14:43:26',NULL,122),
 ('E70AD3D2','Betty','L','Decker',0,5,1,'2015-12-19 09:41:49',NULL,123),
 ('E77BFAEA','Micheal','S','Weedman',0,10,1,'2015-08-22 07:31:45',NULL,124),
 ('E880B82A','Tyson','E','Williams',1,8,1,'2015-12-05 07:30:57',NULL,125),
 ('E8A58074','Maria','C','Brown',1,5,1,'2016-02-14 12:47:32',NULL,126),
 ('EC531DE6','Nancy','L','Elliott',0,8,1,'2015-09-22 16:30:16',NULL,127),
 ('F1EE0555','Dorothy','A','Montgomery',1,5,1,'2017-02-04 12:09:17',NULL,128),
 ('FCE87D9F','Janice','W','Tucker',1,5,1,'2016-05-14 08:41:05',NULL,129),
 ('FF591F68','Robert','K','Miller',1,8,1,'2015-07-28 09:00:09',NULL,130);
/*!40000 ALTER TABLE `employee` ENABLE KEYS */;


--
-- Definition of table `employeetype`
--

DROP TABLE IF EXISTS `employeetype`;
CREATE TABLE `employeetype` (
  `id` tinyint(3) unsigned NOT NULL,
  `description` varchar(255) DEFAULT NULL,
  PRIMARY KEY (`id`) USING BTREE
) ENGINE=InnoDB DEFAULT CHARSET=latin1;

--
-- Dumping data for table `employeetype`
--

/*!40000 ALTER TABLE `employeetype` DISABLE KEYS */;
INSERT INTO `employeetype` (`id`,`description`) VALUES 
 (0,'Temporary Employee'),
 (1,'Full-Time Employee');
/*!40000 ALTER TABLE `employeetype` ENABLE KEYS */;


--
-- Definition of table `punch`
--

DROP TABLE IF EXISTS `punch`;
CREATE TABLE `punch` (
  `id` int(10) unsigned NOT NULL AUTO_INCREMENT,
  `terminalid` tinyint(3) unsigned DEFAULT NULL,
  `badgeid` char(8) DEFAULT NULL,
  `originaltimestamp` timestamp NOT NULL DEFAULT CURRENT_TIMESTAMP,
  `punchtypeid` tinyint(3) unsigned DEFAULT NULL,
  PRIMARY KEY (`id`) USING BTREE,
  KEY `FK_punch_1` (`badgeid`) USING BTREE,
  KEY `FK_punch_3` (`terminalid`) USING BTREE,
  KEY `FK_punch_2` (`punchtypeid`) USING BTREE,
  CONSTRAINT `FK_punch_1` FOREIGN KEY (`badgeid`) REFERENCES `badge` (`id`),
  CONSTRAINT `FK_punch_2` FOREIGN KEY (`punchtypeid`) REFERENCES `punchtype` (`id`),
  CONSTRAINT `FK_punch_3` FOREIGN KEY (`terminalid`) REFERENCES `terminal` (`id`)
) ENGINE=InnoDB AUTO_INCREMENT=6894 DEFAULT CHARSET=latin1;

--
-- Dumping data for table `punch`
--

/*!40000 ALTER TABLE `punch` DISABLE KEYS */;
INSERT INTO `punch` (`id`,`terminalid`,`badgeid`,`originaltimestamp`,`punchtypeid`) VALUES 
 (147,105,'4E6E296E','2018-08-01 05:49:24',1),
 (148,103,'76E920D9','2018-08-01 06:36:16',1),
 (149,101,'E77BFAEA','2018-08-01 06:43:17',1),
 (150,104,'28DC3FB8','2018-08-01 06:47:52',1),
 (151,103,'BE51FA92','2018-08-01 06:48:20',1),
 (152,106,'29C03912','2018-08-01 06:48:33',1),
 (153,103,'0B8C3085','2018-08-01 06:48:33',1),
 (154,105,'F1EE0555','2018-08-01 06:48:50',1),
 (155,105,'BEAFDB2F','2018-08-01 06:49:17',1),
 (156,103,'4C459F1E','2018-08-01 06:49:32',1),
 (157,107,'DFE4EB13','2018-08-01 06:50:32',1),
 (158,103,'99F0C0FA','2018-08-01 06:50:57',1),
 (159,103,'D2CC71D4','2018-08-01 06:51:33',1),
 (160,103,'DFDFE648','2018-08-01 06:52:11',1),
 (161,105,'398B1563','2018-08-01 06:52:28',1),
 (162,103,'CEA28723','2018-08-01 06:53:24',1),
 (163,105,'E06BE060','2018-08-01 06:54:11',1),
 (164,105,'E8A58074','2018-08-01 06:54:37',1),
 (165,105,'3DA8B226','2018-08-01 06:55:01',1),
 (166,105,'58EB7EA1','2018-08-01 06:55:31',1),
 (167,107,'B6902696','2018-08-01 06:56:07',1),
 (169,105,'8C0644BA','2018-08-01 06:56:17',1),
 (170,107,'CEBCC740','2018-08-01 06:56:18',1),
 (171,104,'CEC9A3DA','2018-08-01 06:56:23',0),
 (172,107,'FF591F68','2018-08-01 06:56:29',1),
 (173,104,'CEC9A3DA','2018-08-01 06:56:33',1),
 (174,103,'55BAF4B1','2018-08-01 06:56:40',1),
 (175,103,'3C03B8D7','2018-08-01 06:57:06',1),
 (176,104,'CF697DE6','2018-08-01 06:57:25',1),
 (177,105,'D1D2C387','2018-08-01 06:57:28',1),
 (178,101,'935B799E','2018-08-01 06:57:43',1),
 (179,104,'2A972897','2018-08-01 06:57:43',1),
 (180,102,'8C4CE4AC','2018-08-01 06:57:47',1),
 (181,104,'2A7F5D99','2018-08-01 06:57:54',1),
 (182,107,'E880B82A','2018-08-01 06:57:55',1),
 (183,101,'67637925','2018-08-01 06:58:40',1),
 (184,104,'7CB9642F','2018-08-01 06:58:56',1),
 (185,103,'B5A117E9','2018-08-01 06:58:58',1),
 (186,101,'07901755','2018-08-01 06:59:00',1),
 (187,104,'DD6E2C0C','2018-08-01 06:59:09',0),
 (188,104,'DD6E2C0C','2018-08-01 06:59:19',1),
 (189,103,'ADD650A8','2018-08-01 06:59:33',1),
 (190,104,'D2C39273','2018-08-01 06:59:38',1),
 (191,105,'95497F63','2018-08-01 06:59:38',1),
 (192,101,'B09A75D7','2018-08-01 06:59:47',1),
 (193,104,'2986FF85','2018-08-01 06:59:49',1),
 (194,101,'229324A4','2018-08-01 06:59:55',1),
 (195,103,'8D9E5710','2018-08-01 06:59:57',1),
 (196,104,'AB8204A4','2018-08-01 07:00:06',1),
 (197,105,'08D745A6','2018-08-01 07:00:28',1),
 (198,104,'922370AA','2018-08-01 07:00:35',1),
 (199,105,'CB99D1E8','2018-08-01 07:00:36',1),
 (200,105,'76118CDC','2018-08-01 07:00:58',1),
 (201,105,'4DAC9951','2018-08-01 07:16:03',1),
 (203,107,'CEBCC740','2018-08-01 12:02:25',0),
 (204,104,'922370AA','2018-08-01 12:02:47',0),
 (205,105,'D1D2C387','2018-08-01 12:07:25',0),
 (206,102,'8C4CE4AC','2018-08-01 12:10:16',0),
 (207,104,'922370AA','2018-08-01 12:27:17',1),
 (208,101,'935B799E','2018-08-01 13:31:34',0),
 (209,105,'95497F63','2018-08-01 15:31:35',0),
 (210,105,'E06BE060','2018-08-01 15:31:44',0),
 (211,104,'922370AA','2018-08-01 15:31:46',0),
 (212,101,'B09A75D7','2018-08-01 15:31:49',0),
 (213,107,'B6902696','2018-08-01 15:31:51',0),
 (214,101,'229324A4','2018-08-01 15:31:59',0),
 (215,104,'2A7F5D99','2018-08-01 15:32:14',0),
 (216,104,'2A972897','2018-08-01 15:32:25',0),
 (217,104,'CEC9A3DA','2018-08-01 15:32:33',0),
 (218,107,'E880B82A','2018-08-01 15:32:34',0),
 (219,104,'28DC3FB8','2018-08-01 15:32:40',0),
 (220,103,'BE51FA92','2018-08-01 15:32:41',0),
 (221,105,'4DAC9951','2018-08-01 15:32:45',0),
 (222,103,'3C03B8D7','2018-08-01 15:32:52',0),
 (223,103,'55BAF4B1','2018-08-01 15:33:03',0),
 (224,105,'08D745A6','2018-08-01 15:33:09',0),
 (225,105,'F1EE0555','2018-08-01 15:33:17',0),
 (226,104,'DD6E2C0C','2018-08-01 15:33:17',0),
 (227,101,'07901755','2018-08-01 15:33:25',0),
 (228,105,'BEAFDB2F','2018-08-01 15:33:34',0),
 (229,105,'8C0644BA','2018-08-01 15:33:49',0),
 (230,104,'2986FF85','2018-08-01 15:33:51',0),
 (231,101,'0FFA272B','2018-08-01 15:33:55',0),
 (232,105,'398B1563','2018-08-01 15:33:59',0),
 (233,104,'CF697DE6','2018-08-01 15:34:07',0),
 (234,105,'CB99D1E8','2018-08-01 15:34:20',0),
 (235,105,'76118CDC','2018-08-01 15:34:49',0),
 (236,107,'FF591F68','2018-08-01 15:37:54',0),
 (237,105,'4E6E296E','2018-08-01 15:38:32',0),
 (238,104,'7CB9642F','2018-08-01 15:47:22',0),
 (239,101,'E77BFAEA','2018-08-01 15:54:41',0),
 (240,103,'4C459F1E','2018-08-01 16:31:32',0),
 (241,103,'D2CC71D4','2018-08-01 16:31:54',0),
 (242,103,'0B8C3085','2018-08-01 16:32:00',0),
 (243,103,'99F0C0FA','2018-08-01 16:32:08',0),
 (244,104,'AB8204A4','2018-08-01 16:32:09',0),
 (245,105,'E8A58074','2018-08-01 16:32:30',0),
 (246,103,'ADD650A8','2018-08-01 16:32:33',0),
 (247,103,'8D9E5710','2018-08-01 16:33:08',0),
 (248,103,'76E920D9','2018-08-01 16:33:14',0),
 (249,103,'CEA28723','2018-08-01 16:33:22',0),
 (250,103,'DFDFE648','2018-08-01 16:33:48',0),
 (251,103,'B5A117E9','2018-08-01 16:33:59',0),
 (252,106,'29C03912','2018-08-01 16:34:01',0),
 (253,105,'3DA8B226','2018-08-01 16:35:29',0),
 (255,104,'D2C39273','2018-08-01 16:37:38',0),
 (258,0,'0886BF12','2018-08-02 06:06:38',2),
 (259,0,'DFE4EB13','2018-08-02 06:06:38',2),
 (260,0,'9973DBF1','2018-08-02 06:06:38',2),
 (262,0,'58EB7EA1','2018-08-02 06:06:38',2),
 (264,101,'E77BFAEA','2018-08-02 06:26:58',1),
 (266,103,'D2CC71D4','2018-08-02 06:46:54',1),
 (267,103,'4C459F1E','2018-08-02 06:49:14',1),
 (268,104,'28DC3FB8','2018-08-02 06:49:26',1),
 (269,105,'BEAFDB2F','2018-08-02 06:49:46',1),
 (270,105,'4E04B5FE','2018-08-02 06:50:32',1),
 (271,105,'58EB7EA1','2018-08-02 06:51:15',1),
 (272,102,'8C4CE4AC','2018-08-02 06:51:34',1),
 (273,103,'DFDFE648','2018-08-02 06:51:49',1),
 (274,103,'CEA28723','2018-08-02 06:51:57',1),
 (275,107,'DFE4EB13','2018-08-02 06:52:19',1),
 (276,103,'99F0C0FA','2018-08-02 06:52:42',1),
 (277,105,'FCE87D9F','2018-08-02 06:52:45',1),
 (278,103,'0B8C3085','2018-08-02 06:53:23',1),
 (279,105,'D1D2C387','2018-08-02 06:54:00',1),
 (280,105,'F1EE0555','2018-08-02 06:55:20',1),
 (281,106,'29C03912','2018-08-02 06:55:38',1),
 (282,101,'0FFA272B','2018-08-02 06:56:37',1),
 (283,103,'B5A117E9','2018-08-02 06:56:56',1),
 (284,107,'B6902696','2018-08-02 06:57:09',1),
 (285,107,'CEBCC740','2018-08-02 06:57:18',1),
 (287,101,'67637925','2018-08-02 06:57:27',1),
 (288,104,'CF697DE6','2018-08-02 06:57:38',1),
 (289,105,'9973DBF1','2018-08-02 06:57:39',1),
 (290,101,'935B799E','2018-08-02 06:57:41',1),
 (291,107,'FF591F68','2018-08-02 06:57:43',1),
 (292,104,'CEC9A3DA','2018-08-02 06:57:46',1),
 (293,105,'E06BE060','2018-08-02 06:57:54',1),
 (294,104,'9E06A774','2018-08-02 06:57:57',1),
 (295,105,'08D745A6','2018-08-02 06:58:06',1),
 (296,105,'E8A58074','2018-08-02 06:58:16',1),
 (297,105,'95497F63','2018-08-02 06:58:34',1),
 (298,101,'B09A75D7','2018-08-02 06:58:34',1),
 (299,105,'CB99D1E8','2018-08-02 06:58:42',1),
 (300,104,'AB8204A4','2018-08-02 06:58:43',1),
 (301,101,'229324A4','2018-08-02 06:58:51',1),
 (302,105,'8C0644BA','2018-08-02 06:58:51',1),
 (303,105,'3DA8B226','2018-08-02 06:59:00',1),
 (304,104,'2A7F5D99','2018-08-02 06:59:16',1),
 (305,103,'8D9E5710','2018-08-02 06:59:26',1),
 (306,104,'DD6E2C0C','2018-08-02 06:59:27',1),
 (307,105,'76118CDC','2018-08-02 06:59:36',1),
 (308,104,'922370AA','2018-08-02 06:59:44',1),
 (309,103,'55BAF4B1','2018-08-02 06:59:54',1),
 (310,107,'E880B82A','2018-08-02 07:00:03',1),
 (311,103,'3C03B8D7','2018-08-02 07:00:10',1),
 (312,104,'D2C39273','2018-08-02 07:00:27',1),
 (313,105,'398B1563','2018-08-02 07:00:34',1),
 (314,104,'2986FF85','2018-08-02 07:00:45',1),
 (315,103,'76E920D9','2018-08-02 07:01:15',1),
 (316,104,'2A972897','2018-08-02 07:02:45',1),
 (317,102,'4382D92D','2018-08-02 07:33:20',1),
 (318,105,'4DAC9951','2018-08-02 07:35:36',1),
 (319,101,'07901755','2018-08-02 08:23:07',1),
 (320,103,'BE51FA92','2018-08-02 10:32:50',1),
 (321,103,'D928AFBA','2018-08-02 10:58:46',1),
 (322,104,'2986FF85','2018-08-02 11:04:47',0),
 (323,105,'8C0644BA','2018-08-02 13:51:32',0),
 (324,101,'935B799E','2018-08-02 15:31:03',0),
 (325,101,'0FFA272B','2018-08-02 15:31:26',0),
 (326,107,'E880B82A','2018-08-02 15:31:33',0),
 (327,104,'2A972897','2018-08-02 15:31:37',0),
 (328,105,'95497F63','2018-08-02 15:31:39',0),
 (329,101,'229324A4','2018-08-02 15:31:43',0),
 (330,107,'B6902696','2018-08-02 15:31:44',0),
 (331,104,'CEC9A3DA','2018-08-02 15:31:44',0),
 (332,103,'55BAF4B1','2018-08-02 15:31:50',0),
 (333,101,'B09A75D7','2018-08-02 15:31:51',0),
 (334,104,'922370AA','2018-08-02 15:31:51',0),
 (335,105,'E06BE060','2018-08-02 15:31:55',0),
 (336,103,'DFDFE648','2018-08-02 15:32:00',0),
 (337,105,'F1EE0555','2018-08-02 15:32:03',0),
 (338,104,'9E06A774','2018-08-02 15:32:04',0),
 (339,105,'FCE87D9F','2018-08-02 15:32:13',0),
 (340,104,'28DC3FB8','2018-08-02 15:32:18',0),
 (341,103,'8D9E5710','2018-08-02 15:32:21',0),
 (342,105,'58EB7EA1','2018-08-02 15:32:24',0),
 (343,103,'B5A117E9','2018-08-02 15:32:29',0),
 (344,105,'CB99D1E8','2018-08-02 15:32:34',0),
 (345,103,'3C03B8D7','2018-08-02 15:32:37',0),
 (346,104,'CF697DE6','2018-08-02 15:32:45',0),
 (347,105,'76118CDC','2018-08-02 15:32:47',0),
 (348,103,'D2CC71D4','2018-08-02 15:32:53',0),
 (349,104,'2A7F5D99','2018-08-02 15:32:59',0),
 (350,105,'398B1563','2018-08-02 15:33:01',0),
 (351,103,'76E920D9','2018-08-02 15:33:03',0),
 (352,103,'4C459F1E','2018-08-02 15:33:10',0),
 (353,103,'0B8C3085','2018-08-02 15:33:17',0),
 (354,103,'CEA28723','2018-08-02 15:33:29',0),
 (355,103,'BE51FA92','2018-08-02 15:33:46',0),
 (356,106,'29C03912','2018-08-02 15:33:46',0),
 (357,105,'3DA8B226','2018-08-02 15:33:53',0),
 (358,105,'BEAFDB2F','2018-08-02 15:34:06',0),
 (359,105,'9973DBF1','2018-08-02 15:34:13',0),
 (360,107,'CEBCC740','2018-08-02 15:34:14',0),
 (361,103,'99F0C0FA','2018-08-02 15:34:19',0),
 (362,105,'4DAC9951','2018-08-02 15:34:21',0),
 (363,103,'D928AFBA','2018-08-02 15:34:49',0),
 (364,105,'D1D2C387','2018-08-02 15:34:51',0),
 (365,105,'4E04B5FE','2018-08-02 15:35:14',0),
 (366,104,'DD6E2C0C','2018-08-02 15:35:16',0),
 (367,104,'AB8204A4','2018-08-02 15:36:05',0),
 (368,104,'D2C39273','2018-08-02 15:36:36',0),
 (370,101,'E77BFAEA','2018-08-02 15:39:05',0),
 (371,101,'07901755','2018-08-02 15:41:45',0),
 (372,107,'FF591F68','2018-08-02 15:45:20',0),
 (373,105,'08D745A6','2018-08-02 15:49:42',0),
 (374,105,'3DA8B226','2018-08-02 15:51:16',1),
 (376,105,'3DA8B226','2018-08-02 16:32:45',0),
 (377,105,'E8A58074','2018-08-02 16:33:34',0),
 (378,102,'4382D92D','2018-08-02 16:42:22',0),
 (379,0,'8C4CE4AC','2018-08-02 23:12:33',2),
 (380,0,'DFE4EB13','2018-08-02 23:12:33',2),
 (381,0,'67637925','2018-08-02 23:12:33',2),
 (382,105,'4E6E296E','2018-08-03 06:18:42',1),
 (383,104,'28DC3FB8','2018-08-03 06:50:19',1),
 (384,105,'BEAFDB2F','2018-08-03 06:50:56',1),
 (385,107,'DFE4EB13','2018-08-03 06:51:36',1),
 (386,103,'0B8C3085','2018-08-03 06:52:05',1),
 (387,105,'E8A58074','2018-08-03 06:52:12',1),
 (388,103,'CEA28723','2018-08-03 06:53:05',1),
 (389,106,'29C03912','2018-08-03 06:53:53',1),
 (390,105,'CB99D1E8','2018-08-03 06:53:57',1),
 (391,103,'4C459F1E','2018-08-03 06:53:59',1),
 (392,104,'CF697DE6','2018-08-03 06:54:20',1),
 (393,103,'DFDFE648','2018-08-03 06:54:20',1),
 (394,105,'F1EE0555','2018-08-03 06:54:36',1),
 (395,103,'D928AFBA','2018-08-03 06:54:50',1),
 (397,105,'9973DBF1','2018-08-03 06:55:32',1),
 (398,105,'58EB7EA1','2018-08-03 06:56:01',1),
 (399,104,'9E06A774','2018-08-03 06:56:04',1),
 (400,105,'398B1563','2018-08-03 06:56:12',1),
 (401,105,'E06BE060','2018-08-03 06:56:23',1),
 (402,107,'B7A6171D','2018-08-03 06:56:32',1),
 (403,105,'3DA8B226','2018-08-03 06:56:32',1),
 (404,107,'CEBCC740','2018-08-03 06:56:41',1),
 (405,103,'99F0C0FA','2018-08-03 06:56:44',1),
 (406,103,'55BAF4B1','2018-08-03 06:56:50',1),
 (407,107,'B6902696','2018-08-03 06:56:53',1),
 (408,105,'8C0644BA','2018-08-03 06:56:54',1),
 (409,103,'3C03B8D7','2018-08-03 06:56:59',1),
 (410,104,'7CB9642F','2018-08-03 06:57:03',1),
 (411,103,'B5A117E9','2018-08-03 06:57:08',1),
 (412,104,'AB8204A4','2018-08-03 06:57:12',1),
 (413,103,'8D9E5710','2018-08-03 06:57:27',1),
 (414,107,'FF591F68','2018-08-03 06:57:31',1),
 (415,101,'229324A4','2018-08-03 06:57:43',1),
 (416,101,'B09A75D7','2018-08-03 06:58:09',1),
 (417,107,'E880B82A','2018-08-03 06:58:10',1),
 (418,101,'935B799E','2018-08-03 06:58:18',1),
 (419,104,'2A7F5D99','2018-08-03 06:58:20',1),
 (420,105,'08D745A6','2018-08-03 06:58:30',1),
 (421,101,'07901755','2018-08-03 06:58:33',1),
 (422,103,'D2CC71D4','2018-08-03 06:59:03',1),
 (423,104,'2A972897','2018-08-03 06:59:04',1),
 (424,105,'D1D2C387','2018-08-03 06:59:10',1),
 (425,105,'76118CDC','2018-08-03 06:59:18',1),
 (426,104,'2986FF85','2018-08-03 06:59:25',1),
 (427,101,'0FFA272B','2018-08-03 06:59:52',1),
 (428,102,'4382D92D','2018-08-03 06:59:56',1),
 (429,105,'95497F63','2018-08-03 07:00:00',1),
 (430,105,'FCE87D9F','2018-08-03 07:00:10',1),
 (431,103,'BE51FA92','2018-08-03 07:00:31',1),
 (432,104,'922370AA','2018-08-03 07:00:47',1),
 (433,101,'E77BFAEA','2018-08-03 07:04:41',1),
 (434,105,'4DAC9951','2018-08-03 07:35:09',1),
 (436,103,'76E920D9','2018-08-03 09:42:50',1),
 (437,105,'76118CDC','2018-08-03 11:36:17',0),
 (438,105,'4DAC9951','2018-08-03 13:01:59',0),
 (439,105,'FCE87D9F','2018-08-03 14:26:43',0),
 (440,107,'B6902696','2018-08-03 14:31:33',0),
 (442,101,'935B799E','2018-08-03 15:30:13',0),
 (443,101,'B09A75D7','2018-08-03 15:30:21',0),
 (444,101,'229324A4','2018-08-03 15:30:32',0),
 (445,101,'07901755','2018-08-03 15:30:53',0),
 (446,104,'9E06A774','2018-08-03 15:31:07',0),
 (447,107,'B7A6171D','2018-08-03 15:31:26',0),
 (448,106,'29C03912','2018-08-03 15:31:26',0),
 (449,104,'2A972897','2018-08-03 15:31:28',0),
 (450,107,'E880B82A','2018-08-03 15:31:33',0),
 (451,103,'0B8C3085','2018-08-03 15:31:34',0),
 (452,101,'0FFA272B','2018-08-03 15:31:40',0),
 (453,103,'B5A117E9','2018-08-03 15:31:40',0),
 (454,105,'58EB7EA1','2018-08-03 15:31:42',0),
 (455,104,'CF697DE6','2018-08-03 15:31:43',0),
 (456,104,'2986FF85','2018-08-03 15:31:48',0),
 (457,105,'95497F63','2018-08-03 15:31:49',0),
 (458,103,'D2CC71D4','2018-08-03 15:31:54',0),
 (459,104,'922370AA','2018-08-03 15:31:57',0),
 (460,105,'F1EE0555','2018-08-03 15:32:01',0),
 (461,103,'3C03B8D7','2018-08-03 15:32:01',0),
 (462,104,'7CB9642F','2018-08-03 15:32:04',0),
 (463,104,'2A7F5D99','2018-08-03 15:32:11',0),
 (464,103,'CEA28723','2018-08-03 15:32:12',0),
 (465,104,'28DC3FB8','2018-08-03 15:32:21',0),
 (466,105,'08D745A6','2018-08-03 15:32:23',0),
 (467,103,'DFDFE648','2018-08-03 15:32:26',0),
 (468,105,'9973DBF1','2018-08-03 15:32:31',0),
 (469,104,'AB8204A4','2018-08-03 15:32:34',0),
 (470,103,'99F0C0FA','2018-08-03 15:32:36',0),
 (471,103,'D928AFBA','2018-08-03 15:32:42',0),
 (472,105,'BEAFDB2F','2018-08-03 15:32:49',0),
 (473,103,'8D9E5710','2018-08-03 15:32:50',0),
 (474,107,'CEBCC740','2018-08-03 15:32:51',0),
 (475,101,'E77BFAEA','2018-08-03 15:32:55',0),
 (476,105,'E06BE060','2018-08-03 15:32:56',0),
 (477,105,'3DA8B226','2018-08-03 15:33:06',0),
 (478,105,'398B1563','2018-08-03 15:33:25',0),
 (479,103,'BE51FA92','2018-08-03 15:33:32',0),
 (480,105,'CB99D1E8','2018-08-03 15:33:32',0),
 (481,103,'55BAF4B1','2018-08-03 15:33:42',0),
 (482,103,'4C459F1E','2018-08-03 15:33:50',0),
 (483,105,'E8A58074','2018-08-03 15:33:53',0),
 (484,105,'D1D2C387','2018-08-03 15:35:28',0),
 (485,107,'FF591F68','2018-08-03 15:41:46',0),
 (486,105,'4E6E296E','2018-08-03 15:41:59',0),
 (487,102,'4382D92D','2018-08-03 16:05:56',0),
 (489,0,'8C0644BA','2018-08-03 23:12:33',2),
 (490,0,'DFE4EB13','2018-08-03 23:12:33',2),
 (491,0,'76E920D9','2018-08-04 02:12:33',2),
 (492,105,'4E6E296E','2018-08-06 06:17:18',1),
 (493,101,'67637925','2018-08-06 06:45:29',1),
 (494,103,'BE51FA92','2018-08-06 06:47:29',1),
 (495,105,'BEAFDB2F','2018-08-06 06:47:33',1),
 (496,103,'0B8C3085','2018-08-06 06:49:18',1),
 (497,104,'28DC3FB8','2018-08-06 06:49:23',1),
 (498,105,'4E04B5FE','2018-08-06 06:49:33',1),
 (499,103,'D928AFBA','2018-08-06 06:49:46',1),
 (500,103,'6CA0FF4A','2018-08-06 06:50:08',1),
 (501,103,'CEA28723','2018-08-06 06:50:15',1),
 (502,105,'58EB7EA1','2018-08-06 06:50:43',1),
 (503,107,'DFE4EB13','2018-08-06 06:51:05',1),
 (504,103,'DFDFE648','2018-08-06 06:51:55',1),
 (505,103,'4C459F1E','2018-08-06 06:52:10',1),
 (506,105,'FCE87D9F','2018-08-06 06:53:19',1),
 (507,104,'9E06A774','2018-08-06 06:54:06',1),
 (508,105,'F1EE0555','2018-08-06 06:54:17',1),
 (509,101,'0FFA272B','2018-08-06 06:54:19',1),
 (510,101,'E77BFAEA','2018-08-06 06:54:37',1),
 (511,107,'B7A6171D','2018-08-06 06:54:37',1),
 (513,107,'B6902696','2018-08-06 06:56:44',1),
 (514,105,'E8A58074','2018-08-06 06:56:46',1),
 (515,104,'CF697DE6','2018-08-06 06:56:48',1),
 (516,105,'E06BE060','2018-08-06 06:56:57',1),
 (517,107,'FF591F68','2018-08-06 06:57:16',1),
 (518,105,'3DA8B226','2018-08-06 06:57:17',1),
 (519,101,'229324A4','2018-08-06 06:57:19',1),
 (520,101,'B09A75D7','2018-08-06 06:57:29',1),
 (521,101,'935B799E','2018-08-06 06:57:40',1),
 (522,105,'8C0644BA','2018-08-06 06:57:55',1),
 (523,104,'2A7F5D99','2018-08-06 06:58:09',1),
 (524,104,'AB8204A4','2018-08-06 06:58:19',1),
 (525,104,'7CB9642F','2018-08-06 06:58:26',1),
 (526,101,'07901755','2018-08-06 06:58:34',1),
 (527,103,'D2CC71D4','2018-08-06 06:58:35',1),
 (528,105,'D1D2C387','2018-08-06 06:58:56',1),
 (529,105,'95497F63','2018-08-06 06:59:13',1),
 (530,103,'99F0C0FA','2018-08-06 06:59:18',1),
 (531,104,'DD6E2C0C','2018-08-06 06:59:20',1),
 (532,105,'08D745A6','2018-08-06 06:59:21',1),
 (533,107,'E880B82A','2018-08-06 06:59:36',1),
 (534,102,'4382D92D','2018-08-06 07:00:05',1),
 (535,103,'B5A117E9','2018-08-06 07:00:54',1),
 (536,105,'CB99D1E8','2018-08-06 07:01:43',1),
 (537,103,'8D9E5710','2018-08-06 07:02:09',1),
 (538,104,'2986FF85','2018-08-06 07:02:15',1),
 (539,105,'76118CDC','2018-08-06 07:02:19',1),
 (541,104,'D2C39273','2018-08-06 07:58:31',1),
 (543,101,'E77BFAEA','2018-08-06 08:46:14',0),
 (545,104,'2986FF85','2018-08-06 10:47:39',0),
 (546,102,'4382D92D','2018-08-06 11:24:48',0),
 (547,102,'4382D92D','2018-08-06 11:58:46',1),
 (548,104,'28DC3FB8','2018-08-06 12:02:10',0),
 (549,103,'99F0C0FA','2018-08-06 12:02:17',0),
 (550,104,'28DC3FB8','2018-08-06 12:25:34',1),
 (551,103,'99F0C0FA','2018-08-06 12:28:24',1),
 (552,105,'D1D2C387','2018-08-06 14:32:46',0),
 (553,101,'67637925','2018-08-06 15:31:35',0),
 (554,107,'E880B82A','2018-08-06 15:31:43',0),
 (555,101,'935B799E','2018-08-06 15:31:44',0),
 (556,104,'9E06A774','2018-08-06 15:31:52',0),
 (557,101,'229324A4','2018-08-06 15:31:53',0),
 (558,103,'D2CC71D4','2018-08-06 15:31:55',0),
 (559,105,'4E04B5FE','2018-08-06 15:31:56',0),
 (560,104,'DD6E2C0C','2018-08-06 15:32:01',0),
 (561,105,'95497F63','2018-08-06 15:32:05',0),
 (562,104,'7CB9642F','2018-08-06 15:32:07',0),
 (563,101,'B09A75D7','2018-08-06 15:32:12',0),
 (564,104,'AB8204A4','2018-08-06 15:32:16',0),
 (565,105,'F1EE0555','2018-08-06 15:32:18',0),
 (566,101,'07901755','2018-08-06 15:32:23',0),
 (567,104,'28DC3FB8','2018-08-06 15:32:25',0),
 (568,105,'E06BE060','2018-08-06 15:32:27',0),
 (569,104,'CF697DE6','2018-08-06 15:32:32',0),
 (571,105,'8C0644BA','2018-08-06 15:32:48',0),
 (572,107,'B7A6171D','2018-08-06 15:32:55',0),
 (573,103,'BE51FA92','2018-08-06 15:32:55',0),
 (574,101,'0FFA272B','2018-08-06 15:33:01',0),
 (575,105,'76118CDC','2018-08-06 15:33:09',0),
 (576,105,'3DA8B226','2018-08-06 15:33:16',0),
 (577,105,'BEAFDB2F','2018-08-06 15:33:39',0),
 (578,107,'B6902696','2018-08-06 15:33:45',0),
 (579,105,'E8A58074','2018-08-06 15:33:58',0),
 (580,105,'CB99D1E8','2018-08-06 15:34:16',0),
 (581,105,'58EB7EA1','2018-08-06 15:34:25',0),
 (582,105,'08D745A6','2018-08-06 15:35:14',0),
 (583,105,'4E6E296E','2018-08-06 15:41:45',0),
 (584,102,'4382D92D','2018-08-06 16:16:16',0),
 (586,103,'0B8C3085','2018-08-06 16:31:57',0),
 (587,105,'FCE87D9F','2018-08-06 16:31:59',0),
 (588,103,'B5A117E9','2018-08-06 16:32:08',0),
 (589,103,'4C459F1E','2018-08-06 16:32:17',0),
 (590,107,'DFE4EB13','2018-08-06 16:32:27',0),
 (591,103,'D928AFBA','2018-08-06 16:32:28',0),
 (592,103,'CEA28723','2018-08-06 16:32:36',0),
 (593,103,'DFDFE648','2018-08-06 16:32:41',0),
 (594,103,'8D9E5710','2018-08-06 16:32:50',0),
 (595,103,'99F0C0FA','2018-08-06 16:33:52',0),
 (596,107,'FF591F68','2018-08-06 16:38:06',0),
 (597,104,'2A7F5D99','2018-08-06 18:08:04',0),
 (598,104,'D2C39273','2018-08-06 19:04:38',0),
 (599,0,'6CA0FF4A','2018-08-06 23:12:34',2),
 (600,105,'4E6E296E','2018-08-07 06:16:13',1),
 (601,104,'D2C39273','2018-08-07 06:34:52',1),
 (602,104,'28DC3FB8','2018-08-07 06:47:23',1),
 (603,103,'BE51FA92','2018-08-07 06:47:35',1),
 (604,103,'0B8C3085','2018-08-07 06:47:45',1),
 (605,107,'DFE4EB13','2018-08-07 06:47:50',1),
 (606,105,'C457EFF7','2018-08-07 06:48:17',1),
 (607,105,'BEAFDB2F','2018-08-07 06:48:26',1),
 (608,105,'398B1563','2018-08-07 06:48:44',1),
 (609,105,'58EB7EA1','2018-08-07 06:49:06',1),
 (610,103,'CEA28723','2018-08-07 06:49:52',1),
 (611,103,'6CA0FF4A','2018-08-07 06:50:42',1),
 (612,103,'D928AFBA','2018-08-07 06:50:57',1),
 (613,103,'4C459F1E','2018-08-07 06:51:21',1),
 (614,103,'DFDFE648','2018-08-07 06:52:14',1),
 (615,105,'FCE87D9F','2018-08-07 06:52:27',1),
 (616,107,'FF591F68','2018-08-07 06:53:31',1),
 (617,104,'29C03912','2018-08-07 06:53:35',1),
 (618,103,'1D52BFA2','2018-08-07 06:53:57',1),
 (619,105,'F1EE0555','2018-08-07 06:54:42',1),
 (620,103,'B5A117E9','2018-08-07 06:55:15',1),
 (621,103,'8D9E5710','2018-08-07 06:55:27',1),
 (622,105,'3DA8B226','2018-08-07 06:55:29',1),
 (623,105,'4E04B5FE','2018-08-07 06:57:25',1),
 (624,105,'E06BE060','2018-08-07 06:57:33',1),
 (625,101,'0FFA272B','2018-08-07 06:57:33',1),
 (626,101,'935B799E','2018-08-07 06:57:43',1),
 (628,104,'AB8204A4','2018-08-07 06:58:24',1),
 (629,103,'D2CC71D4','2018-08-07 06:58:27',1),
 (630,105,'408B195F','2018-08-07 06:58:30',1),
 (631,104,'CF697DE6','2018-08-07 06:58:31',1),
 (632,101,'67637925','2018-08-07 06:58:35',1),
 (633,104,'9E06A774','2018-08-07 06:58:39',1),
 (634,102,'4382D92D','2018-08-07 06:58:43',1),
 (635,104,'2A7F5D99','2018-08-07 06:58:52',1),
 (636,101,'B09A75D7','2018-08-07 06:58:56',1),
 (637,107,'B7A6171D','2018-08-07 06:58:59',1),
 (638,101,'229324A4','2018-08-07 06:59:04',1),
 (639,107,'CEBCC740','2018-08-07 06:59:20',1),
 (640,104,'7CB9642F','2018-08-07 06:59:25',1),
 (641,107,'B6902696','2018-08-07 06:59:28',1),
 (642,105,'95497F63','2018-08-07 07:00:17',1),
 (643,105,'08D745A6','2018-08-07 07:00:29',1),
 (644,103,'99F0C0FA','2018-08-07 07:00:30',1),
 (645,104,'2986FF85','2018-08-07 07:00:40',1),
 (646,105,'D1D2C387','2018-08-07 07:00:59',1),
 (647,101,'07901755','2018-08-07 07:01:25',1),
 (648,105,'E8A58074','2018-08-07 07:01:27',1),
 (649,105,'76118CDC','2018-08-07 07:01:36',1),
 (650,105,'8C0644BA','2018-08-07 07:01:45',1),
 (651,105,'CB99D1E8','2018-08-07 07:01:56',1),
 (652,104,'922370AA','2018-08-07 07:02:01',1),
 (653,104,'DD6E2C0C','2018-08-07 07:07:08',1),
 (654,105,'4DAC9951','2018-08-07 07:33:56',1),
 (656,104,'28DC3FB8','2018-08-07 12:02:05',0),
 (657,105,'D1D2C387','2018-08-07 12:02:18',0),
 (658,103,'99F0C0FA','2018-08-07 12:02:27',0),
 (659,105,'FCE87D9F','2018-08-07 12:02:28',0),
 (660,105,'4E6E296E','2018-08-07 12:03:47',0),
 (661,104,'28DC3FB8','2018-08-07 12:27:10',1),
 (662,103,'99F0C0FA','2018-08-07 12:28:39',1),
 (663,105,'D1D2C387','2018-08-07 12:50:47',1),
 (664,105,'58EB7EA1','2018-08-07 15:01:18',0),
 (665,105,'BEAFDB2F','2018-08-07 15:01:26',0),
 (666,104,'9E06A774','2018-08-07 15:31:40',0),
 (667,104,'922370AA','2018-08-07 15:31:47',0),
 (668,101,'935B799E','2018-08-07 15:31:47',0),
 (669,104,'2986FF85','2018-08-07 15:31:55',0),
 (670,101,'07901755','2018-08-07 15:32:05',0),
 (671,104,'CF697DE6','2018-08-07 15:32:17',0),
 (672,104,'7CB9642F','2018-08-07 15:32:24',0),
 (673,104,'AB8204A4','2018-08-07 15:32:30',0),
 (674,104,'28DC3FB8','2018-08-07 15:32:38',0),
 (676,104,'DD6E2C0C','2018-08-07 15:32:56',0),
 (677,103,'BE51FA92','2018-08-07 15:32:59',0),
 (678,101,'0FFA272B','2018-08-07 15:33:05',0),
 (679,101,'229324A4','2018-08-07 15:33:20',0),
 (680,103,'6CA0FF4A','2018-08-07 15:33:25',0),
 (681,101,'B09A75D7','2018-08-07 15:33:29',0),
 (682,105,'4DAC9951','2018-08-07 15:40:20',0),
 (684,107,'B7A6171D','2018-08-07 16:31:36',0),
 (685,105,'95497F63','2018-08-07 16:31:41',0),
 (686,107,'B6902696','2018-08-07 16:31:44',0),
 (687,103,'4C459F1E','2018-08-07 16:31:46',0),
 (688,105,'408B195F','2018-08-07 16:31:49',0),
 (689,103,'0B8C3085','2018-08-07 16:31:54',0),
 (690,105,'8C0644BA','2018-08-07 16:32:00',0),
 (691,103,'B5A117E9','2018-08-07 16:32:02',0),
 (692,107,'DFE4EB13','2018-08-07 16:32:04',0),
 (693,104,'2A7F5D99','2018-08-07 16:32:08',0),
 (694,103,'99F0C0FA','2018-08-07 16:32:11',0),
 (695,107,'CEBCC740','2018-08-07 16:32:14',0),
 (696,103,'CEA28723','2018-08-07 16:32:18',0),
 (697,103,'D2CC71D4','2018-08-07 16:32:25',0),
 (698,105,'4E04B5FE','2018-08-07 16:32:29',0),
 (699,104,'29C03912','2018-08-07 16:32:32',0),
 (700,103,'1D52BFA2','2018-08-07 16:32:37',0),
 (701,105,'76118CDC','2018-08-07 16:32:38',0),
 (702,105,'F1EE0555','2018-08-07 16:32:47',0),
 (703,103,'D928AFBA','2018-08-07 16:32:49',0),
 (704,103,'8D9E5710','2018-08-07 16:32:57',0),
 (705,105,'3DA8B226','2018-08-07 16:32:58',0),
 (706,105,'E06BE060','2018-08-07 16:33:07',0),
 (707,105,'E8A58074','2018-08-07 16:33:16',0),
 (708,103,'DFDFE648','2018-08-07 16:33:20',0),
 (709,105,'CB99D1E8','2018-08-07 16:33:25',0),
 (710,105,'C457EFF7','2018-08-07 16:34:25',0),
 (711,104,'D2C39273','2018-08-07 16:34:42',0),
 (712,105,'D1D2C387','2018-08-07 16:36:19',0),
 (713,105,'08D745A6','2018-08-07 16:45:43',0),
 (714,107,'FF591F68','2018-08-07 16:56:36',0),
 (715,0,'398B1563','2018-08-07 23:12:34',2),
 (716,0,'4382D92D','2018-08-07 23:12:34',2),
 (717,0,'67637925','2018-08-07 23:12:34',2),
 (718,105,'4E6E296E','2018-08-08 06:16:19',1),
 (719,101,'67637925','2018-08-08 06:42:37',1),
 (720,105,'9973DBF1','2018-08-08 06:44:00',1),
 (721,103,'BE51FA92','2018-08-08 06:47:22',1),
 (722,107,'DFE4EB13','2018-08-08 06:47:48',1),
 (723,105,'398B1563','2018-08-08 06:47:58',1),
 (724,103,'D2CC71D4','2018-08-08 06:48:15',1),
 (725,105,'C457EFF7','2018-08-08 06:48:47',1),
 (726,103,'DFDFE648','2018-08-08 06:49:13',1),
 (727,105,'3DA8B226','2018-08-08 06:49:14',1),
 (728,104,'28DC3FB8','2018-08-08 06:49:27',1),
 (729,101,'0FFA272B','2018-08-08 06:49:45',1),
 (730,103,'CEA28723','2018-08-08 06:49:57',1),
 (731,105,'58EB7EA1','2018-08-08 06:50:52',1),
 (732,105,'BEAFDB2F','2018-08-08 06:51:06',1),
 (733,103,'76E920D9','2018-08-08 06:51:54',1),
 (734,103,'6CA0FF4A','2018-08-08 06:52:15',1),
 (735,103,'99F0C0FA','2018-08-08 06:52:23',1),
 (736,103,'4C459F1E','2018-08-08 06:52:29',1),
 (737,103,'0B8C3085','2018-08-08 06:52:36',1),
 (738,103,'55BAF4B1','2018-08-08 06:53:22',1),
 (739,105,'F1EE0555','2018-08-08 06:54:30',1),
 (740,104,'29C03912','2018-08-08 06:55:32',1),
 (741,107,'FF591F68','2018-08-08 06:55:45',1),
 (742,105,'E8A58074','2018-08-08 06:56:09',1),
 (743,105,'FCE87D9F','2018-08-08 06:56:22',1),
 (744,104,'CF697DE6','2018-08-08 06:56:28',1),
 (745,105,'4E04B5FE','2018-08-08 06:56:31',1),
 (746,104,'2A972897','2018-08-08 06:56:38',1),
 (747,104,'DD6E2C0C','2018-08-08 06:56:48',1),
 (748,105,'E06BE060','2018-08-08 06:57:15',1),
 (749,104,'7CB9642F','2018-08-08 06:57:18',1),
 (750,102,'4382D92D','2018-08-08 06:57:51',1),
 (751,104,'2A7F5D99','2018-08-08 06:57:54',1),
 (752,104,'AB8204A4','2018-08-08 06:58:10',1),
 (753,104,'D2C39273','2018-08-08 06:58:29',1),
 (754,103,'1D52BFA2','2018-08-08 06:58:38',1),
 (756,107,'B6902696','2018-08-08 06:58:56',1),
 (757,101,'07901755','2018-08-08 06:59:09',1),
 (758,105,'8C0644BA','2018-08-08 06:59:34',1),
 (759,104,'2986FF85','2018-08-08 06:59:36',1),
 (760,107,'CEBCC740','2018-08-08 06:59:37',1),
 (761,105,'95497F63','2018-08-08 06:59:51',1),
 (762,103,'B5A117E9','2018-08-08 06:59:54',1),
 (763,105,'D1D2C387','2018-08-08 06:59:59',1),
 (764,103,'8D9E5710','2018-08-08 07:00:06',1),
 (765,104,'922370AA','2018-08-08 07:00:13',1),
 (766,101,'935B799E','2018-08-08 07:00:16',1),
 (767,105,'08D745A6','2018-08-08 07:00:24',1),
 (768,105,'76118CDC','2018-08-08 07:01:03',1),
 (769,105,'CB99D1E8','2018-08-08 07:01:17',1),
 (770,105,'408B195F','2018-08-08 07:23:04',1),
 (771,105,'4DAC9951','2018-08-08 07:34:57',1),
 (772,103,'8A90B9A3','2018-08-08 07:38:43',1),
 (774,105,'95497F63','2018-08-08 12:01:42',0),
 (775,105,'398B1563','2018-08-08 12:02:39',0),
 (776,104,'28DC3FB8','2018-08-08 12:03:53',0),
 (777,104,'28DC3FB8','2018-08-08 12:23:42',1),
 (778,105,'95497F63','2018-08-08 13:09:48',1),
 (779,101,'67637925','2018-08-08 15:30:05',0),
 (780,101,'935B799E','2018-08-08 15:30:34',0),
 (781,105,'4DAC9951','2018-08-08 15:31:37',0),
 (782,101,'0FFA272B','2018-08-08 15:31:45',0),
 (783,103,'8D9E5710','2018-08-08 15:31:46',0),
 (784,107,'B6902696','2018-08-08 15:31:49',0),
 (785,105,'408B195F','2018-08-08 15:31:51',0),
 (786,104,'2986FF85','2018-08-08 15:31:54',0),
 (787,103,'B5A117E9','2018-08-08 15:31:57',0),
 (788,104,'7CB9642F','2018-08-08 15:31:59',0),
 (789,104,'AB8204A4','2018-08-08 15:32:06',0),
 (790,105,'95497F63','2018-08-08 15:32:09',0),
 (791,105,'E06BE060','2018-08-08 15:32:17',0),
 (792,104,'922370AA','2018-08-08 15:32:18',0),
 (793,104,'CF697DE6','2018-08-08 15:32:24',0),
 (794,105,'58EB7EA1','2018-08-08 15:32:26',0),
 (795,104,'28DC3FB8','2018-08-08 15:32:31',0),
 (796,103,'76E920D9','2018-08-08 15:32:39',0),
 (797,104,'DD6E2C0C','2018-08-08 15:32:45',0),
 (798,105,'76118CDC','2018-08-08 15:32:48',0),
 (799,105,'FCE87D9F','2018-08-08 15:33:19',0),
 (800,103,'BE51FA92','2018-08-08 15:33:37',0),
 (801,105,'4E04B5FE','2018-08-08 15:33:56',0),
 (802,101,'07901755','2018-08-08 15:33:58',0),
 (803,105,'D1D2C387','2018-08-08 15:34:06',0),
 (804,105,'BEAFDB2F','2018-08-08 15:34:13',0),
 (805,105,'C457EFF7','2018-08-08 15:34:47',0),
 (806,105,'08D745A6','2018-08-08 15:35:27',0),
 (807,105,'4E6E296E','2018-08-08 16:02:55',0),
 (809,103,'8A90B9A3','2018-08-08 16:32:12',0),
 (810,103,'1D52BFA2','2018-08-08 16:32:23',0),
 (811,103,'0B8C3085','2018-08-08 16:32:34',0),
 (812,104,'2A7F5D99','2018-08-08 16:32:40',0),
 (813,103,'D2CC71D4','2018-08-08 16:32:40',0),
 (814,105,'F1EE0555','2018-08-08 16:32:41',0),
 (815,103,'CEA28723','2018-08-08 16:32:47',0),
 (816,105,'CB99D1E8','2018-08-08 16:32:59',0),
 (817,104,'29C03912','2018-08-08 16:33:08',0),
 (818,103,'99F0C0FA','2018-08-08 16:33:08',0),
 (819,105,'8C0644BA','2018-08-08 16:33:13',0),
 (820,103,'6CA0FF4A','2018-08-08 16:33:18',0),
 (821,105,'9973DBF1','2018-08-08 16:33:21',0),
 (822,105,'3DA8B226','2018-08-08 16:33:35',0),
 (823,103,'DFDFE648','2018-08-08 16:33:38',0),
 (824,105,'E8A58074','2018-08-08 16:33:44',0),
 (826,103,'4C459F1E','2018-08-08 16:34:04',0),
 (827,104,'D2C39273','2018-08-08 16:37:28',0),
 (828,102,'4382D92D','2018-08-08 16:53:57',0),
 (829,0,'CEBCC740','2018-08-08 23:12:34',2),
 (830,0,'2A972897','2018-08-08 23:12:34',2),
 (831,0,'DFE4EB13','2018-08-08 23:12:34',2),
 (832,0,'55BAF4B1','2018-08-08 23:12:34',2),
 (833,0,'FF591F68','2018-08-08 23:12:34',2),
 (834,105,'4E6E296E','2018-08-09 06:15:10',1),
 (835,103,'BE51FA92','2018-08-09 06:47:24',1),
 (836,105,'C457EFF7','2018-08-09 06:47:44',1),
 (837,101,'0FFA272B','2018-08-09 06:47:47',1),
 (838,105,'58EB7EA1','2018-08-09 06:47:53',1),
 (839,101,'E77BFAEA','2018-08-09 06:47:54',1),
 (840,102,'4382D92D','2018-08-09 06:47:59',1),
 (841,105,'3DA8B226','2018-08-09 06:48:02',1),
 (842,104,'28DC3FB8','2018-08-09 06:48:42',1),
 (843,105,'BEAFDB2F','2018-08-09 06:49:02',1),
 (844,103,'D2CC71D4','2018-08-09 06:50:18',1),
 (845,103,'6CA0FF4A','2018-08-09 06:50:36',1),
 (846,105,'4E04B5FE','2018-08-09 06:50:42',1),
 (847,103,'CEA28723','2018-08-09 06:50:49',1),
 (848,103,'4C459F1E','2018-08-09 06:51:13',1),
 (849,104,'29C03912','2018-08-09 06:51:47',1),
 (850,103,'DFDFE648','2018-08-09 06:52:56',1),
 (851,105,'F1EE0555','2018-08-09 06:53:58',1),
 (852,101,'67637925','2018-08-09 06:54:17',1),
 (853,105,'FCE87D9F','2018-08-09 06:54:46',1),
 (854,104,'CEC9A3DA','2018-08-09 06:55:17',1),
 (855,104,'9E06A774','2018-08-09 06:55:33',1),
 (856,101,'935B799E','2018-08-09 06:55:38',1),
 (857,105,'398B1563','2018-08-09 06:55:38',1),
 (858,103,'99F0C0FA','2018-08-09 06:55:39',1),
 (859,104,'CF697DE6','2018-08-09 06:55:51',1),
 (860,105,'E8A58074','2018-08-09 06:55:52',1),
 (861,105,'E06BE060','2018-08-09 06:57:30',1),
 (862,101,'229324A4','2018-08-09 06:57:53',1),
 (863,104,'AB8204A4','2018-08-09 06:58:34',1),
 (864,104,'2986FF85','2018-08-09 06:58:52',1),
 (866,103,'8D9E5710','2018-08-09 06:59:04',1),
 (867,104,'DD6E2C0C','2018-08-09 06:59:06',1),
 (868,104,'7CB9642F','2018-08-09 06:59:21',1),
 (869,104,'2A7F5D99','2018-08-09 06:59:56',1),
 (870,105,'9973DBF1','2018-08-09 06:59:58',1),
 (871,105,'08D745A6','2018-08-09 07:00:31',1),
 (872,105,'95497F63','2018-08-09 07:00:43',1),
 (873,103,'1D52BFA2','2018-08-09 07:00:46',1),
 (874,101,'229324A4','2018-08-09 07:01:09',0),
 (875,103,'B5A117E9','2018-08-09 07:01:10',1),
 (876,104,'D2C39273','2018-08-09 07:01:20',1),
 (877,103,'0B8C3085','2018-08-09 07:01:22',1),
 (878,105,'408B195F','2018-08-09 07:01:26',1),
 (879,103,'8A90B9A3','2018-08-09 07:01:37',1),
 (880,101,'07901755','2018-08-09 07:02:00',1),
 (881,105,'8C0644BA','2018-08-09 07:02:02',1),
 (882,105,'76118CDC','2018-08-09 07:02:16',1),
 (883,105,'CB99D1E8','2018-08-09 07:02:24',1),
 (884,104,'922370AA','2018-08-09 07:02:47',1),
 (885,105,'D1D2C387','2018-08-09 07:19:10',1),
 (887,105,'4DAC9951','2018-08-09 07:30:15',1),
 (888,103,'618072EA','2018-08-09 07:43:18',1),
 (889,105,'860CBBEE','2018-08-09 08:01:16',1),
 (890,105,'3DA8B226','2018-08-09 09:20:52',0),
 (891,104,'28DC3FB8','2018-08-09 12:02:13',0),
 (892,105,'860CBBEE','2018-08-09 12:02:20',0),
 (893,104,'922370AA','2018-08-09 12:02:52',0),
 (894,104,'28DC3FB8','2018-08-09 12:25:26',1),
 (895,105,'860CBBEE','2018-08-09 12:28:26',1),
 (896,104,'922370AA','2018-08-09 12:29:40',1),
 (897,105,'3DA8B226','2018-08-09 12:36:24',1),
 (900,0,'67637925','2018-08-01 16:00:00',0),
 (901,104,'29C03912','2018-08-09 13:56:42',0),
 (902,105,'860CBBEE','2018-08-09 14:50:14',0),
 (903,101,'67637925','2018-08-09 15:30:45',0),
 (904,101,'935B799E','2018-08-09 15:30:58',0),
 (905,105,'4E04B5FE','2018-08-09 15:31:23',0),
 (906,101,'0FFA272B','2018-08-09 15:31:38',0),
 (907,105,'398B1563','2018-08-09 15:31:39',0),
 (908,104,'9E06A774','2018-08-09 15:31:42',0),
 (909,105,'95497F63','2018-08-09 15:31:48',0),
 (910,104,'2986FF85','2018-08-09 15:31:49',0),
 (911,104,'DD6E2C0C','2018-08-09 15:31:55',0),
 (912,105,'408B195F','2018-08-09 15:31:57',0),
 (913,104,'7CB9642F','2018-08-09 15:32:01',0),
 (914,103,'8A90B9A3','2018-08-09 15:32:04',0),
 (915,104,'922370AA','2018-08-09 15:32:06',0),
 (916,105,'FCE87D9F','2018-08-09 15:32:07',0),
 (917,101,'07901755','2018-08-09 15:32:10',0),
 (919,105,'4DAC9951','2018-08-09 15:32:14',0),
 (920,103,'BE51FA92','2018-08-09 15:32:18',0),
 (921,104,'CF697DE6','2018-08-09 15:32:22',0),
 (922,105,'58EB7EA1','2018-08-09 15:32:23',0),
 (923,104,'CEC9A3DA','2018-08-09 15:32:33',0),
 (924,105,'BEAFDB2F','2018-08-09 15:32:36',0),
 (925,104,'28DC3FB8','2018-08-09 15:32:51',0),
 (926,104,'AB8204A4','2018-08-09 15:32:59',0),
 (927,105,'F1EE0555','2018-08-09 15:33:16',0),
 (928,105,'E06BE060','2018-08-09 15:33:55',0),
 (929,105,'D1D2C387','2018-08-09 15:34:03',0),
 (930,105,'C457EFF7','2018-08-09 15:34:25',0),
 (931,101,'E77BFAEA','2018-08-09 15:34:34',0),
 (932,105,'08D745A6','2018-08-09 15:35:24',0),
 (934,105,'3DA8B226','2018-08-09 16:18:29',0),
 (935,105,'9973DBF1','2018-08-09 16:30:48',0),
 (936,105,'8C0644BA','2018-08-09 16:30:58',0),
 (937,104,'2A7F5D99','2018-08-09 16:31:52',0),
 (938,103,'4C459F1E','2018-08-09 16:32:04',0),
 (939,105,'76118CDC','2018-08-09 16:32:11',0),
 (940,103,'0B8C3085','2018-08-09 16:32:13',0),
 (941,103,'1D52BFA2','2018-08-09 16:32:24',0),
 (942,103,'B5A117E9','2018-08-09 16:32:31',0),
 (943,105,'CB99D1E8','2018-08-09 16:32:31',0),
 (944,103,'CEA28723','2018-08-09 16:32:41',0),
 (945,103,'99F0C0FA','2018-08-09 16:32:48',0),
 (946,103,'8D9E5710','2018-08-09 16:32:58',0),
 (947,103,'6CA0FF4A','2018-08-09 16:33:12',0),
 (948,103,'D2CC71D4','2018-08-09 16:33:21',0),
 (949,105,'E8A58074','2018-08-09 16:33:43',0),
 (950,103,'DFDFE648','2018-08-09 16:33:47',0),
 (951,104,'D2C39273','2018-08-09 16:34:14',0),
 (952,105,'4E6E296E','2018-08-09 16:36:42',0),
 (953,102,'4382D92D','2018-08-09 17:04:36',0),
 (954,0,'618072EA','2018-08-10 00:12:35',2),
 (955,105,'4E6E296E','2018-08-10 06:14:03',1),
 (956,101,'E77BFAEA','2018-08-10 06:32:58',1),
 (957,103,'BE51FA92','2018-08-10 06:47:22',1),
 (958,105,'C457EFF7','2018-08-10 06:47:24',1),
 (959,104,'28DC3FB8','2018-08-10 06:47:30',1),
 (960,104,'9E06A774','2018-08-10 06:47:39',1),
 (961,107,'DFE4EB13','2018-08-10 06:47:47',1),
 (962,103,'D2CC71D4','2018-08-10 06:47:48',1),
 (963,105,'BEAFDB2F','2018-08-10 06:48:03',1),
 (964,103,'6CA0FF4A','2018-08-10 06:49:24',1),
 (965,103,'CEA28723','2018-08-10 06:50:19',1),
 (966,105,'D1D2C387','2018-08-10 06:50:28',1),
 (967,101,'1B2052DE','2018-08-10 06:50:38',1),
 (968,103,'4C459F1E','2018-08-10 06:50:43',1),
 (969,104,'CEC9A3DA','2018-08-10 06:51:37',1),
 (970,105,'58EB7EA1','2018-08-10 06:52:16',1),
 (971,103,'0B8C3085','2018-08-10 06:52:17',1),
 (972,105,'860CBBEE','2018-08-10 06:52:24',1),
 (973,104,'29C03912','2018-08-10 06:52:59',1),
 (974,104,'2A7F5D99','2018-08-10 06:53:52',1),
 (975,105,'F1EE0555','2018-08-10 06:54:25',1),
 (976,105,'CB99D1E8','2018-08-10 06:54:34',1),
 (977,105,'76118CDC','2018-08-10 06:54:45',1),
 (978,105,'3DA8B226','2018-08-10 06:54:57',1),
 (979,104,'CF697DE6','2018-08-10 06:55:17',1),
 (980,103,'99F0C0FA','2018-08-10 06:55:21',1),
 (981,105,'4E04B5FE','2018-08-10 06:55:24',1),
 (982,105,'E06BE060','2018-08-10 06:56:31',1),
 (983,103,'DFDFE648','2018-08-10 06:56:36',1),
 (984,107,'CEBCC740','2018-08-10 06:56:38',1),
 (985,107,'B6902696','2018-08-10 06:56:59',1),
 (986,105,'FCE87D9F','2018-08-10 06:57:13',1),
 (987,107,'FF591F68','2018-08-10 06:57:13',1),
 (989,103,'B5A117E9','2018-08-10 06:57:54',1),
 (990,105,'398B1563','2018-08-10 06:57:54',1),
 (991,104,'AB8204A4','2018-08-10 06:58:22',1),
 (992,107,'B7A6171D','2018-08-10 06:58:30',1),
 (993,104,'DD6E2C0C','2018-08-10 06:58:51',1),
 (994,105,'8C0644BA','2018-08-10 06:59:03',1),
 (995,104,'922370AA','2018-08-10 06:59:18',1),
 (996,103,'ADD650A8','2018-08-10 06:59:24',1),
 (997,105,'95497F63','2018-08-10 06:59:27',1),
 (998,104,'7CB9642F','2018-08-10 06:59:29',1),
 (999,105,'08D745A6','2018-08-10 06:59:34',1),
 (1000,101,'229324A4','2018-08-10 06:59:46',1),
 (1001,101,'67637925','2018-08-10 06:59:53',1),
 (1002,107,'E880B82A','2018-08-10 07:00:05',1),
 (1003,104,'2A972897','2018-08-10 07:00:07',1),
 (1004,101,'07901755','2018-08-10 07:00:07',1),
 (1005,103,'1D52BFA2','2018-08-10 07:00:09',1),
 (1006,102,'4382D92D','2018-08-10 07:00:40',1),
 (1007,105,'408B195F','2018-08-10 07:01:33',1),
 (1008,103,'8A90B9A3','2018-08-10 07:01:49',1),
 (1009,105,'E8A58074','2018-08-10 07:02:39',1),
 (1010,105,'9973DBF1','2018-08-10 07:07:18',1),
 (1011,101,'935B799E','2018-08-10 07:11:14',1),
 (1012,103,'76E920D9','2018-08-10 07:37:44',1),
 (1013,105,'4DAC9951','2018-08-10 07:38:38',1),
 (1015,104,'2986FF85','2018-08-10 08:29:39',1),
 (1017,104,'922370AA','2018-08-10 12:02:41',0),
 (1018,105,'860CBBEE','2018-08-10 12:15:34',0),
 (1019,105,'D1D2C387','2018-08-10 12:20:37',0),
 (1020,104,'922370AA','2018-08-10 12:30:09',1),
 (1022,101,'935B799E','2018-08-10 13:31:40',0),
 (1023,101,'1B2052DE','2018-08-10 15:31:25',0),
 (1024,104,'9E06A774','2018-08-10 15:31:34',0),
 (1025,101,'07901755','2018-08-10 15:31:36',0),
 (1026,103,'8A90B9A3','2018-08-10 15:31:42',0),
 (1027,104,'2986FF85','2018-08-10 15:31:43',0),
 (1028,105,'95497F63','2018-08-10 15:31:43',0),
 (1029,101,'229324A4','2018-08-10 15:31:46',0),
 (1030,107,'CEBCC740','2018-08-10 15:31:49',0),
 (1031,103,'B5A117E9','2018-08-10 15:31:49',0),
 (1032,105,'FCE87D9F','2018-08-10 15:31:50',0),
 (1033,104,'2A972897','2018-08-10 15:31:52',0),
 (1034,107,'B6902696','2018-08-10 15:31:58',0),
 (1036,103,'D2CC71D4','2018-08-10 15:32:00',0),
 (1037,104,'CEC9A3DA','2018-08-10 15:32:04',0),
 (1038,107,'E880B82A','2018-08-10 15:32:07',0),
 (1039,105,'4DAC9951','2018-08-10 15:32:07',0),
 (1040,103,'0B8C3085','2018-08-10 15:32:08',0),
 (1041,105,'BEAFDB2F','2018-08-10 15:32:13',0),
 (1042,107,'B7A6171D','2018-08-10 15:32:14',0),
 (1043,104,'922370AA','2018-08-10 15:32:15',0),
 (1044,105,'408B195F','2018-08-10 15:32:21',0),
 (1045,104,'7CB9642F','2018-08-10 15:32:23',0),
 (1046,103,'BE51FA92','2018-08-10 15:32:24',0),
 (1047,104,'AB8204A4','2018-08-10 15:32:29',0),
 (1048,105,'3DA8B226','2018-08-10 15:32:32',0),
 (1049,104,'2A7F5D99','2018-08-10 15:32:36',0),
 (1050,107,'DFE4EB13','2018-08-10 15:32:41',0),
 (1051,105,'9973DBF1','2018-08-10 15:32:44',0),
 (1052,103,'CEA28723','2018-08-10 15:32:44',0),
 (1053,103,'99F0C0FA','2018-08-10 15:32:51',0),
 (1054,103,'ADD650A8','2018-08-10 15:33:05',0),
 (1055,105,'4E04B5FE','2018-08-10 15:33:08',0),
 (1056,103,'6CA0FF4A','2018-08-10 15:33:14',0),
 (1057,105,'E06BE060','2018-08-10 15:33:20',0),
 (1058,105,'8C0644BA','2018-08-10 15:33:28',0),
 (1059,103,'DFDFE648','2018-08-10 15:33:37',0),
 (1060,105,'CB99D1E8','2018-08-10 15:33:39',0),
 (1061,103,'4C459F1E','2018-08-10 15:33:44',0),
 (1062,104,'CF697DE6','2018-08-10 15:33:49',0),
 (1063,105,'C457EFF7','2018-08-10 15:33:57',0),
 (1064,104,'28DC3FB8','2018-08-10 15:33:58',0),
 (1065,104,'DD6E2C0C','2018-08-10 15:34:05',0),
 (1066,105,'08D745A6','2018-08-10 15:34:07',0),
 (1067,107,'FF591F68','2018-08-10 15:34:38',0),
 (1068,105,'398B1563','2018-08-10 15:34:43',0),
 (1069,101,'E77BFAEA','2018-08-10 15:34:43',0),
 (1070,103,'1D52BFA2','2018-08-10 15:34:44',0),
 (1071,105,'76118CDC','2018-08-10 15:34:51',0),
 (1072,105,'E8A58074','2018-08-10 15:35:01',0),
 (1073,105,'58EB7EA1','2018-08-10 15:35:18',0),
 (1074,105,'F1EE0555','2018-08-10 15:35:35',0),
 (1075,106,'29C03912','2018-08-10 15:36:09',0),
 (1076,105,'4E6E296E','2018-08-10 15:36:52',0),
 (1078,0,'4382D92D','2018-08-10 23:12:35',2),
 (1079,0,'67637925','2018-08-10 23:12:35',2),
 (1080,0,'76E920D9','2018-08-11 00:12:35',2),
 (1081,105,'4E6E296E','2018-08-11 05:42:59',1),
 (1082,105,'860CBBEE','2018-08-11 05:43:15',1),
 (1083,104,'2A7F5D99','2018-08-11 05:49:34',1),
 (1084,101,'1B2052DE','2018-08-11 05:51:44',1),
 (1085,105,'58EB7EA1','2018-08-11 05:52:19',1),
 (1086,103,'4C459F1E','2018-08-11 05:53:44',1),
 (1087,105,'F1EE0555','2018-08-11 05:54:58',1),
 (1088,104,'CEC9A3DA','2018-08-11 05:55:49',1),
 (1089,104,'28DC3FB8','2018-08-11 05:56:33',1),
 (1090,105,'C457EFF7','2018-08-11 05:56:40',1),
 (1091,103,'CEA28723','2018-08-11 05:57:02',1),
 (1092,105,'E06BE060','2018-08-11 05:57:46',1),
 (1093,106,'29C03912','2018-08-11 05:57:49',1),
 (1094,107,'FF591F68','2018-08-11 05:57:56',1),
 (1095,104,'7CB9642F','2018-08-11 05:58:11',1),
 (1096,107,'DFE4EB13','2018-08-11 05:58:17',1),
 (1098,104,'9E06A774','2018-08-11 05:58:24',1),
 (1099,104,'AB8204A4','2018-08-11 05:58:33',1),
 (1100,103,'ADD650A8','2018-08-11 05:58:46',1),
 (1101,104,'D2C39273','2018-08-11 05:59:01',1),
 (1102,105,'FCE87D9F','2018-08-11 05:59:03',1),
 (1103,107,'B7A6171D','2018-08-11 05:59:16',1),
 (1104,105,'3DA8B226','2018-08-11 05:59:30',1),
 (1105,104,'CF697DE6','2018-08-11 05:59:35',1),
 (1106,107,'CEBCC740','2018-08-11 05:59:43',1),
 (1107,107,'B6902696','2018-08-11 05:59:56',1),
 (1108,104,'2A972897','2018-08-11 06:00:06',1),
 (1109,107,'E880B82A','2018-08-11 06:00:15',1),
 (1110,101,'07901755','2018-08-11 06:00:29',1),
 (1111,105,'408B195F','2018-08-11 06:01:05',1),
 (1112,104,'922370AA','2018-08-11 06:01:23',1),
 (1113,105,'4E04B5FE','2018-08-11 06:01:27',1),
 (1114,104,'2986FF85','2018-08-11 06:01:30',1),
 (1115,105,'CB99D1E8','2018-08-11 06:01:45',1),
 (1116,105,'08D745A6','2018-08-11 06:02:19',1),
 (1117,105,'76118CDC','2018-08-11 06:02:32',1),
 (1118,105,'9973DBF1','2018-08-11 06:02:47',1),
 (1119,101,'E77BFAEA','2018-08-11 06:33:55',1),
 (1120,104,'DD6E2C0C','2018-08-11 06:57:46',1),
 (1121,102,'4382D92D','2018-08-11 07:00:34',1),
 (1123,101,'07901755','2018-08-11 08:15:16',0),
 (1124,105,'9973DBF1','2018-08-11 09:08:42',0),
 (1127,105,'3DA8B226','2018-08-11 09:46:27',0),
 (1128,105,'58EB7EA1','2018-08-11 11:00:53',0),
 (1129,101,'1B2052DE','2018-08-11 11:01:16',0),
 (1130,103,'4C459F1E','2018-08-11 11:01:21',0),
 (1131,105,'4E04B5FE','2018-08-11 11:01:25',0),
 (1132,103,'CEA28723','2018-08-11 11:01:30',0),
 (1133,105,'860CBBEE','2018-08-11 11:01:47',0),
 (1134,104,'2A972897','2018-08-11 11:02:03',0),
 (1135,104,'28DC3FB8','2018-08-11 11:02:09',0),
 (1136,105,'08D745A6','2018-08-11 11:02:12',0),
 (1137,107,'B7A6171D','2018-08-11 11:02:12',0),
 (1138,104,'9E06A774','2018-08-11 11:02:17',0),
 (1139,105,'E06BE060','2018-08-11 11:02:21',0),
 (1140,107,'B6902696','2018-08-11 11:02:21',0),
 (1141,104,'7CB9642F','2018-08-11 11:02:30',0),
 (1142,104,'922370AA','2018-08-11 11:02:37',0),
 (1143,107,'CEBCC740','2018-08-11 11:02:39',0),
 (1144,105,'408B195F','2018-08-11 11:02:45',0),
 (1145,104,'2A7F5D99','2018-08-11 11:02:45',0),
 (1146,104,'AB8204A4','2018-08-11 11:02:57',0),
 (1147,107,'E880B82A','2018-08-11 11:02:58',0),
 (1148,104,'2986FF85','2018-08-11 11:03:04',0),
 (1149,107,'DFE4EB13','2018-08-11 11:03:09',0),
 (1151,104,'CEC9A3DA','2018-08-11 11:03:44',0),
 (1152,104,'DD6E2C0C','2018-08-11 11:03:50',0),
 (1153,104,'D2C39273','2018-08-11 11:03:59',0),
 (1154,105,'C457EFF7','2018-08-11 11:03:59',0),
 (1155,106,'29C03912','2018-08-11 11:04:16',0),
 (1156,101,'E77BFAEA','2018-08-11 11:05:53',0),
 (1157,107,'FF591F68','2018-08-11 11:05:56',0),
 (1158,0,'CF697DE6','2018-08-11 11:00:00',0),
 (1159,105,'76118CDC','2018-08-11 11:14:15',0),
 (1160,105,'76118CDC','2018-08-11 11:17:06',1),
 (1162,105,'F1EE0555','2018-08-11 12:04:02',0),
 (1163,102,'4382D92D','2018-08-11 12:23:00',0),
 (1164,105,'76118CDC','2018-08-11 12:36:55',0),
 (1165,105,'FCE87D9F','2018-08-11 14:02:11',0),
 (1166,105,'4E6E296E','2018-08-11 14:02:58',0),
 (1167,105,'CB99D1E8','2018-08-11 14:04:22',0),
 (1168,0,'ADD650A8','2018-08-11 22:11:30',2),
 (1169,105,'4E6E296E','2018-08-13 06:00:59',1),
 (1172,103,'BE51FA92','2018-08-13 06:46:18',1),
 (1173,103,'CEA28723','2018-08-13 06:47:25',1),
 (1174,104,'28DC3FB8','2018-08-13 06:47:59',1),
 (1175,103,'6CA0FF4A','2018-08-13 06:48:03',1),
 (1176,105,'BEAFDB2F','2018-08-13 06:49:42',1),
 (1177,105,'58EB7EA1','2018-08-13 06:49:51',1),
 (1178,101,'67637925','2018-08-13 06:50:04',1),
 (1179,105,'4E04B5FE','2018-08-13 06:50:05',1),
 (1180,103,'0B8C3085','2018-08-13 06:51:01',1),
 (1181,105,'C457EFF7','2018-08-13 06:51:15',1),
 (1182,107,'DFE4EB13','2018-08-13 06:51:19',1),
 (1183,103,'D2CC71D4','2018-08-13 06:51:21',1),
 (1184,103,'4C459F1E','2018-08-13 06:51:35',1),
 (1185,106,'29C03912','2018-08-13 06:51:57',1),
 (1186,103,'99F0C0FA','2018-08-13 06:52:38',1),
 (1187,103,'1D52BFA2','2018-08-13 06:52:59',1),
 (1188,103,'DFDFE648','2018-08-13 06:53:05',1),
 (1189,105,'E8A58074','2018-08-13 06:53:05',1),
 (1190,107,'FF591F68','2018-08-13 06:53:58',1),
 (1191,101,'935B799E','2018-08-13 06:54:05',1),
 (1192,101,'1B2052DE','2018-08-13 06:54:30',1),
 (1193,105,'FCE87D9F','2018-08-13 06:54:49',1),
 (1194,104,'CEC9A3DA','2018-08-13 06:55:26',1),
 (1195,104,'2986FF85','2018-08-13 06:56:23',1),
 (1196,105,'398B1563','2018-08-13 06:56:55',1),
 (1197,105,'E06BE060','2018-08-13 06:57:07',1),
 (1198,105,'9973DBF1','2018-08-13 06:57:14',1),
 (1199,103,'B5A117E9','2018-08-13 06:57:49',1),
 (1200,105,'3DA8B226','2018-08-13 06:57:59',1),
 (1201,103,'ADD650A8','2018-08-13 06:58:11',1),
 (1202,103,'8D9E5710','2018-08-13 06:58:19',1),
 (1203,104,'AB8204A4','2018-08-13 06:58:24',1),
 (1204,107,'CEBCC740','2018-08-13 06:58:29',1),
 (1205,107,'E880B82A','2018-08-13 06:58:40',1),
 (1206,104,'2A7F5D99','2018-08-13 06:58:49',1),
 (1207,104,'DD6E2C0C','2018-08-13 06:58:56',1),
 (1208,107,'B7A6171D','2018-08-13 06:59:04',1),
 (1209,104,'CF697DE6','2018-08-13 06:59:08',1),
 (1210,104,'7CB9642F','2018-08-13 06:59:19',1),
 (1211,105,'8C0644BA','2018-08-13 06:59:20',1),
 (1212,105,'CB99D1E8','2018-08-13 07:00:25',1),
 (1213,105,'08D745A6','2018-08-13 07:00:38',1),
 (1214,102,'4382D92D','2018-08-13 07:00:43',1),
 (1215,101,'229324A4','2018-08-13 07:00:49',1),
 (1216,104,'922370AA','2018-08-13 07:01:03',1),
 (1217,104,'2A972897','2018-08-13 07:01:08',1),
 (1218,105,'76118CDC','2018-08-13 07:01:24',1),
 (1220,101,'229324A4','2018-08-13 07:08:29',0),
 (1221,103,'8A90B9A3','2018-08-13 07:47:31',1),
 (1222,107,'B6902696','2018-08-13 09:36:51',1),
 (1223,105,'F1EE0555','2018-08-13 11:47:29',1),
 (1224,104,'D2C39273','2018-08-13 11:54:54',1),
 (1225,103,'4C459F1E','2018-08-13 12:01:28',0),
 (1226,104,'28DC3FB8','2018-08-13 12:02:02',0),
 (1227,103,'99F0C0FA','2018-08-13 12:02:10',0),
 (1228,103,'8A90B9A3','2018-08-13 12:20:28',0),
 (1229,103,'4C459F1E','2018-08-13 12:22:54',1),
 (1230,104,'28DC3FB8','2018-08-13 12:27:10',1),
 (1231,103,'99F0C0FA','2018-08-13 12:29:36',1),
 (1232,105,'FCE87D9F','2018-08-13 13:02:24',0),
 (1233,0,'8E5F0240','2018-08-13 12:00:00',1),
 (1234,106,'29C03912','2018-08-13 15:00:06',0),
 (1235,105,'408B195F','2018-08-13 15:14:05',1),
 (1237,104,'2A972897','2018-08-13 15:31:42',0),
 (1238,101,'935B799E','2018-08-13 15:31:43',0),
 (1239,103,'ADD650A8','2018-08-13 15:31:43',0),
 (1240,105,'398B1563','2018-08-13 15:31:47',0),
 (1241,104,'CEC9A3DA','2018-08-13 15:31:53',0),
 (1242,107,'DFE4EB13','2018-08-13 15:31:55',0),
 (1243,105,'58EB7EA1','2018-08-13 15:31:59',0),
 (1244,104,'2986FF85','2018-08-13 15:32:00',0),
 (1245,104,'7CB9642F','2018-08-13 15:32:05',0),
 (1246,101,'1B2052DE','2018-08-13 15:32:06',0),
 (1247,105,'4E04B5FE','2018-08-13 15:32:08',0),
 (1248,103,'6CA0FF4A','2018-08-13 15:32:14',0),
 (1249,101,'67637925','2018-08-13 15:32:15',0),
 (1250,104,'922370AA','2018-08-13 15:32:16',0),
 (1251,107,'B7A6171D','2018-08-13 15:32:24',0),
 (1252,105,'8C0644BA','2018-08-13 15:32:28',0),
 (1253,105,'E06BE060','2018-08-13 15:32:36',0),
 (1254,104,'CF697DE6','2018-08-13 15:32:36',0),
 (1255,105,'9973DBF1','2018-08-13 15:32:40',0),
 (1256,104,'2A7F5D99','2018-08-13 15:32:41',0),
 (1257,104,'DD6E2C0C','2018-08-13 15:32:48',0),
 (1258,103,'BE51FA92','2018-08-13 15:32:49',0),
 (1259,105,'BEAFDB2F','2018-08-13 15:32:51',0),
 (1260,101,'E77BFAEA','2018-08-13 15:32:57',0),
 (1261,104,'28DC3FB8','2018-08-13 15:32:57',0),
 (1262,104,'AB8204A4','2018-08-13 15:33:03',0),
 (1263,107,'E880B82A','2018-08-13 15:33:18',0),
 (1264,105,'C457EFF7','2018-08-13 15:33:22',0),
 (1265,107,'B6902696','2018-08-13 15:33:22',0),
 (1266,107,'CEBCC740','2018-08-13 15:33:59',0),
 (1267,105,'CB99D1E8','2018-08-13 15:34:18',0),
 (1268,105,'76118CDC','2018-08-13 15:34:26',0),
 (1269,105,'3DA8B226','2018-08-13 15:35:22',0),
 (1270,105,'E8A58074','2018-08-13 15:35:39',0),
 (1271,107,'FF591F68','2018-08-13 15:37:14',0),
 (1272,105,'08D745A6','2018-08-13 15:38:01',0),
 (1273,105,'4E6E296E','2018-08-13 16:03:11',0),
 (1274,103,'B5A117E9','2018-08-13 16:31:34',0),
 (1275,103,'D2CC71D4','2018-08-13 16:31:40',0),
 (1276,103,'0B8C3085','2018-08-13 16:31:47',0),
 (1277,103,'1D52BFA2','2018-08-13 16:31:55',0),
 (1278,103,'CEA28723','2018-08-13 16:32:02',0),
 (1279,103,'8D9E5710','2018-08-13 16:32:07',0),
 (1280,103,'99F0C0FA','2018-08-13 16:32:29',0),
 (1281,103,'4C459F1E','2018-08-13 16:32:40',0),
 (1282,103,'DFDFE648','2018-08-13 16:33:16',0),
 (1284,105,'408B195F','2018-08-13 17:25:10',0),
 (1285,102,'4382D92D','2018-08-13 17:48:20',0),
 (1286,105,'F1EE0555','2018-08-13 20:40:44',0),
 (1289,105,'4E6E296E','2018-08-14 06:03:12',1),
 (1290,101,'1B2052DE','2018-08-14 06:45:54',1),
 (1291,103,'DFDFE648','2018-08-14 06:46:55',1),
 (1292,103,'0B8C3085','2018-08-14 06:47:01',1),
 (1293,105,'58EB7EA1','2018-08-14 06:47:10',1),
 (1294,103,'BE51FA92','2018-08-14 06:47:39',1),
 (1295,105,'BEAFDB2F','2018-08-14 06:47:47',1),
 (1296,101,'67637925','2018-08-14 06:48:40',1),
 (1297,103,'76E920D9','2018-08-14 06:49:05',1),
 (1298,104,'28DC3FB8','2018-08-14 06:49:48',1),
 (1299,103,'4C459F1E','2018-08-14 06:50:18',1),
 (1300,103,'CEA28723','2018-08-14 06:50:32',1),
 (1301,107,'DFE4EB13','2018-08-14 06:50:59',1),
 (1302,106,'29C03912','2018-08-14 06:52:25',1),
 (1303,105,'9973DBF1','2018-08-14 06:53:38',1),
 (1304,105,'4E04B5FE','2018-08-14 06:53:55',1),
 (1305,104,'2A7F5D99','2018-08-14 06:53:58',1),
 (1306,103,'99F0C0FA','2018-08-14 06:55:37',1),
 (1307,103,'8D9E5710','2018-08-14 06:55:46',1),
 (1308,103,'1D52BFA2','2018-08-14 06:56:02',1),
 (1309,103,'D2CC71D4','2018-08-14 06:56:09',1),
 (1310,107,'FF591F68','2018-08-14 06:56:19',1),
 (1311,103,'6CA0FF4A','2018-08-14 06:56:38',1),
 (1312,103,'B5A117E9','2018-08-14 06:56:47',1),
 (1313,105,'FCE87D9F','2018-08-14 06:56:47',1),
 (1314,105,'E06BE060','2018-08-14 06:57:01',1),
 (1315,105,'E8A58074','2018-08-14 06:57:11',1),
 (1316,101,'935B799E','2018-08-14 06:57:18',1),
 (1317,105,'3DA8B226','2018-08-14 06:57:24',1),
 (1319,104,'AB8204A4','2018-08-14 06:58:31',1),
 (1320,107,'B6902696','2018-08-14 06:58:38',1),
 (1321,107,'B7A6171D','2018-08-14 06:58:48',1),
 (1322,104,'CF697DE6','2018-08-14 06:58:50',1),
 (1323,104,'7CB9642F','2018-08-14 06:58:58',1),
 (1324,105,'408B195F','2018-08-14 06:59:05',1),
 (1325,107,'E880B82A','2018-08-14 06:59:26',1),
 (1326,104,'2986FF85','2018-08-14 06:59:29',1),
 (1327,105,'8C0644BA','2018-08-14 06:59:31',1),
 (1328,104,'922370AA','2018-08-14 06:59:41',1),
 (1329,105,'08D745A6','2018-08-14 06:59:44',1),
 (1330,101,'229324A4','2018-08-14 06:59:53',1),
 (1331,105,'95497F63','2018-08-14 06:59:54',1),
 (1332,105,'CB99D1E8','2018-08-14 07:00:02',1),
 (1333,104,'CEC9A3DA','2018-08-14 07:00:32',1),
 (1335,104,'2A972897','2018-08-14 07:00:49',1),
 (1336,105,'76118CDC','2018-08-14 07:00:56',1),
 (1337,102,'4382D92D','2018-08-14 07:01:06',1),
 (1338,101,'229324A4','2018-08-14 07:05:08',0),
 (1339,107,'CEBCC740','2018-08-14 07:07:14',1),
 (1340,103,'8DB842EF','2018-08-14 07:18:28',1),
 (1341,105,'76B87761','2018-08-14 08:17:25',1),
 (1342,0,'398B1563','2018-08-14 07:00:00',1),
 (1343,0,'C457EFF7','2018-08-14 07:00:00',1),
 (1345,103,'ADD650A8','2018-08-14 08:54:10',1),
 (1346,104,'2A972897','2018-08-14 10:42:04',0),
 (1347,104,'2A972897','2018-08-14 11:07:28',1),
 (1348,102,'4382D92D','2018-08-14 11:31:29',0),
 (1349,105,'F1EE0555','2018-08-14 11:51:49',1),
 (1350,104,'D2C39273','2018-08-14 11:56:52',1),
 (1351,102,'4382D92D','2018-08-14 11:56:59',1),
 (1352,0,'8E5F0240','2018-08-13 20:30:00',0),
 (1353,0,'8E5F0240','2018-08-14 11:58:39',1),
 (1354,104,'28DC3FB8','2018-08-14 12:02:04',0),
 (1355,104,'28DC3FB8','2018-08-14 12:26:15',1),
 (1356,101,'935B799E','2018-08-14 14:01:53',0),
 (1357,103,'76E920D9','2018-08-14 14:42:47',0),
 (1358,0,'1B2052DE','2018-08-14 15:15:00',0),
 (1361,105,'8C0644BA','2018-08-14 15:31:49',0),
 (1362,105,'408B195F','2018-08-14 15:31:56',0),
 (1363,107,'B6902696','2018-08-14 15:31:58',0),
 (1364,104,'2A972897','2018-08-14 15:32:02',0),
 (1365,105,'FCE87D9F','2018-08-14 15:32:06',0),
 (1366,104,'2986FF85','2018-08-14 15:32:08',0),
 (1367,107,'E880B82A','2018-08-14 15:32:10',0),
 (1368,105,'95497F63','2018-08-14 15:32:11',0),
 (1369,104,'CEC9A3DA','2018-08-14 15:32:17',0),
 (1370,105,'E06BE060','2018-08-14 15:32:17',0),
 (1371,107,'DFE4EB13','2018-08-14 15:32:17',0),
 (1372,103,'BE51FA92','2018-08-14 15:32:17',0),
 (1373,104,'922370AA','2018-08-14 15:32:26',0),
 (1374,107,'B7A6171D','2018-08-14 15:32:27',0),
 (1375,105,'BEAFDB2F','2018-08-14 15:32:28',0),
 (1376,103,'0B8C3085','2018-08-14 15:32:34',0),
 (1377,105,'9973DBF1','2018-08-14 15:32:36',0),
 (1378,107,'CEBCC740','2018-08-14 15:32:36',0),
 (1379,104,'2A7F5D99','2018-08-14 15:32:37',0),
 (1381,105,'3DA8B226','2018-08-14 15:32:44',0),
 (1382,104,'AB8204A4','2018-08-14 15:32:50',0),
 (1383,104,'7CB9642F','2018-08-14 15:32:55',0),
 (1384,105,'76B87761','2018-08-14 15:33:01',0),
 (1385,104,'28DC3FB8','2018-08-14 15:33:02',0),
 (1386,105,'4E04B5FE','2018-08-14 15:33:14',0),
 (1387,105,'CB99D1E8','2018-08-14 15:33:22',0),
 (1388,105,'76118CDC','2018-08-14 15:33:29',0),
 (1389,105,'C457EFF7','2018-08-14 15:33:43',0),
 (1390,105,'E8A58074','2018-08-14 15:33:57',0),
 (1391,105,'58EB7EA1','2018-08-14 15:34:38',0),
 (1392,103,'D2CC71D4','2018-08-14 15:34:42',0),
 (1393,104,'CF697DE6','2018-08-14 15:34:47',0),
 (1394,103,'8DB842EF','2018-08-14 15:35:07',0),
 (1395,103,'6CA0FF4A','2018-08-14 15:36:14',0),
 (1396,107,'FF591F68','2018-08-14 15:36:24',0),
 (1397,105,'08D745A6','2018-08-14 15:50:17',0),
 (1398,101,'67637925','2018-08-14 16:00:04',0),
 (1399,105,'4E6E296E','2018-08-14 16:00:52',0),
 (1400,103,'DFDFE648','2018-08-14 16:32:06',0),
 (1401,103,'1D52BFA2','2018-08-14 16:32:21',0),
 (1402,103,'ADD650A8','2018-08-14 16:32:33',0),
 (1403,103,'99F0C0FA','2018-08-14 16:32:46',0),
 (1404,103,'8D9E5710','2018-08-14 16:32:55',0),
 (1405,103,'CEA28723','2018-08-14 16:33:01',0),
 (1406,103,'B5A117E9','2018-08-14 16:33:09',0),
 (1407,103,'4C459F1E','2018-08-14 16:34:30',0),
 (1409,106,'29C03912','2018-08-14 16:42:20',0),
 (1410,102,'4382D92D','2018-08-14 16:59:38',0),
 (1411,104,'D2C39273','2018-08-14 20:34:29',0),
 (1412,104,'8E5F0240','2018-08-14 20:34:43',0),
 (1413,105,'F1EE0555','2018-08-14 20:40:13',0),
 (1415,105,'4E6E296E','2018-08-15 06:07:13',1),
 (1417,103,'BE51FA92','2018-08-15 06:46:05',1),
 (1418,105,'BEAFDB2F','2018-08-15 06:46:09',1),
 (1419,103,'0B8C3085','2018-08-15 06:46:22',1),
 (1420,104,'2A7F5D99','2018-08-15 06:47:48',1),
 (1421,104,'28DC3FB8','2018-08-15 06:48:00',1),
 (1422,103,'DFDFE648','2018-08-15 06:48:56',1),
 (1423,106,'29C03912','2018-08-15 06:50:26',1),
 (1424,103,'CEA28723','2018-08-15 06:50:29',1),
 (1425,105,'C457EFF7','2018-08-15 06:50:30',1),
 (1426,103,'4C459F1E','2018-08-15 06:50:37',1),
 (1427,105,'58EB7EA1','2018-08-15 06:51:18',1),
 (1428,103,'B5A117E9','2018-08-15 06:51:56',1),
 (1429,105,'E8A58074','2018-08-15 06:53:12',1),
 (1430,105,'4E04B5FE','2018-08-15 06:53:23',1),
 (1431,107,'DFE4EB13','2018-08-15 06:53:31',1),
 (1432,105,'408B195F','2018-08-15 06:54:43',1),
 (1433,104,'CF697DE6','2018-08-15 06:54:57',1),
 (1434,105,'398B1563','2018-08-15 06:55:38',1),
 (1435,104,'9E06A774','2018-08-15 06:55:46',1),
 (1436,105,'FCE87D9F','2018-08-15 06:56:12',1),
 (1438,103,'8D9E5710','2018-08-15 06:56:42',1),
 (1439,107,'B6902696','2018-08-15 06:56:45',1),
 (1440,103,'1D52BFA2','2018-08-15 06:57:09',1),
 (1441,101,'935B799E','2018-08-15 06:57:12',1),
 (1442,105,'E06BE060','2018-08-15 06:57:17',1),
 (1443,103,'99F0C0FA','2018-08-15 06:57:22',1),
 (1444,103,'8DB842EF','2018-08-15 06:57:32',1),
 (1445,105,'76B87761','2018-08-15 06:57:33',1),
 (1446,104,'CEC9A3DA','2018-08-15 06:57:48',1),
 (1447,105,'9973DBF1','2018-08-15 06:58:15',1),
 (1448,105,'3DA8B226','2018-08-15 06:58:21',1),
 (1449,104,'AB8204A4','2018-08-15 06:58:22',1),
 (1450,107,'B7A6171D','2018-08-15 06:58:29',1),
 (1451,104,'DD6E2C0C','2018-08-15 06:58:29',1),
 (1452,105,'8C0644BA','2018-08-15 06:58:58',1),
 (1453,105,'CB99D1E8','2018-08-15 06:59:09',1),
 (1454,104,'922370AA','2018-08-15 06:59:17',1),
 (1455,105,'76118CDC','2018-08-15 06:59:20',1),
 (1456,104,'7CB9642F','2018-08-15 06:59:31',1),
 (1457,101,'229324A4','2018-08-15 06:59:37',1),
 (1458,105,'95497F63','2018-08-15 06:59:39',1),
 (1459,104,'2986FF85','2018-08-15 06:59:40',1),
 (1460,103,'ADD650A8','2018-08-15 07:00:04',1),
 (1461,105,'08D745A6','2018-08-15 07:00:17',1),
 (1462,102,'4382D92D','2018-08-15 07:00:28',1),
 (1463,101,'1B2052DE','2018-08-15 07:02:26',1),
 (1464,103,'6CA0FF4A','2018-08-15 07:13:11',1),
 (1465,104,'2A972897','2018-08-15 07:13:14',1),
 (1466,103,'D2CC71D4','2018-08-15 07:13:18',1),
 (1467,107,'E880B82A','2018-08-15 07:13:56',1),
 (1468,105,'12565C60','2018-08-15 07:15:45',1),
 (1470,103,'6CA0FF4A','2018-08-15 08:41:34',0),
 (1471,105,'9973DBF1','2018-08-15 08:58:04',0),
 (1472,103,'76E920D9','2018-08-15 10:10:12',1),
 (1473,103,'45E5059F','2018-08-15 10:32:16',1),
 (1474,102,'4382D92D','2018-08-15 11:36:33',0),
 (1475,105,'F1EE0555','2018-08-15 11:49:17',1),
 (1476,104,'8E5F0240','2018-08-15 11:54:09',1),
 (1477,104,'D2C39273','2018-08-15 11:57:29',1),
 (1478,102,'4382D92D','2018-08-15 11:58:03',1),
 (1479,103,'76E920D9','2018-08-15 12:02:03',0),
 (1480,103,'76E920D9','2018-08-15 12:28:32',1),
 (1482,101,'935B799E','2018-08-15 14:06:26',0),
 (1483,105,'08D745A6','2018-08-15 14:33:18',0),
 (1484,101,'1B2052DE','2018-08-15 15:25:26',0),
 (1485,106,'29C03912','2018-08-15 15:31:34',0),
 (1487,107,'E880B82A','2018-08-15 15:31:41',0),
 (1488,105,'95497F63','2018-08-15 15:31:45',0),
 (1489,101,'229324A4','2018-08-15 15:31:47',0),
 (1490,104,'CEC9A3DA','2018-08-15 15:31:47',0),
 (1491,105,'FCE87D9F','2018-08-15 15:31:51',0),
 (1492,104,'28DC3FB8','2018-08-15 15:31:54',0),
 (1493,105,'4E04B5FE','2018-08-15 15:31:58',0),
 (1494,101,'67637925','2018-08-15 15:32:01',0),
 (1495,104,'2A7F5D99','2018-08-15 15:32:02',0),
 (1496,104,'2986FF85','2018-08-15 15:32:07',0),
 (1497,105,'76B87761','2018-08-15 15:32:08',0),
 (1498,107,'B7A6171D','2018-08-15 15:32:09',0),
 (1499,104,'922370AA','2018-08-15 15:32:13',0),
 (1500,104,'2A972897','2018-08-15 15:32:18',0),
 (1501,105,'E06BE060','2018-08-15 15:32:19',0),
 (1502,104,'7CB9642F','2018-08-15 15:32:24',0),
 (1503,105,'BEAFDB2F','2018-08-15 15:32:24',0),
 (1504,104,'DD6E2C0C','2018-08-15 15:32:30',0),
 (1505,104,'9E06A774','2018-08-15 15:32:37',0),
 (1506,105,'58EB7EA1','2018-08-15 15:32:46',0),
 (1507,104,'AB8204A4','2018-08-15 15:32:56',0),
 (1508,103,'BE51FA92','2018-08-15 15:32:56',0),
 (1509,104,'CF697DE6','2018-08-15 15:33:41',0),
 (1510,105,'12565C60','2018-08-15 15:33:59',0),
 (1511,105,'C457EFF7','2018-08-15 15:34:13',0),
 (1512,107,'B6902696','2018-08-15 15:35:02',0),
 (1513,103,'8DB842EF','2018-08-15 15:38:48',0),
 (1514,105,'398B1563','2018-08-15 15:39:14',0),
 (1515,105,'4E6E296E','2018-08-15 16:16:25',0),
 (1517,103,'B5A117E9','2018-08-15 16:31:45',0),
 (1518,103,'1D52BFA2','2018-08-15 16:31:52',0),
 (1519,107,'DFE4EB13','2018-08-15 16:31:53',0),
 (1520,103,'ADD650A8','2018-08-15 16:32:03',0),
 (1521,103,'99F0C0FA','2018-08-15 16:32:17',0),
 (1522,105,'8C0644BA','2018-08-15 16:32:26',0),
 (1523,103,'45E5059F','2018-08-15 16:32:28',0),
 (1524,103,'8D9E5710','2018-08-15 16:32:36',0),
 (1525,103,'76E920D9','2018-08-15 16:32:44',0),
 (1526,103,'D2CC71D4','2018-08-15 16:32:54',0),
 (1527,103,'CEA28723','2018-08-15 16:33:05',0),
 (1528,103,'DFDFE648','2018-08-15 16:33:10',0),
 (1529,105,'E8A58074','2018-08-15 16:33:21',0),
 (1530,105,'CB99D1E8','2018-08-15 16:34:32',0),
 (1531,105,'76118CDC','2018-08-15 16:34:39',0),
 (1532,105,'3DA8B226','2018-08-15 16:34:45',0),
 (1533,103,'0B8C3085','2018-08-15 16:35:43',0),
 (1534,103,'4C459F1E','2018-08-15 16:38:09',0),
 (1535,102,'4382D92D','2018-08-15 17:32:20',0),
 (1536,104,'D2C39273','2018-08-15 20:33:31',0),
 (1537,104,'8E5F0240','2018-08-15 20:33:38',0),
 (1538,105,'F1EE0555','2018-08-15 20:38:41',0),
 (1539,105,'4E6E296E','2018-08-16 06:08:49',1),
 (1541,103,'BE51FA92','2018-08-16 06:46:04',1),
 (1542,103,'0B8C3085','2018-08-16 06:46:13',1),
 (1543,105,'BEAFDB2F','2018-08-16 06:46:30',1),
 (1544,105,'398B1563','2018-08-16 06:47:17',1),
 (1545,107,'CEBCC740','2018-08-16 06:47:48',1),
 (1546,104,'28DC3FB8','2018-08-16 06:47:51',1),
 (1547,103,'D2CC71D4','2018-08-16 06:47:59',1),
 (1548,107,'DFE4EB13','2018-08-16 06:48:02',1),
 (1549,106,'29C03912','2018-08-16 06:48:10',1),
 (1550,103,'45E5059F','2018-08-16 06:48:12',1),
 (1551,107,'B6902696','2018-08-16 06:48:13',1),
 (1552,103,'4C459F1E','2018-08-16 06:48:19',1),
 (1553,103,'DFDFE648','2018-08-16 06:48:26',1),
 (1554,101,'67637925','2018-08-16 06:48:34',1),
 (1555,105,'58EB7EA1','2018-08-16 06:50:45',1),
 (1556,103,'CEA28723','2018-08-16 06:51:12',1),
 (1557,101,'0FFA272B','2018-08-16 06:51:58',1),
 (1558,103,'8DB842EF','2018-08-16 06:52:32',1),
 (1559,103,'B5A117E9','2018-08-16 06:52:58',1),
 (1560,103,'76E920D9','2018-08-16 06:54:04',1),
 (1561,104,'CF697DE6','2018-08-16 06:54:20',1),
 (1562,103,'8D9E5710','2018-08-16 06:54:21',1),
 (1563,105,'FCE87D9F','2018-08-16 06:55:07',1),
 (1564,103,'99F0C0FA','2018-08-16 06:55:08',1),
 (1565,101,'1B2052DE','2018-08-16 06:55:14',1),
 (1566,105,'4E04B5FE','2018-08-16 06:55:32',1);
INSERT INTO `punch` (`id`,`terminalid`,`badgeid`,`originaltimestamp`,`punchtypeid`) VALUES 
 (1567,103,'1D52BFA2','2018-08-16 06:56:29',1),
 (1568,104,'2A7F5D99','2018-08-16 06:57:18',1),
 (1569,105,'12565C60','2018-08-16 06:57:21',1),
 (1570,101,'935B799E','2018-08-16 06:57:37',1),
 (1571,104,'CEC9A3DA','2018-08-16 06:57:51',1),
 (1572,105,'3DA8B226','2018-08-16 06:58:21',1),
 (1573,105,'E8A58074','2018-08-16 06:58:31',1),
 (1574,104,'AB8204A4','2018-08-16 06:58:32',1),
 (1575,107,'B7A6171D','2018-08-16 06:58:38',1),
 (1576,104,'9E06A774','2018-08-16 06:58:38',1),
 (1577,105,'76B87761','2018-08-16 06:59:04',1),
 (1578,104,'2A972897','2018-08-16 06:59:10',1),
 (1579,105,'95497F63','2018-08-16 06:59:11',1),
 (1580,103,'ADD650A8','2018-08-16 06:59:26',1),
 (1581,105,'8C0644BA','2018-08-16 06:59:31',1),
 (1582,107,'E880B82A','2018-08-16 06:59:32',1),
 (1583,102,'4382D92D','2018-08-16 06:59:34',1),
 (1584,104,'7CB9642F','2018-08-16 06:59:36',1),
 (1585,104,'2986FF85','2018-08-16 06:59:45',1),
 (1586,105,'9973DBF1','2018-08-16 06:59:48',1),
 (1587,101,'229324A4','2018-08-16 06:59:49',1),
 (1588,104,'922370AA','2018-08-16 07:00:03',1),
 (1589,105,'08D745A6','2018-08-16 07:00:31',1),
 (1590,105,'76118CDC','2018-08-16 07:00:51',1),
 (1591,101,'07901755','2018-08-16 07:00:59',1),
 (1592,105,'CB99D1E8','2018-08-16 07:01:00',1),
 (1593,105,'4DAC9951','2018-08-16 07:35:46',1),
 (1594,0,'DD6E2C0C','2018-08-16 07:00:00',1),
 (1596,103,'B5A117E9','2018-08-16 07:43:54',0),
 (1599,105,'C457EFF7','2018-08-16 09:48:30',1),
 (1600,105,'C457EFF7','2018-08-16 09:48:38',0),
 (1601,103,'B5A117E9','2018-08-16 10:03:40',1),
 (1602,105,'F1EE0555','2018-08-16 11:50:59',1),
 (1603,105,'E06BE060','2018-08-16 11:56:12',1),
 (1604,104,'8E5F0240','2018-08-16 11:58:24',1),
 (1605,104,'D2C39273','2018-08-16 11:59:38',1),
 (1606,105,'4DAC9951','2018-08-16 12:01:57',0),
 (1607,103,'99F0C0FA','2018-08-16 12:02:18',0),
 (1608,105,'76118CDC','2018-08-16 12:03:37',0),
 (1609,105,'76118CDC','2018-08-16 12:18:13',1),
 (1610,103,'99F0C0FA','2018-08-16 12:28:29',1),
 (1611,105,'8C0644BA','2018-08-16 15:31:35',0),
 (1612,104,'9E06A774','2018-08-16 15:31:39',0),
 (1613,106,'29C03912','2018-08-16 15:31:41',0),
 (1614,101,'935B799E','2018-08-16 15:31:44',0),
 (1615,104,'2A972897','2018-08-16 15:31:44',0),
 (1616,105,'FCE87D9F','2018-08-16 15:31:46',0),
 (1617,101,'07901755','2018-08-16 15:31:51',0),
 (1619,105,'95497F63','2018-08-16 15:31:54',0),
 (1620,101,'E77BFAEA','2018-08-16 15:31:59',0),
 (1621,105,'4E04B5FE','2018-08-16 15:32:01',0),
 (1622,104,'CEC9A3DA','2018-08-16 15:32:01',0),
 (1623,103,'BE51FA92','2018-08-16 15:32:02',0),
 (1624,107,'B7A6171D','2018-08-16 15:32:02',0),
 (1625,104,'7CB9642F','2018-08-16 15:32:08',0),
 (1626,101,'229324A4','2018-08-16 15:32:08',0),
 (1627,104,'AB8204A4','2018-08-16 15:32:14',0),
 (1628,101,'1B2052DE','2018-08-16 15:32:15',0),
 (1629,103,'D2CC71D4','2018-08-16 15:32:20',0),
 (1630,104,'28DC3FB8','2018-08-16 15:32:24',0),
 (1631,105,'398B1563','2018-08-16 15:32:27',0),
 (1632,101,'0FFA272B','2018-08-16 15:32:31',0),
 (1633,104,'922370AA','2018-08-16 15:32:38',0),
 (1634,104,'2986FF85','2018-08-16 15:32:47',0),
 (1635,105,'12565C60','2018-08-16 15:32:57',0),
 (1636,104,'DD6E2C0C','2018-08-16 15:32:59',0),
 (1637,107,'E880B82A','2018-08-16 15:32:59',0),
 (1638,104,'2A7F5D99','2018-08-16 15:33:06',0),
 (1639,105,'58EB7EA1','2018-08-16 15:33:09',0),
 (1640,105,'9973DBF1','2018-08-16 15:33:14',0),
 (1641,105,'76B87761','2018-08-16 15:33:25',0),
 (1642,104,'CF697DE6','2018-08-16 15:33:29',0),
 (1643,107,'CEBCC740','2018-08-16 15:33:43',0),
 (1644,105,'BEAFDB2F','2018-08-16 15:33:44',0),
 (1645,105,'CB99D1E8','2018-08-16 15:33:51',0),
 (1646,107,'DFE4EB13','2018-08-16 15:33:51',0),
 (1647,105,'76118CDC','2018-08-16 15:34:00',0),
 (1648,105,'08D745A6','2018-08-16 15:34:20',0),
 (1649,105,'3DA8B226','2018-08-16 15:35:05',0),
 (1650,107,'B6902696','2018-08-16 15:35:39',0),
 (1651,105,'E8A58074','2018-08-16 15:35:41',0),
 (1652,101,'67637925','2018-08-16 15:45:12',0),
 (1653,105,'4E6E296E','2018-08-16 15:45:49',0),
 (1654,103,'B5A117E9','2018-08-16 16:31:47',0),
 (1655,103,'8D9E5710','2018-08-16 16:31:56',0),
 (1656,103,'45E5059F','2018-08-16 16:32:03',0),
 (1657,103,'0B8C3085','2018-08-16 16:32:18',0),
 (1658,103,'CEA28723','2018-08-16 16:32:24',0),
 (1659,103,'99F0C0FA','2018-08-16 16:32:54',0),
 (1660,103,'DFDFE648','2018-08-16 16:33:03',0),
 (1661,103,'76E920D9','2018-08-16 16:33:15',0),
 (1662,103,'4C459F1E','2018-08-16 16:33:34',0),
 (1663,103,'1D52BFA2','2018-08-16 16:33:49',0),
 (1664,102,'4382D92D','2018-08-16 17:04:59',0),
 (1666,105,'E06BE060','2018-08-16 20:30:40',0),
 (1667,104,'8E5F0240','2018-08-16 20:38:04',0),
 (1668,104,'D2C39273','2018-08-16 20:40:29',0),
 (1669,105,'F1EE0555','2018-08-16 20:41:24',0),
 (1671,105,'4E6E296E','2018-08-17 06:24:53',1),
 (1674,105,'398B1563','2018-08-17 06:45:06',1),
 (1675,103,'BE51FA92','2018-08-17 06:46:05',1),
 (1676,103,'0B8C3085','2018-08-17 06:46:13',1),
 (1677,103,'DFDFE648','2018-08-17 06:46:43',1),
 (1678,103,'4C459F1E','2018-08-17 06:47:11',1),
 (1679,104,'28DC3FB8','2018-08-17 06:48:46',1),
 (1680,106,'29C03912','2018-08-17 06:49:42',1),
 (1681,103,'B5A117E9','2018-08-17 06:49:56',1),
 (1682,105,'E8A58074','2018-08-17 06:49:56',1),
 (1683,104,'2A7F5D99','2018-08-17 06:49:56',1),
 (1684,105,'58EB7EA1','2018-08-17 06:51:10',1),
 (1685,103,'CEA28723','2018-08-17 06:52:00',1),
 (1686,103,'8D9E5710','2018-08-17 06:52:25',1),
 (1687,105,'4E04B5FE','2018-08-17 06:52:57',1),
 (1688,103,'45E5059F','2018-08-17 06:53:27',1),
 (1689,105,'408B195F','2018-08-17 06:53:38',1),
 (1690,101,'935B799E','2018-08-17 06:54:19',1),
 (1691,105,'FCE87D9F','2018-08-17 06:54:27',1),
 (1692,104,'CF697DE6','2018-08-17 06:55:32',1),
 (1693,105,'D1D2C387','2018-08-17 06:55:34',1),
 (1694,107,'CEBCC740','2018-08-17 06:56:01',1),
 (1695,101,'1B2052DE','2018-08-17 06:56:14',1),
 (1696,103,'99F0C0FA','2018-08-17 06:57:13',1),
 (1697,104,'AB8204A4','2018-08-17 06:57:48',1),
 (1698,107,'DFE4EB13','2018-08-17 06:57:50',1),
 (1699,103,'1D52BFA2','2018-08-17 06:58:02',1),
 (1700,105,'76B87761','2018-08-17 06:58:03',1),
 (1701,104,'CEC9A3DA','2018-08-17 06:58:16',1),
 (1703,104,'2986FF85','2018-08-17 06:58:30',1),
 (1704,103,'D2CC71D4','2018-08-17 06:58:30',1),
 (1705,103,'6CA0FF4A','2018-08-17 06:58:38',1),
 (1706,107,'B6902696','2018-08-17 06:58:39',1),
 (1707,104,'922370AA','2018-08-17 06:58:52',1),
 (1708,105,'08D745A6','2018-08-17 06:59:04',1),
 (1709,107,'B7A6171D','2018-08-17 06:59:07',1),
 (1710,101,'229324A4','2018-08-17 06:59:20',1),
 (1711,105,'95497F63','2018-08-17 06:59:25',1),
 (1712,105,'8C0644BA','2018-08-17 06:59:35',1),
 (1713,101,'07901755','2018-08-17 06:59:37',1),
 (1714,107,'E880B82A','2018-08-17 06:59:52',1),
 (1715,105,'3DA8B226','2018-08-17 07:00:00',1),
 (1716,103,'8DB842EF','2018-08-17 07:00:13',1),
 (1717,105,'CB99D1E8','2018-08-17 07:00:14',1),
 (1718,101,'0FFA272B','2018-08-17 07:00:17',1),
 (1719,104,'7CB9642F','2018-08-17 07:00:20',1),
 (1720,105,'76118CDC','2018-08-17 07:00:36',1),
 (1721,102,'4382D92D','2018-08-17 07:00:54',1),
 (1722,104,'DD6E2C0C','2018-08-17 07:01:41',1),
 (1723,0,'9E06A774','2018-08-17 07:00:00',1),
 (1724,105,'4DAC9951','2018-08-17 07:35:04',1),
 (1726,0,'2305D772','2018-08-16 07:00:00',1),
 (1727,0,'2305D772','2018-08-16 15:30:00',0),
 (1728,0,'2305D772','2018-08-17 07:00:00',1),
 (1729,0,'12565C60','2018-08-17 07:00:00',1),
 (1730,107,'2305D772','2018-08-17 08:30:25',0),
 (1731,107,'2305D772','2018-08-17 08:30:33',1),
 (1732,101,'E77BFAEA','2018-08-17 09:51:06',0),
 (1733,105,'F1EE0555','2018-08-17 11:47:42',1),
 (1734,105,'E06BE060','2018-08-17 11:55:59',1),
 (1735,104,'8E5F0240','2018-08-17 11:56:45',1),
 (1736,103,'CEA28723','2018-08-17 12:02:36',0),
 (1737,104,'D2C39273','2018-08-17 12:17:49',1),
 (1738,103,'CEA28723','2018-08-17 12:24:54',1),
 (1739,0,'76E920D9','2018-08-17 10:00:00',1),
 (1740,101,'935B799E','2018-08-17 13:31:20',0),
 (1741,101,'0FFA272B','2018-08-17 15:01:49',0),
 (1742,101,'1B2052DE','2018-08-17 15:10:55',0),
 (1743,101,'07901755','2018-08-17 15:11:09',0),
 (1744,101,'67637925','2018-08-17 15:30:10',0),
 (1745,105,'4E04B5FE','2018-08-17 15:31:29',0),
 (1746,105,'58EB7EA1','2018-08-17 15:31:37',0),
 (1747,104,'CEC9A3DA','2018-08-17 15:31:41',0),
 (1748,103,'B5A117E9','2018-08-17 15:31:42',0),
 (1749,105,'4DAC9951','2018-08-17 15:31:43',0),
 (1750,107,'B7A6171D','2018-08-17 15:31:45',0),
 (1752,107,'CEBCC740','2018-08-17 15:31:54',0),
 (1753,101,'229324A4','2018-08-17 15:31:54',0),
 (1754,104,'922370AA','2018-08-17 15:31:56',0),
 (1755,105,'95497F63','2018-08-17 15:31:57',0),
 (1756,103,'D2CC71D4','2018-08-17 15:31:58',0),
 (1757,104,'7CB9642F','2018-08-17 15:32:02',0),
 (1758,105,'FCE87D9F','2018-08-17 15:32:04',0),
 (1759,107,'2305D772','2018-08-17 15:32:05',0),
 (1760,106,'29C03912','2018-08-17 15:32:10',0),
 (1761,105,'408B195F','2018-08-17 15:32:10',0),
 (1762,107,'B6902696','2018-08-17 15:32:12',0),
 (1763,103,'0B8C3085','2018-08-17 15:32:12',0),
 (1764,104,'28DC3FB8','2018-08-17 15:32:13',0),
 (1765,107,'DFE4EB13','2018-08-17 15:32:19',0),
 (1766,103,'45E5059F','2018-08-17 15:32:22',0),
 (1767,104,'2A7F5D99','2018-08-17 15:32:24',0),
 (1768,105,'12565C60','2018-08-17 15:32:27',0),
 (1769,104,'2986FF85','2018-08-17 15:32:34',0),
 (1770,103,'8D9E5710','2018-08-17 15:32:36',0),
 (1771,107,'E880B82A','2018-08-17 15:32:38',0),
 (1772,104,'AB8204A4','2018-08-17 15:32:44',0),
 (1773,103,'99F0C0FA','2018-08-17 15:32:47',0),
 (1774,105,'CB99D1E8','2018-08-17 15:32:48',0),
 (1775,105,'76118CDC','2018-08-17 15:32:53',0),
 (1776,103,'BE51FA92','2018-08-17 15:32:54',0),
 (1777,105,'8C0644BA','2018-08-17 15:32:58',0),
 (1778,103,'4C459F1E','2018-08-17 15:33:05',0),
 (1779,105,'E8A58074','2018-08-17 15:33:05',0),
 (1780,105,'3DA8B226','2018-08-17 15:33:13',0),
 (1781,103,'CEA28723','2018-08-17 15:33:14',0),
 (1782,105,'D1D2C387','2018-08-17 15:33:20',0),
 (1783,103,'6CA0FF4A','2018-08-17 15:33:24',0),
 (1784,104,'CF697DE6','2018-08-17 15:33:25',0),
 (1785,105,'398B1563','2018-08-17 15:33:50',0),
 (1786,104,'DD6E2C0C','2018-08-17 15:34:19',0),
 (1787,103,'8DB842EF','2018-08-17 15:34:29',0),
 (1788,0,'9E06A774','2018-08-17 15:34:38',0),
 (1789,105,'4E6E296E','2018-08-17 15:34:47',0),
 (1790,105,'08D745A6','2018-08-17 15:35:12',0),
 (1791,103,'DFDFE648','2018-08-17 15:35:12',0),
 (1792,103,'76E920D9','2018-08-17 15:36:32',0),
 (1793,103,'1D52BFA2','2018-08-17 15:37:01',0),
 (1794,102,'4382D92D','2018-08-17 16:04:20',0),
 (1796,104,'D2C39273','2018-08-17 16:31:54',0),
 (1797,104,'D2C39273','2018-08-17 16:57:38',1),
 (1798,105,'E06BE060','2018-08-17 20:31:33',0),
 (1799,104,'D2C39273','2018-08-17 20:33:09',0),
 (1800,104,'8E5F0240','2018-08-17 20:33:16',0),
 (1801,105,'F1EE0555','2018-08-17 20:36:53',0),
 (1803,105,'4E6E296E','2018-08-18 05:46:33',1),
 (1804,103,'76E920D9','2018-08-18 05:50:45',1),
 (1805,105,'408B195F','2018-08-18 05:51:31',1),
 (1806,103,'0B8C3085','2018-08-18 05:51:35',1),
 (1807,105,'F1EE0555','2018-08-18 05:51:42',1),
 (1808,103,'4C459F1E','2018-08-18 05:52:23',1),
 (1809,104,'2A7F5D99','2018-08-18 05:53:01',1),
 (1810,107,'DFE4EB13','2018-08-18 05:54:58',1),
 (1811,103,'DFDFE648','2018-08-18 05:55:00',1),
 (1812,107,'CEBCC740','2018-08-18 05:55:14',1),
 (1813,104,'28DC3FB8','2018-08-18 05:55:34',1),
 (1814,104,'7CB9642F','2018-08-18 05:55:42',1),
 (1816,107,'B6902696','2018-08-18 05:55:55',1),
 (1817,101,'1B2052DE','2018-08-18 05:55:58',1),
 (1818,101,'07901755','2018-08-18 05:56:08',1),
 (1819,103,'8DB842EF','2018-08-18 05:56:27',1),
 (1820,105,'CB99D1E8','2018-08-18 05:56:28',1),
 (1821,107,'B7A6171D','2018-08-18 05:56:33',1),
 (1822,105,'8C0644BA','2018-08-18 05:56:44',1),
 (1823,107,'2305D772','2018-08-18 05:56:45',1),
 (1824,105,'E06BE060','2018-08-18 05:57:01',1),
 (1825,105,'D1D2C387','2018-08-18 05:57:14',1),
 (1826,104,'CEC9A3DA','2018-08-18 05:57:45',1),
 (1827,106,'29C03912','2018-08-18 05:57:57',1),
 (1828,104,'D2C39273','2018-08-18 05:58:20',1),
 (1829,103,'CEA28723','2018-08-18 05:58:32',1),
 (1830,105,'4E04B5FE','2018-08-18 05:58:39',1),
 (1831,105,'FCE87D9F','2018-08-18 05:59:02',1),
 (1832,104,'922370AA','2018-08-18 05:59:05',1),
 (1833,104,'8E5F0240','2018-08-18 05:59:18',1),
 (1834,104,'DD6E2C0C','2018-08-18 05:59:30',1),
 (1835,105,'95497F63','2018-08-18 05:59:40',1),
 (1836,104,'AB8204A4','2018-08-18 06:00:59',1),
 (1837,105,'08D745A6','2018-08-18 06:01:09',1),
 (1838,107,'E880B82A','2018-08-18 06:05:01',1),
 (1839,103,'6CA0FF4A','2018-08-18 06:05:03',1),
 (1840,103,'D2CC71D4','2018-08-18 06:05:10',1),
 (1841,103,'8D9E5710','2018-08-18 06:05:36',1),
 (1842,104,'2986FF85','2018-08-18 06:08:29',1),
 (1843,101,'229324A4','2018-08-18 06:12:56',1),
 (1844,105,'E8A58074','2018-08-18 06:22:03',1),
 (1846,0,'4382D92D','2018-08-18 07:00:00',1),
 (1847,105,'76118CDC','2018-08-18 07:37:36',1),
 (1848,105,'4E04B5FE','2018-08-18 11:01:29',0),
 (1849,105,'408B195F','2018-08-18 11:01:35',0),
 (1850,103,'D2CC71D4','2018-08-18 11:01:38',0),
 (1851,105,'FCE87D9F','2018-08-18 11:01:41',0),
 (1852,105,'95497F63','2018-08-18 11:01:51',0),
 (1853,101,'229324A4','2018-08-18 11:01:51',0),
 (1854,103,'4C459F1E','2018-08-18 11:01:54',0),
 (1855,105,'F1EE0555','2018-08-18 11:01:57',0),
 (1856,105,'8C0644BA','2018-08-18 11:02:02',0),
 (1857,101,'1B2052DE','2018-08-18 11:02:04',0),
 (1858,107,'DFE4EB13','2018-08-18 11:02:07',0),
 (1859,104,'2986FF85','2018-08-18 11:02:09',0),
 (1860,104,'7CB9642F','2018-08-18 11:02:17',0),
 (1861,103,'0B8C3085','2018-08-18 11:02:19',0),
 (1862,107,'CEBCC740','2018-08-18 11:02:21',0),
 (1863,104,'28DC3FB8','2018-08-18 11:02:23',0),
 (1864,107,'B6902696','2018-08-18 11:02:28',0),
 (1865,105,'E06BE060','2018-08-18 11:02:30',0),
 (1866,104,'922370AA','2018-08-18 11:02:32',0),
 (1867,105,'CB99D1E8','2018-08-18 11:02:36',0),
 (1868,106,'29C03912','2018-08-18 11:02:38',0),
 (1869,107,'B7A6171D','2018-08-18 11:02:39',0),
 (1870,105,'D1D2C387','2018-08-18 11:02:43',0),
 (1871,104,'2A7F5D99','2018-08-18 11:02:45',0),
 (1872,103,'DFDFE648','2018-08-18 11:02:49',0),
 (1873,107,'E880B82A','2018-08-18 11:02:51',0),
 (1874,104,'DD6E2C0C','2018-08-18 11:02:51',0),
 (1875,105,'76118CDC','2018-08-18 11:02:54',0),
 (1876,107,'2305D772','2018-08-18 11:02:58',0),
 (1878,101,'07901755','2018-08-18 11:03:11',0),
 (1879,104,'CEC9A3DA','2018-08-18 11:03:18',0),
 (1880,103,'CEA28723','2018-08-18 11:03:26',0),
 (1881,105,'08D745A6','2018-08-18 11:03:26',0),
 (1882,104,'AB8204A4','2018-08-18 11:03:32',0),
 (1883,103,'8D9E5710','2018-08-18 11:03:34',0),
 (1884,103,'76E920D9','2018-08-18 11:03:50',0),
 (1885,105,'E8A58074','2018-08-18 11:03:55',0),
 (1886,103,'6CA0FF4A','2018-08-18 11:04:16',0),
 (1888,103,'99F0C0FA','2018-08-18 11:04:40',0),
 (1889,104,'8E5F0240','2018-08-18 11:04:45',0),
 (1890,105,'4E6E296E','2018-08-18 11:04:47',0),
 (1891,103,'8DB842EF','2018-08-18 11:05:06',0),
 (1892,0,'C1E4758D','2018-08-18 06:00:00',1),
 (1894,104,'D2C39273','2018-08-18 11:09:24',0),
 (1896,102,'4382D92D','2018-08-18 12:15:27',0),
 (1897,105,'4E6E296E','2018-08-20 06:18:01',1),
 (1899,101,'1B2052DE','2018-08-20 06:40:37',1),
 (1900,104,'2A7F5D99','2018-08-20 06:45:52',1),
 (1901,103,'BE51FA92','2018-08-20 06:46:04',1),
 (1902,103,'0B8C3085','2018-08-20 06:46:14',1),
 (1903,104,'28DC3FB8','2018-08-20 06:47:33',1),
 (1904,105,'398B1563','2018-08-20 06:49:12',1),
 (1905,103,'DFDFE648','2018-08-20 06:49:38',1),
 (1906,103,'76E920D9','2018-08-20 06:52:15',1),
 (1907,101,'67637925','2018-08-20 06:52:25',1),
 (1908,103,'6CA0FF4A','2018-08-20 06:53:54',1),
 (1909,106,'C1E4758D','2018-08-20 06:54:32',1),
 (1910,107,'DFE4EB13','2018-08-20 06:54:41',1),
 (1911,103,'4C459F1E','2018-08-20 06:55:08',1),
 (1912,105,'CB99D1E8','2018-08-20 06:55:21',1),
 (1913,104,'D2C39273','2018-08-20 06:55:22',1),
 (1914,107,'B7A6171D','2018-08-20 06:55:52',1),
 (1915,103,'CEA28723','2018-08-20 06:56:14',1),
 (1916,107,'2305D772','2018-08-20 06:56:18',1),
 (1917,103,'8DB842EF','2018-08-20 06:57:19',1),
 (1918,106,'29C03912','2018-08-20 06:57:24',1),
 (1919,103,'ADD650A8','2018-08-20 06:57:26',1),
 (1920,103,'D2CC71D4','2018-08-20 06:57:34',1),
 (1921,103,'8D9E5710','2018-08-20 06:57:53',1),
 (1922,104,'CEC9A3DA','2018-08-20 06:58:11',1),
 (1923,101,'935B799E','2018-08-20 06:58:13',1),
 (1924,103,'1D52BFA2','2018-08-20 06:58:25',1),
 (1925,104,'7CB9642F','2018-08-20 06:58:39',1),
 (1926,101,'229324A4','2018-08-20 06:58:56',1),
 (1927,105,'E8A58074','2018-08-20 06:59:05',1),
 (1928,105,'12565C60','2018-08-20 06:59:22',1),
 (1929,103,'8A90B9A3','2018-08-20 06:59:27',1),
 (1930,104,'2986FF85','2018-08-20 06:59:29',1),
 (1931,105,'408B195F','2018-08-20 06:59:30',1),
 (1932,105,'95497F63','2018-08-20 06:59:38',1),
 (1933,107,'E880B82A','2018-08-20 06:59:55',1),
 (1934,104,'922370AA','2018-08-20 07:00:12',1),
 (1935,105,'76B87761','2018-08-20 07:00:36',1),
 (1936,101,'07901755','2018-08-20 07:00:50',1),
 (1937,104,'DD6E2C0C','2018-08-20 07:01:02',1),
 (1938,105,'8C0644BA','2018-08-20 07:01:47',1),
 (1939,102,'4382D92D','2018-08-20 07:01:49',1),
 (1940,104,'8E5F0240','2018-08-20 07:02:06',1),
 (1941,105,'D1D2C387','2018-08-20 07:04:13',1),
 (1942,103,'1D52BFA2','2018-08-20 07:04:45',0),
 (1943,103,'8A90B9A3','2018-08-20 07:07:41',0),
 (1944,105,'398B1563','2018-08-20 07:10:21',0),
 (1945,0,'FCE87D9F','2018-08-20 07:00:00',1),
 (1946,0,'76118CDC','2018-08-20 07:00:00',1),
 (1948,0,'3DA8B226','2018-08-20 07:00:00',1),
 (1949,0,'AB8204A4','2018-08-20 07:00:00',1),
 (1950,105,'08D745A6','2018-08-20 07:28:12',1),
 (1951,0,'C1E4758D','2018-08-18 11:00:00',0),
 (1952,103,'8DB842EF','2018-08-20 10:33:02',0),
 (1953,105,'F1EE0555','2018-08-20 10:51:43',1),
 (1954,105,'E06BE060','2018-08-20 10:57:46',1),
 (1955,0,'D2C39273','2018-08-13 20:30:00',0),
 (1956,105,'D1D2C387','2018-08-20 11:06:30',0),
 (1957,0,'E77BFAEA','2018-08-13 07:00:00',1),
 (1958,0,'E77BFAEA','2018-08-16 07:00:00',1),
 (1959,0,'E77BFAEA','2018-08-17 07:00:00',1),
 (1960,0,'408B195F','2018-08-15 11:30:00',0),
 (1961,0,'76B87761','2018-08-17 15:30:00',0),
 (1962,102,'4382D92D','2018-08-20 11:31:11',0),
 (1963,0,'99F0C0FA','2018-08-18 06:00:00',1),
 (1964,0,'67637925','2018-08-15 07:00:00',1),
 (1965,0,'67637925','2018-08-17 07:00:00',1),
 (1966,0,'398B1563','2018-08-14 15:30:00',0),
 (1967,0,'8DB842EF','2018-08-16 16:00:00',0),
 (1968,101,'67637925','2018-08-20 15:46:09',0),
 (1969,104,'7CB9642F','2018-08-20 15:55:21',0),
 (1970,0,'ADD650A8','2018-08-16 07:45:00',0),
 (1971,104,'2A7F5D99','2018-08-20 16:30:27',0),
 (1972,104,'922370AA','2018-08-20 16:31:30',0),
 (1973,105,'95497F63','2018-08-20 16:31:41',0),
 (1974,101,'07901755','2018-08-20 16:31:42',0),
 (1975,105,'8C0644BA','2018-08-20 16:31:48',0),
 (1976,104,'CEC9A3DA','2018-08-20 16:31:56',0),
 (1977,0,'BE51FA92','2018-08-20 15:30:00',0),
 (1978,104,'DD6E2C0C','2018-08-20 16:32:08',0),
 (1979,106,'C1E4758D','2018-08-20 16:32:14',0),
 (1980,101,'1B2052DE','2018-08-20 16:32:34',0),
 (1981,0,'935B799E','2018-08-20 15:30:00',0),
 (1982,105,'CB99D1E8','2018-08-20 16:32:49',0),
 (1983,104,'28DC3FB8','2018-08-20 16:33:19',0),
 (1984,0,'CEBCC740','2018-08-20 12:00:00',1),
 (1985,101,'229324A4','2018-08-20 16:34:37',0),
 (1986,105,'08D745A6','2018-08-20 16:35:32',0),
 (1987,106,'29C03912','2018-08-20 16:40:00',0),
 (1988,104,'AB8204A4','2018-08-20 16:40:39',0),
 (1989,104,'2986FF85','2018-08-20 16:43:41',0),
 (1990,105,'12565C60','2018-08-20 16:46:52',0),
 (1992,107,'B7A6171D','2018-08-20 17:30:17',0),
 (1993,107,'2305D772','2018-08-20 17:30:26',0),
 (1994,107,'DFE4EB13','2018-08-20 17:31:04',0),
 (1995,107,'CEBCC740','2018-08-20 17:31:14',0),
 (1996,107,'E880B82A','2018-08-20 17:31:25',0),
 (1997,103,'4C459F1E','2018-08-20 17:31:42',0),
 (1998,103,'6CA0FF4A','2018-08-20 17:32:06',0),
 (1999,104,'D2C39273','2018-08-20 17:32:08',0),
 (2000,103,'ADD650A8','2018-08-20 17:32:15',0),
 (2001,103,'8D9E5710','2018-08-20 17:32:23',0),
 (2002,103,'76E920D9','2018-08-20 17:33:10',0),
 (2003,105,'76B87761','2018-08-20 17:33:15',0),
 (2004,105,'E8A58074','2018-08-20 17:33:24',0),
 (2005,103,'DFDFE648','2018-08-20 17:33:32',0),
 (2006,103,'CEA28723','2018-08-20 17:33:40',0),
 (2007,105,'4E6E296E','2018-08-20 17:33:56',0),
 (2008,103,'D2CC71D4','2018-08-20 17:34:33',0),
 (2009,103,'0B8C3085','2018-08-20 17:34:46',0),
 (2010,104,'8E5F0240','2018-08-20 17:38:35',0),
 (2011,105,'E06BE060','2018-08-20 20:30:32',0),
 (2012,105,'F1EE0555','2018-08-20 20:30:41',0),
 (2017,105,'4E6E296E','2018-08-21 06:23:40',1),
 (2018,101,'67637925','2018-08-21 06:44:54',1),
 (2019,101,'1B2052DE','2018-08-21 06:46:16',1),
 (2020,103,'BE51FA92','2018-08-21 06:47:13',1),
 (2021,104,'28DC3FB8','2018-08-21 06:47:46',1),
 (2022,105,'398B1563','2018-08-21 06:48:23',1),
 (2023,103,'DFDFE648','2018-08-21 06:50:51',1),
 (2024,105,'4E04B5FE','2018-08-21 06:50:58',1),
 (2025,103,'0B8C3085','2018-08-21 06:51:40',1),
 (2026,103,'4C459F1E','2018-08-21 06:51:50',1),
 (2027,105,'58EB7EA1','2018-08-21 06:52:57',1),
 (2028,105,'12565C60','2018-08-21 06:53:19',1),
 (2029,106,'29C03912','2018-08-21 06:53:40',1),
 (2030,107,'CEBCC740','2018-08-21 06:53:54',1),
 (2031,104,'8E5F0240','2018-08-21 06:54:17',1),
 (2032,106,'C1E4758D','2018-08-21 06:55:16',1),
 (2034,107,'DFE4EB13','2018-08-21 06:55:19',1),
 (2035,104,'2A7F5D99','2018-08-21 06:55:37',1),
 (2036,104,'7CB9642F','2018-08-21 06:56:30',1),
 (2037,105,'BEAFDB2F','2018-08-21 06:56:58',1),
 (2038,107,'B7A6171D','2018-08-21 06:57:08',1),
 (2039,107,'FF591F68','2018-08-21 06:57:19',1),
 (2040,107,'2305D772','2018-08-21 06:57:34',1),
 (2041,103,'76E920D9','2018-08-21 06:57:40',1),
 (2042,101,'935B799E','2018-08-21 06:57:54',1),
 (2043,103,'8D9E5710','2018-08-21 06:57:55',1),
 (2044,103,'CEA28723','2018-08-21 06:58:11',1),
 (2045,105,'FCE87D9F','2018-08-21 06:58:33',1),
 (2046,103,'D2CC71D4','2018-08-21 06:58:41',1),
 (2047,101,'229324A4','2018-08-21 06:58:45',1),
 (2048,104,'D2C39273','2018-08-21 06:58:47',1),
 (2049,104,'922370AA','2018-08-21 06:58:55',1),
 (2050,105,'76B87761','2018-08-21 06:58:56',1),
 (2051,103,'6CA0FF4A','2018-08-21 06:59:17',1),
 (2052,105,'3DA8B226','2018-08-21 06:59:28',1),
 (2053,104,'AB8204A4','2018-08-21 06:59:29',1),
 (2054,103,'ADD650A8','2018-08-21 06:59:33',1),
 (2055,105,'95497F63','2018-08-21 06:59:36',1),
 (2056,103,'1D52BFA2','2018-08-21 06:59:45',1),
 (2057,105,'E8A58074','2018-08-21 07:00:08',1),
 (2058,105,'CB99D1E8','2018-08-21 07:00:19',1),
 (2059,104,'2986FF85','2018-08-21 07:00:23',1),
 (2060,107,'E880B82A','2018-08-21 07:00:28',1),
 (2061,101,'07901755','2018-08-21 07:00:39',1),
 (2062,104,'CEC9A3DA','2018-08-21 07:00:58',1),
 (2063,105,'08D745A6','2018-08-21 07:01:01',1),
 (2064,105,'8C0644BA','2018-08-21 07:01:09',1),
 (2065,104,'2A972897','2018-08-21 07:01:44',1),
 (2066,105,'76118CDC','2018-08-21 07:01:52',1),
 (2067,105,'408B195F','2018-08-21 07:01:58',1),
 (2068,104,'DD6E2C0C','2018-08-21 07:04:12',1),
 (2069,0,'4382D92D','2018-08-20 11:55:00',1),
 (2070,0,'4382D92D','2018-08-20 17:15:00',0),
 (2071,0,'4382D92D','2018-08-21 06:55:11',1),
 (2072,105,'4DAC9951','2018-08-21 07:32:06',1),
 (2074,105,'76B87761','2018-08-21 09:39:36',0),
 (2075,0,'408B195F','2018-08-20 16:30:00',0),
 (2076,105,'F1EE0555','2018-08-21 10:54:57',1),
 (2077,105,'E06BE060','2018-08-21 11:58:32',1),
 (2078,103,'76E920D9','2018-08-21 15:01:30',0),
 (2079,105,'408B195F','2018-08-21 15:28:13',0),
 (2080,103,'BE51FA92','2018-08-21 15:31:45',0),
 (2081,101,'935B799E','2018-08-21 15:31:49',0),
 (2082,107,'2305D772','2018-08-21 15:34:55',0),
 (2083,105,'4DAC9951','2018-08-21 15:56:25',0),
 (2084,101,'67637925','2018-08-21 16:03:43',0),
 (2085,101,'229324A4','2018-08-21 16:31:20',0),
 (2086,101,'1B2052DE','2018-08-21 16:31:33',0),
 (2087,106,'C1E4758D','2018-08-21 16:31:39',0),
 (2088,104,'2A972897','2018-08-21 16:31:40',0),
 (2089,101,'07901755','2018-08-21 16:31:48',0),
 (2090,105,'8C0644BA','2018-08-21 16:31:52',0),
 (2091,104,'7CB9642F','2018-08-21 16:31:58',0),
 (2092,104,'AB8204A4','2018-08-21 16:32:08',0),
 (2093,104,'DD6E2C0C','2018-08-21 16:32:19',0),
 (2094,103,'DFDFE648','2018-08-21 16:32:19',0),
 (2095,104,'922370AA','2018-08-21 16:32:27',0),
 (2096,104,'28DC3FB8','2018-08-21 16:32:35',0),
 (2097,104,'2A7F5D99','2018-08-21 16:33:00',0),
 (2098,104,'2986FF85','2018-08-21 16:33:13',0),
 (2099,106,'29C03912','2018-08-21 16:38:10',0),
 (2101,105,'4E6E296E','2018-08-21 17:16:57',0),
 (2102,105,'4E04B5FE','2018-08-21 17:31:13',0),
 (2103,105,'95497F63','2018-08-21 17:31:20',0),
 (2105,105,'3DA8B226','2018-08-21 17:31:39',0),
 (2106,103,'4C459F1E','2018-08-21 17:31:47',0),
 (2107,107,'B7A6171D','2018-08-21 17:31:52',0),
 (2108,105,'FCE87D9F','2018-08-21 17:31:56',0),
 (2109,103,'1D52BFA2','2018-08-21 17:31:58',0),
 (2110,107,'CEBCC740','2018-08-21 17:32:01',0),
 (2111,105,'E8A58074','2018-08-21 17:32:09',0),
 (2112,103,'ADD650A8','2018-08-21 17:32:10',0),
 (2113,107,'DFE4EB13','2018-08-21 17:32:11',0),
 (2114,105,'BEAFDB2F','2018-08-21 17:32:17',0),
 (2115,103,'0B8C3085','2018-08-21 17:32:18',0),
 (2116,107,'E880B82A','2018-08-21 17:32:22',0),
 (2117,105,'12565C60','2018-08-21 17:32:24',0),
 (2118,103,'6CA0FF4A','2018-08-21 17:32:26',0),
 (2119,103,'CEA28723','2018-08-21 17:32:36',0),
 (2120,105,'76118CDC','2018-08-21 17:32:40',0),
 (2121,103,'D2CC71D4','2018-08-21 17:32:45',0),
 (2122,103,'8D9E5710','2018-08-21 17:32:54',0),
 (2123,105,'08D745A6','2018-08-21 17:33:11',0),
 (2124,105,'398B1563','2018-08-21 17:33:27',0),
 (2125,105,'58EB7EA1','2018-08-21 17:33:35',0),
 (2126,104,'CEC9A3DA','2018-08-21 17:34:17',0),
 (2127,105,'CB99D1E8','2018-08-21 17:34:19',0),
 (2129,104,'8E5F0240','2018-08-21 17:34:32',0),
 (2130,104,'D2C39273','2018-08-21 17:35:38',0),
 (2131,107,'FF591F68','2018-08-21 17:35:59',0),
 (2132,102,'4382D92D','2018-08-21 17:55:25',0),
 (2133,105,'E06BE060','2018-08-21 20:30:07',0),
 (2134,105,'F1EE0555','2018-08-21 20:32:15',0),
 (2135,105,'4E6E296E','2018-08-22 06:13:08',1),
 (2136,101,'67637925','2018-08-22 06:42:40',1),
 (2137,105,'E8A58074','2018-08-22 06:45:48',1),
 (2138,101,'1B2052DE','2018-08-22 06:46:15',1),
 (2139,104,'28DC3FB8','2018-08-22 06:46:35',1),
 (2140,107,'FF591F68','2018-08-22 06:48:52',1),
 (2141,103,'0B8C3085','2018-08-22 06:49:33',1),
 (2142,103,'4C459F1E','2018-08-22 06:50:01',1),
 (2143,105,'12565C60','2018-08-22 06:50:06',1),
 (2144,105,'398B1563','2018-08-22 06:50:28',1),
 (2145,103,'DFDFE648','2018-08-22 06:50:55',1),
 (2146,105,'58EB7EA1','2018-08-22 06:51:25',1),
 (2147,103,'CEA28723','2018-08-22 06:51:44',1),
 (2148,105,'BEAFDB2F','2018-08-22 06:51:49',1),
 (2149,105,'FCE87D9F','2018-08-22 06:53:17',1),
 (2150,105,'CB99D1E8','2018-08-22 06:53:22',1),
 (2151,106,'29C03912','2018-08-22 06:54:37',1),
 (2152,104,'8E5F0240','2018-08-22 06:54:42',1),
 (2153,103,'ADD650A8','2018-08-22 06:55:31',1),
 (2154,105,'3DA8B226','2018-08-22 06:55:37',1),
 (2155,103,'8D9E5710','2018-08-22 06:55:42',1),
 (2156,107,'B6902696','2018-08-22 06:57:26',1),
 (2157,107,'B7A6171D','2018-08-22 06:57:39',1),
 (2158,104,'7CB9642F','2018-08-22 06:57:42',1),
 (2159,107,'CEBCC740','2018-08-22 06:57:51',1),
 (2160,104,'2A7F5D99','2018-08-22 06:58:21',1),
 (2162,107,'DFE4EB13','2018-08-22 06:58:44',1),
 (2163,104,'D2C39273','2018-08-22 06:58:54',1),
 (2164,105,'08D745A6','2018-08-22 06:58:58',1),
 (2165,104,'922370AA','2018-08-22 06:59:11',1),
 (2166,104,'2986FF85','2018-08-22 06:59:25',1),
 (2167,104,'AB8204A4','2018-08-22 06:59:34',1),
 (2168,104,'CEC9A3DA','2018-08-22 06:59:43',1),
 (2169,101,'935B799E','2018-08-22 06:59:52',1),
 (2170,105,'76B87761','2018-08-22 06:59:53',1),
 (2171,103,'1D52BFA2','2018-08-22 07:00:05',1),
 (2172,101,'229324A4','2018-08-22 07:00:06',1),
 (2173,101,'07901755','2018-08-22 07:00:21',1),
 (2174,104,'DD6E2C0C','2018-08-22 07:00:33',1),
 (2175,104,'2A972897','2018-08-22 07:00:44',1),
 (2176,107,'E880B82A','2018-08-22 07:01:03',1),
 (2177,103,'D2CC71D4','2018-08-22 07:01:06',1),
 (2178,105,'76118CDC','2018-08-22 07:01:34',1),
 (2179,103,'6CA0FF4A','2018-08-22 07:01:39',1),
 (2180,106,'C1E4758D','2018-08-22 07:02:00',1),
 (2181,105,'95497F63','2018-08-22 07:15:01',1),
 (2183,0,'82A8539F','2018-08-22 07:00:00',1),
 (2185,105,'4DAC9951','2018-08-22 07:38:01',1),
 (2187,0,'DF19620C','2018-08-22 07:00:00',1),
 (2188,0,'639D4185','2018-08-22 07:00:00',1),
 (2189,103,'BE51FA92','2018-08-22 10:42:50',1),
 (2190,105,'E06BE060','2018-08-22 10:55:28',1),
 (2191,105,'F1EE0555','2018-08-22 10:55:36',1),
 (2192,0,'B5A117E9','2018-08-22 07:00:00',1),
 (2193,0,'FCE87D9F','2018-08-20 17:30:00',0),
 (2195,0,'76118CDC','2018-08-20 16:30:00',0),
 (2196,0,'2CD387C2','2018-08-22 06:30:00',1),
 (2197,0,'8C0644BA','2018-08-22 06:00:00',1),
 (2198,101,'935B799E','2018-08-22 15:31:29',0),
 (2199,104,'2A972897','2018-08-22 15:31:49',0),
 (2200,103,'BE51FA92','2018-08-22 15:32:10',0),
 (2201,101,'1B2052DE','2018-08-22 15:32:29',0),
 (2202,101,'07901755','2018-08-22 15:32:37',0),
 (2203,101,'229324A4','2018-08-22 15:49:49',0),
 (2205,101,'67637925','2018-08-22 16:20:50',0),
 (2206,106,'C1E4758D','2018-08-22 16:30:15',0),
 (2207,105,'4DAC9951','2018-08-22 16:31:46',0),
 (2208,107,'E880B82A','2018-08-22 16:31:58',0),
 (2209,104,'AB8204A4','2018-08-22 16:32:03',0),
 (2210,103,'82A8539F','2018-08-22 16:32:17',0),
 (2211,104,'2A7F5D99','2018-08-22 16:32:17',0),
 (2212,104,'2986FF85','2018-08-22 16:32:34',0),
 (2213,104,'DD6E2C0C','2018-08-22 16:32:51',0),
 (2214,104,'7CB9642F','2018-08-22 16:32:57',0),
 (2215,103,'D2CC71D4','2018-08-22 16:33:24',0),
 (2216,103,'6CA0FF4A','2018-08-22 16:36:15',0),
 (2217,106,'29C03912','2018-08-22 16:48:39',0),
 (2218,105,'4E6E296E','2018-08-22 16:48:47',0),
 (2219,104,'DF19620C','2018-08-22 17:30:55',0),
 (2220,105,'4E04B5FE','2018-08-22 17:31:25',0),
 (2221,103,'639D4185','2018-08-22 17:31:30',0),
 (2222,107,'B7A6171D','2018-08-22 17:31:45',0),
 (2223,105,'12565C60','2018-08-22 17:31:53',0),
 (2224,107,'DFE4EB13','2018-08-22 17:31:54',0),
 (2225,105,'58EB7EA1','2018-08-22 17:32:00',0),
 (2226,103,'0B8C3085','2018-08-22 17:32:01',0),
 (2227,104,'28DC3FB8','2018-08-22 17:32:02',0),
 (2228,107,'CEBCC740','2018-08-22 17:32:04',0),
 (2229,105,'95497F63','2018-08-22 17:32:05',0),
 (2230,105,'BEAFDB2F','2018-08-22 17:32:11',0),
 (2231,103,'1D52BFA2','2018-08-22 17:32:13',0),
 (2232,105,'76B87761','2018-08-22 17:32:19',0),
 (2233,103,'CEA28723','2018-08-22 17:32:25',0),
 (2234,105,'398B1563','2018-08-22 17:32:26',0),
 (2235,105,'FCE87D9F','2018-08-22 17:32:32',0),
 (2236,105,'76118CDC','2018-08-22 17:32:40',0),
 (2237,105,'08D745A6','2018-08-22 17:32:51',0),
 (2238,105,'CB99D1E8','2018-08-22 17:32:59',0),
 (2240,105,'E8A58074','2018-08-22 17:33:14',0),
 (2241,107,'B6902696','2018-08-22 17:33:27',0),
 (2242,104,'922370AA','2018-08-22 17:34:25',0),
 (2243,107,'FF591F68','2018-08-22 17:34:27',0),
 (2244,104,'D2C39273','2018-08-22 17:34:48',0),
 (2245,104,'8E5F0240','2018-08-22 17:35:02',0),
 (2246,105,'3DA8B226','2018-08-22 17:39:00',0),
 (2247,103,'DFDFE648','2018-08-22 17:41:21',0),
 (2248,104,'CEC9A3DA','2018-08-22 18:33:25',0),
 (2249,103,'8D9E5710','2018-08-22 18:37:29',0),
 (2250,103,'B5A117E9','2018-08-22 18:37:42',0),
 (2251,103,'4C459F1E','2018-08-22 19:34:52',0),
 (2252,103,'ADD650A8','2018-08-22 19:34:57',0),
 (2253,105,'E06BE060','2018-08-22 20:31:21',0),
 (2254,105,'F1EE0555','2018-08-22 20:32:48',0),
 (2258,105,'4E6E296E','2018-08-23 06:04:09',1),
 (2259,103,'BE51FA92','2018-08-23 06:46:05',1),
 (2260,103,'DFDFE648','2018-08-23 06:46:13',1),
 (2261,105,'58EB7EA1','2018-08-23 06:47:25',1),
 (2262,103,'0B8C3085','2018-08-23 06:47:29',1),
 (2263,105,'12565C60','2018-08-23 06:47:32',1),
 (2264,104,'2A7F5D99','2018-08-23 06:47:48',1),
 (2265,101,'1B2052DE','2018-08-23 06:49:22',1),
 (2266,101,'67637925','2018-08-23 06:49:49',1),
 (2267,104,'28DC3FB8','2018-08-23 06:50:09',1),
 (2268,103,'4C459F1E','2018-08-23 06:50:10',1),
 (2269,103,'CEA28723','2018-08-23 06:50:19',1),
 (2270,105,'BEAFDB2F','2018-08-23 06:50:25',1),
 (2271,103,'99F0C0FA','2018-08-23 06:52:42',1),
 (2272,101,'07901755','2018-08-23 06:53:05',1),
 (2273,105,'E8A58074','2018-08-23 06:53:11',1),
 (2274,103,'639D4185','2018-08-23 06:53:56',1),
 (2275,106,'C1E4758D','2018-08-23 06:54:11',1),
 (2276,105,'398B1563','2018-08-23 06:54:13',1),
 (2277,107,'FF591F68','2018-08-23 06:54:19',1),
 (2278,106,'29C03912','2018-08-23 06:54:28',1),
 (2279,105,'8C0644BA','2018-08-23 06:54:51',1),
 (2280,107,'DFE4EB13','2018-08-23 06:55:18',1),
 (2281,105,'4E04B5FE','2018-08-23 06:55:43',1),
 (2282,101,'935B799E','2018-08-23 06:56:13',1),
 (2283,107,'B6902696','2018-08-23 06:56:48',1),
 (2285,104,'7CB9642F','2018-08-23 06:57:06',1),
 (2286,104,'DF19620C','2018-08-23 06:57:19',1),
 (2287,104,'D2C39273','2018-08-23 06:57:36',1),
 (2288,105,'FCE87D9F','2018-08-23 06:57:37',1),
 (2289,103,'1D52BFA2','2018-08-23 06:57:52',1),
 (2290,107,'B7A6171D','2018-08-23 06:58:16',1),
 (2291,104,'8E5F0240','2018-08-23 06:58:24',1),
 (2292,104,'922370AA','2018-08-23 06:58:32',1),
 (2293,103,'82A8539F','2018-08-23 06:58:38',1),
 (2294,104,'CEC9A3DA','2018-08-23 06:58:40',1),
 (2295,105,'CB99D1E8','2018-08-23 06:58:44',1),
 (2296,104,'AB8204A4','2018-08-23 06:58:59',1),
 (2297,103,'ADD650A8','2018-08-23 06:59:00',1),
 (2298,105,'08D745A6','2018-08-23 06:59:19',1),
 (2299,101,'229324A4','2018-08-23 06:59:33',1),
 (2300,105,'76118CDC','2018-08-23 06:59:37',1),
 (2301,104,'2986FF85','2018-08-23 06:59:40',1),
 (2302,103,'D2CC71D4','2018-08-23 06:59:54',1),
 (2303,105,'95497F63','2018-08-23 06:59:54',1),
 (2304,107,'E880B82A','2018-08-23 06:59:58',1),
 (2305,103,'8D9E5710','2018-08-23 07:00:04',1),
 (2306,103,'6CA0FF4A','2018-08-23 07:00:11',1),
 (2307,104,'DD6E2C0C','2018-08-23 07:00:12',1),
 (2308,103,'B5A117E9','2018-08-23 07:00:18',1),
 (2309,105,'3DA8B226','2018-08-23 07:00:28',1),
 (2310,105,'76B87761','2018-08-23 07:00:57',1),
 (2311,102,'4382D92D','2018-08-23 07:04:20',1),
 (2312,0,'2CD387C2','2018-08-23 06:30:11',1),
 (2314,0,'2CD387C2','2018-08-22 17:00:00',0),
 (2315,105,'4DAC9951','2018-08-23 07:21:58',1),
 (2316,0,'4E04B5FE','2018-08-22 07:00:00',1),
 (2319,103,'99F0C0FA','2018-08-23 09:13:08',0),
 (2320,105,'F1EE0555','2018-08-23 11:00:01',1),
 (2321,107,'CEBCC740','2018-08-23 11:00:54',1),
 (2322,103,'C0063C4C','2018-08-23 11:43:54',1),
 (2325,0,'124A2DED','2018-08-23 08:00:00',1),
 (2326,101,'67637925','2018-08-23 15:30:04',0),
 (2327,101,'935B799E','2018-08-23 15:30:15',0),
 (2328,105,'8C0644BA','2018-08-23 15:31:48',0),
 (2329,103,'BE51FA92','2018-08-23 15:32:04',0),
 (2330,101,'229324A4','2018-08-23 15:45:39',0),
 (2331,105,'124A2DED','2018-08-23 15:46:45',0),
 (2332,103,'C0063C4C','2018-08-23 16:13:43',0),
 (2333,101,'07901755','2018-08-23 16:22:46',0),
 (2334,101,'1B2052DE','2018-08-23 16:23:15',0),
 (2335,106,'C1E4758D','2018-08-23 16:30:21',0),
 (2336,105,'FCE87D9F','2018-08-23 16:31:56',0),
 (2337,105,'4DAC9951','2018-08-23 16:32:03',0),
 (2338,104,'2986FF85','2018-08-23 16:32:05',0),
 (2339,104,'2A7F5D99','2018-08-23 16:32:18',0),
 (2340,104,'AB8204A4','2018-08-23 16:32:29',0),
 (2341,103,'82A8539F','2018-08-23 16:32:30',0),
 (2342,104,'7CB9642F','2018-08-23 16:32:35',0),
 (2343,104,'28DC3FB8','2018-08-23 16:33:52',0),
 (2345,105,'4E6E296E','2018-08-23 16:45:20',0),
 (2346,105,'95497F63','2018-08-23 16:45:58',0),
 (2347,105,'2CD387C2','2018-08-23 17:01:46',0),
 (2348,105,'08D745A6','2018-08-23 17:06:35',0),
 (2349,107,'E880B82A','2018-08-23 17:31:39',0),
 (2350,106,'29C03912','2018-08-23 17:31:40',0),
 (2351,103,'4C459F1E','2018-08-23 17:31:41',0),
 (2352,105,'4E04B5FE','2018-08-23 17:31:43',0),
 (2353,104,'922370AA','2018-08-23 17:31:44',0),
 (2354,103,'B5A117E9','2018-08-23 17:31:48',0),
 (2355,107,'B7A6171D','2018-08-23 17:31:48',0),
 (2356,103,'1D52BFA2','2018-08-23 17:31:54',0),
 (2357,104,'CEC9A3DA','2018-08-23 17:31:54',0),
 (2358,107,'DFE4EB13','2018-08-23 17:31:58',0),
 (2359,105,'12565C60','2018-08-23 17:31:59',0),
 (2360,103,'DFDFE648','2018-08-23 17:32:00',0),
 (2361,104,'DD6E2C0C','2018-08-23 17:32:07',0),
 (2362,105,'CB99D1E8','2018-08-23 17:32:08',0),
 (2363,107,'CEBCC740','2018-08-23 17:32:08',0),
 (2364,103,'0B8C3085','2018-08-23 17:32:09',0),
 (2365,105,'BEAFDB2F','2018-08-23 17:32:16',0),
 (2366,103,'CEA28723','2018-08-23 17:32:18',0),
 (2367,105,'76118CDC','2018-08-23 17:32:23',0),
 (2368,103,'8D9E5710','2018-08-23 17:32:23',0),
 (2369,107,'B6902696','2018-08-23 17:32:24',0),
 (2370,105,'398B1563','2018-08-23 17:32:32',0),
 (2371,103,'ADD650A8','2018-08-23 17:32:32',0),
 (2372,105,'76B87761','2018-08-23 17:32:39',0),
 (2373,103,'6CA0FF4A','2018-08-23 17:32:43',0),
 (2374,105,'3DA8B226','2018-08-23 17:32:47',0),
 (2375,103,'D2CC71D4','2018-08-23 17:32:51',0),
 (2376,104,'DF19620C','2018-08-23 17:33:02',0),
 (2377,103,'639D4185','2018-08-23 17:33:03',0),
 (2379,105,'E8A58074','2018-08-23 17:33:18',0),
 (2380,104,'8E5F0240','2018-08-23 17:33:52',0),
 (2381,104,'D2C39273','2018-08-23 17:35:09',0),
 (2382,107,'FF591F68','2018-08-23 17:36:21',0),
 (2383,102,'4382D92D','2018-08-23 17:39:02',0),
 (2384,105,'F1EE0555','2018-08-23 20:31:21',0),
 (2386,105,'4E6E296E','2018-08-24 06:06:27',1),
 (2387,105,'2CD387C2','2018-08-24 06:28:14',1),
 (2388,101,'1B2052DE','2018-08-24 06:41:26',1),
 (2389,105,'398B1563','2018-08-24 06:44:40',1),
 (2390,101,'67637925','2018-08-24 06:44:57',1),
 (2391,103,'BE51FA92','2018-08-24 06:46:06',1),
 (2392,103,'0B8C3085','2018-08-24 06:46:20',1),
 (2393,103,'D2CC71D4','2018-08-24 06:46:28',1),
 (2394,104,'28DC3FB8','2018-08-24 06:46:56',1),
 (2395,105,'58EB7EA1','2018-08-24 06:48:45',1),
 (2396,103,'DFDFE648','2018-08-24 06:49:19',1),
 (2397,103,'6CA0FF4A','2018-08-24 06:49:27',1),
 (2398,105,'BEAFDB2F','2018-08-24 06:49:57',1),
 (2399,103,'CEA28723','2018-08-24 06:50:22',1),
 (2400,103,'4C459F1E','2018-08-24 06:51:01',1),
 (2401,106,'C1E4758D','2018-08-24 06:52:53',1),
 (2402,103,'99F0C0FA','2018-08-24 06:53:02',1),
 (2403,107,'FF591F68','2018-08-24 06:53:36',1),
 (2404,106,'29C03912','2018-08-24 06:53:51',1),
 (2405,105,'E8A58074','2018-08-24 06:54:11',1),
 (2406,104,'DF19620C','2018-08-24 06:54:36',1),
 (2407,105,'CB99D1E8','2018-08-24 06:54:50',1),
 (2408,105,'4E04B5FE','2018-08-24 06:55:09',1),
 (2409,105,'124A2DED','2018-08-24 06:55:20',1),
 (2410,105,'76118CDC','2018-08-24 06:55:40',1),
 (2411,105,'12565C60','2018-08-24 06:56:27',1),
 (2412,103,'8D9E5710','2018-08-24 06:56:28',1),
 (2413,105,'76B87761','2018-08-24 06:57:05',1),
 (2414,107,'E880B82A','2018-08-24 06:57:12',1),
 (2415,104,'7CB9642F','2018-08-24 06:57:14',1),
 (2416,101,'935B799E','2018-08-24 06:57:17',1),
 (2417,103,'B5A117E9','2018-08-24 06:57:23',1),
 (2418,104,'922370AA','2018-08-24 06:57:24',1),
 (2419,104,'D2C39273','2018-08-24 06:57:35',1),
 (2420,105,'08D745A6','2018-08-24 06:57:45',1),
 (2421,107,'B7A6171D','2018-08-24 06:57:50',1),
 (2422,104,'2A7F5D99','2018-08-24 06:57:50',1),
 (2423,105,'95497F63','2018-08-24 06:58:01',1),
 (2424,105,'FCE87D9F','2018-08-24 06:58:47',1),
 (2425,104,'8E5F0240','2018-08-24 06:58:51',1),
 (2426,104,'2A972897','2018-08-24 06:58:59',1),
 (2427,103,'639D4185','2018-08-24 06:59:06',1),
 (2428,104,'AB8204A4','2018-08-24 06:59:07',1),
 (2429,104,'DD6E2C0C','2018-08-24 06:59:13',1),
 (2430,105,'8C0644BA','2018-08-24 06:59:14',1),
 (2431,107,'B6902696','2018-08-24 06:59:15',1),
 (2432,103,'1D52BFA2','2018-08-24 06:59:21',1),
 (2434,101,'229324A4','2018-08-24 06:59:44',1),
 (2435,103,'ADD650A8','2018-08-24 06:59:49',1),
 (2436,104,'CEC9A3DA','2018-08-24 06:59:58',1),
 (2437,101,'07901755','2018-08-24 07:01:19',1),
 (2438,104,'2986FF85','2018-08-24 07:01:39',1),
 (2439,105,'3DA8B226','2018-08-24 07:02:23',1),
 (2440,107,'DFE4EB13','2018-08-24 07:26:25',1),
 (2441,105,'4DAC9951','2018-08-24 07:34:43',1),
 (2443,0,'93313988','2018-08-24 07:00:00',1),
 (2444,0,'C278A564','2018-08-24 07:00:00',1),
 (2445,0,'BAD139D6','2018-08-24 07:00:00',1),
 (2446,105,'F1EE0555','2018-08-24 09:41:36',1),
 (2447,0,'8C0644BA','2018-08-22 17:30:00',0),
 (2448,0,'3DA8B226','2018-08-20 16:30:00',0),
 (2449,105,'E06BE060','2018-08-24 10:56:19',1),
 (2450,103,'0B8C3085','2018-08-24 12:02:03',0),
 (2451,103,'99F0C0FA','2018-08-24 12:02:20',0),
 (2453,103,'99F0C0FA','2018-08-24 12:24:40',1),
 (2454,101,'935B799E','2018-08-24 13:31:12',0),
 (2455,101,'229324A4','2018-08-24 15:31:38',0),
 (2456,107,'E880B82A','2018-08-24 15:31:43',0),
 (2458,107,'B6902696','2018-08-24 15:31:49',0),
 (2459,101,'1B2052DE','2018-08-24 15:31:49',0),
 (2460,104,'2A972897','2018-08-24 15:31:54',0),
 (2461,106,'29C03912','2018-08-24 15:31:54',0),
 (2462,105,'95497F63','2018-08-24 15:31:55',0),
 (2463,107,'B7A6171D','2018-08-24 15:31:58',0),
 (2464,104,'CEC9A3DA','2018-08-24 15:32:14',0),
 (2465,101,'07901755','2018-08-24 15:32:21',0),
 (2466,104,'922370AA','2018-08-24 15:32:23',0),
 (2467,103,'BE51FA92','2018-08-24 15:32:27',0),
 (2468,104,'28DC3FB8','2018-08-24 15:32:34',0),
 (2469,104,'2986FF85','2018-08-24 15:32:40',0),
 (2470,107,'DFE4EB13','2018-08-24 15:32:41',0),
 (2471,103,'D2CC71D4','2018-08-24 15:32:42',0),
 (2472,104,'7CB9642F','2018-08-24 15:32:44',0),
 (2473,103,'CEA28723','2018-08-24 15:32:50',0),
 (2474,104,'2A7F5D99','2018-08-24 15:32:52',0),
 (2475,103,'B5A117E9','2018-08-24 15:32:57',0),
 (2476,104,'DD6E2C0C','2018-08-24 15:33:01',0),
 (2477,103,'DFDFE648','2018-08-24 15:33:20',0),
 (2478,103,'8D9E5710','2018-08-24 15:33:29',0),
 (2479,103,'1D52BFA2','2018-08-24 15:33:41',0),
 (2481,104,'8E5F0240','2018-08-24 15:34:00',0),
 (2482,103,'99F0C0FA','2018-08-24 15:34:13',0),
 (2483,103,'6CA0FF4A','2018-08-24 15:34:20',0),
 (2484,103,'ADD650A8','2018-08-24 15:34:30',0),
 (2485,104,'AB8204A4','2018-08-24 15:34:41',0),
 (2486,0,'93313988','2018-08-24 15:30:00',0),
 (2487,103,'4C459F1E','2018-08-24 15:35:39',0),
 (2488,104,'DF19620C','2018-08-24 15:35:42',0),
 (2489,103,'639D4185','2018-08-24 15:35:51',0),
 (2490,106,'C1E4758D','2018-08-24 15:36:00',0),
 (2491,101,'67637925','2018-08-24 15:36:51',0),
 (2492,105,'4E04B5FE','2018-08-24 15:37:22',0),
 (2493,105,'2CD387C2','2018-08-24 15:37:35',0),
 (2494,105,'58EB7EA1','2018-08-24 15:37:52',0),
 (2495,105,'3DA8B226','2018-08-24 15:38:00',0),
 (2496,105,'76B87761','2018-08-24 15:38:08',0),
 (2497,105,'FCE87D9F','2018-08-24 15:38:13',0),
 (2498,105,'BEAFDB2F','2018-08-24 15:38:21',0),
 (2499,105,'E8A58074','2018-08-24 15:38:32',0),
 (2500,105,'CB99D1E8','2018-08-24 15:38:42',0),
 (2501,105,'12565C60','2018-08-24 15:39:02',0),
 (2502,105,'124A2DED','2018-08-24 15:39:11',0),
 (2503,105,'8C0644BA','2018-08-24 15:39:19',0),
 (2504,105,'76118CDC','2018-08-24 15:39:27',0),
 (2505,105,'398B1563','2018-08-24 15:39:34',0),
 (2506,105,'4DAC9951','2018-08-24 15:39:43',0),
 (2507,105,'4E6E296E','2018-08-24 15:39:56',0),
 (2508,107,'FF591F68','2018-08-24 15:54:54',0),
 (2514,105,'E06BE060','2018-08-24 20:30:26',0),
 (2515,105,'F1EE0555','2018-08-24 20:30:54',0),
 (2516,101,'67637925','2018-08-24 20:54:47',1),
 (2517,101,'67637925','2018-08-24 21:08:06',0),
 (2522,101,'67637925','2018-08-25 05:45:50',1),
 (2523,103,'4C459F1E','2018-08-25 05:49:49',1),
 (2524,105,'4E6E296E','2018-08-25 05:50:19',1),
 (2525,105,'F1EE0555','2018-08-25 05:51:38',1),
 (2526,105,'4E04B5FE','2018-08-25 05:51:53',1),
 (2527,103,'8D9E5710','2018-08-25 05:52:01',1),
 (2528,103,'0B8C3085','2018-08-25 05:52:24',1),
 (2529,105,'12565C60','2018-08-25 05:52:35',1),
 (2530,105,'58EB7EA1','2018-08-25 05:53:03',1),
 (2531,106,'29C03912','2018-08-25 05:53:09',1),
 (2532,105,'BEAFDB2F','2018-08-25 05:53:22',1),
 (2533,103,'99F0C0FA','2018-08-25 05:53:45',1),
 (2534,105,'2CD387C2','2018-08-25 05:53:53',1),
 (2535,105,'FCE87D9F','2018-08-25 05:54:06',1),
 (2536,107,'DFE4EB13','2018-08-25 05:54:11',1),
 (2537,105,'8C0644BA','2018-08-25 05:54:17',1),
 (2538,107,'FF591F68','2018-08-25 05:54:32',1),
 (2539,105,'3DA8B226','2018-08-25 05:54:38',1),
 (2540,104,'28DC3FB8','2018-08-25 05:55:09',1),
 (2541,104,'CEC9A3DA','2018-08-25 05:55:30',1),
 (2542,104,'2A7F5D99','2018-08-25 05:55:53',1),
 (2543,103,'639D4185','2018-08-25 05:55:54',1),
 (2545,103,'CEA28723','2018-08-25 05:56:12',1),
 (2546,107,'B7A6171D','2018-08-25 05:56:12',1),
 (2547,104,'2A972897','2018-08-25 05:56:16',1),
 (2548,107,'B6902696','2018-08-25 05:56:33',1),
 (2549,105,'E8A58074','2018-08-25 05:56:58',1),
 (2550,104,'8E5F0240','2018-08-25 05:57:13',1),
 (2551,103,'6CA0FF4A','2018-08-25 05:57:16',1),
 (2552,104,'7CB9642F','2018-08-25 05:57:22',1),
 (2553,103,'D2CC71D4','2018-08-25 05:57:36',1),
 (2554,104,'AB8204A4','2018-08-25 05:58:01',1),
 (2555,103,'ADD650A8','2018-08-25 05:58:05',1),
 (2556,107,'E880B82A','2018-08-25 05:58:14',1),
 (2557,103,'DFDFE648','2018-08-25 05:58:25',1),
 (2558,103,'B5A117E9','2018-08-25 05:58:52',1),
 (2559,104,'922370AA','2018-08-25 05:59:20',1),
 (2560,104,'D2C39273','2018-08-25 05:59:44',1),
 (2561,105,'95497F63','2018-08-25 05:59:52',1),
 (2562,103,'1D52BFA2','2018-08-25 05:59:54',1),
 (2563,105,'93313988','2018-08-25 06:00:00',1),
 (2564,105,'76B87761','2018-08-25 06:00:24',1),
 (2565,105,'398B1563','2018-08-25 06:00:51',1),
 (2566,104,'2986FF85','2018-08-25 06:00:53',1),
 (2567,105,'CB99D1E8','2018-08-25 06:03:20',1),
 (2568,104,'DF19620C','2018-08-25 06:03:21',1),
 (2569,105,'08D745A6','2018-08-25 06:03:31',1),
 (2570,105,'76118CDC','2018-08-25 06:05:07',1),
 (2571,103,'BAD139D6','2018-08-25 06:17:03',1),
 (2572,105,'124A2DED','2018-08-25 06:17:04',1),
 (2573,106,'C1E4758D','2018-08-25 06:53:25',1),
 (2574,104,'DD6E2C0C','2018-08-25 06:58:00',1),
 (2575,102,'4382D92D','2018-08-25 07:21:29',1),
 (2576,105,'76118CDC','2018-08-25 09:56:14',0),
 (2577,103,'1D52BFA2','2018-08-25 11:01:09',0),
 (2578,103,'0B8C3085','2018-08-25 11:01:44',0),
 (2579,104,'2A972897','2018-08-25 11:01:47',0),
 (2580,104,'2986FF85','2018-08-25 11:02:06',0),
 (2581,104,'922370AA','2018-08-25 11:02:12',0),
 (2582,105,'124A2DED','2018-08-25 11:02:15',0),
 (2583,104,'CEC9A3DA','2018-08-25 11:02:31',0),
 (2584,104,'DD6E2C0C','2018-08-25 11:02:43',0),
 (2585,104,'2A7F5D99','2018-08-25 11:02:54',0),
 (2586,105,'58EB7EA1','2018-08-25 11:03:05',0),
 (2587,104,'28DC3FB8','2018-08-25 11:03:06',0),
 (2589,103,'6CA0FF4A','2018-08-25 11:03:31',0),
 (2590,105,'BEAFDB2F','2018-08-25 11:03:36',0),
 (2591,104,'8E5F0240','2018-08-25 11:03:41',0),
 (2592,103,'D2CC71D4','2018-08-25 11:03:48',0),
 (2593,105,'398B1563','2018-08-25 11:03:52',0),
 (2594,105,'76B87761','2018-08-25 11:04:19',0),
 (2595,104,'D2C39273','2018-08-25 11:04:36',0),
 (2597,0,'67637925','2018-08-25 07:00:00',0),
 (2598,0,'67637925','2018-08-25 11:00:00',1),
 (2599,105,'12565C60','2018-08-25 11:06:03',0),
 (2600,104,'7CB9642F','2018-08-25 11:07:46',0),
 (2601,0,'C278A564','2018-08-25 06:00:00',1),
 (2602,0,'C278A564','2018-08-24 15:30:00',0),
 (2603,0,'C278A564','2018-08-25 11:00:00',0),
 (2604,0,'C278A564','2018-08-25 11:45:00',1),
 (2605,103,'DFDFE648','2018-08-25 12:01:47',0),
 (2606,105,'F1EE0555','2018-08-25 12:02:19',0),
 (2607,103,'99F0C0FA','2018-08-25 12:03:27',0),
 (2608,102,'4382D92D','2018-08-25 12:19:41',0),
 (2609,103,'99F0C0FA','2018-08-25 12:26:40',1),
 (2610,105,'3DA8B226','2018-08-25 13:34:02',0),
 (2611,101,'67637925','2018-08-25 14:02:19',0),
 (2612,103,'8D9E5710','2018-08-25 16:30:46',0),
 (2613,103,'B5A117E9','2018-08-25 16:31:32',0),
 (2614,103,'BAD139D6','2018-08-25 16:57:14',0),
 (2615,105,'8C0644BA','2018-08-25 17:32:25',0),
 (2616,105,'4E04B5FE','2018-08-25 17:32:37',0),
 (2617,107,'E880B82A','2018-08-25 17:32:50',0),
 (2618,105,'95497F63','2018-08-25 17:33:02',0),
 (2619,107,'B7A6171D','2018-08-25 17:33:07',0),
 (2620,103,'639D4185','2018-08-25 17:33:08',0),
 (2621,105,'2CD387C2','2018-08-25 17:33:34',0),
 (2622,106,'C1E4758D','2018-08-25 17:33:35',0),
 (2623,105,'FCE87D9F','2018-08-25 17:33:43',0),
 (2624,104,'DF19620C','2018-08-25 17:33:56',0),
 (2625,103,'CEA28723','2018-08-25 17:33:57',0),
 (2626,107,'DFE4EB13','2018-08-25 17:33:59',0),
 (2627,107,'B6902696','2018-08-25 17:34:07',0),
 (2628,105,'93313988','2018-08-25 17:34:09',0),
 (2629,105,'CB99D1E8','2018-08-25 17:34:44',0),
 (2630,104,'AB8204A4','2018-08-25 17:35:21',0),
 (2631,105,'E8A58074','2018-08-25 17:35:48',0),
 (2632,105,'4E6E296E','2018-08-25 17:36:03',0),
 (2633,105,'08D745A6','2018-08-25 17:36:17',0),
 (2634,107,'FF591F68','2018-08-25 17:36:28',0),
 (2635,103,'ADD650A8','2018-08-25 17:37:59',0),
 (2636,103,'4C459F1E','2018-08-25 17:38:04',0),
 (2637,103,'99F0C0FA','2018-08-25 17:39:49',0),
 (2638,106,'29C03912','2018-08-25 17:43:15',0),
 (2640,105,'2CD387C2','2018-08-27 06:26:47',1),
 (2642,105,'4E6E296E','2018-08-27 06:27:00',1),
 (2644,101,'1B2052DE','2018-08-27 06:36:39',1),
 (2647,105,'398B1563','2018-08-27 06:42:02',1),
 (2648,104,'28DC3FB8','2018-08-27 06:46:25',1),
 (2649,105,'FCE87D9F','2018-08-27 06:46:57',1),
 (2650,103,'BE51FA92','2018-08-27 06:47:09',1),
 (2651,103,'4C459F1E','2018-08-27 06:47:33',1),
 (2652,103,'0B8C3085','2018-08-27 06:47:43',1),
 (2653,103,'DFDFE648','2018-08-27 06:49:30',1),
 (2654,103,'639D4185','2018-08-27 06:50:40',1),
 (2655,105,'58EB7EA1','2018-08-27 06:50:58',1),
 (2656,105,'12565C60','2018-08-27 06:51:04',1),
 (2657,103,'D2CC71D4','2018-08-27 06:51:19',1),
 (2658,103,'8D9E5710','2018-08-27 06:51:42',1),
 (2659,103,'B5A117E9','2018-08-27 06:51:54',1),
 (2660,101,'67637925','2018-08-27 06:53:01',1),
 (2661,106,'29C03912','2018-08-27 06:53:14',1),
 (2662,107,'FF591F68','2018-08-27 06:53:17',1),
 (2663,104,'CEC9A3DA','2018-08-27 06:53:28',1),
 (2664,105,'3DA8B226','2018-08-27 06:53:58',1),
 (2665,105,'8C0644BA','2018-08-27 06:54:40',1),
 (2666,105,'CB99D1E8','2018-08-27 06:54:57',1),
 (2667,103,'6CA0FF4A','2018-08-27 06:55:20',1),
 (2668,103,'ADD650A8','2018-08-27 06:55:44',1),
 (2669,105,'BEAFDB2F','2018-08-27 06:56:10',1),
 (2670,107,'B6902696','2018-08-27 06:56:12',1),
 (2671,107,'CEBCC740','2018-08-27 06:56:25',1),
 (2672,103,'82A8539F','2018-08-27 06:56:30',1),
 (2673,104,'DD6E2C0C','2018-08-27 06:57:16',1),
 (2674,101,'935B799E','2018-08-27 06:57:30',1),
 (2675,104,'2986FF85','2018-08-27 06:57:31',1),
 (2676,104,'2A972897','2018-08-27 06:57:46',1),
 (2677,103,'99F0C0FA','2018-08-27 06:57:47',1),
 (2678,103,'CEA28723','2018-08-27 06:57:56',1),
 (2679,107,'E880B82A','2018-08-27 06:58:06',1),
 (2680,104,'AB8204A4','2018-08-27 06:58:27',1),
 (2681,104,'DF19620C','2018-08-27 06:58:39',1),
 (2682,107,'B7A6171D','2018-08-27 06:58:39',1),
 (2683,105,'08D745A6','2018-08-27 06:59:36',1),
 (2684,104,'922370AA','2018-08-27 06:59:41',1),
 (2685,105,'76B87761','2018-08-27 06:59:44',1),
 (2686,103,'1D52BFA2','2018-08-27 06:59:55',1),
 (2687,102,'4382D92D','2018-08-27 07:00:15',1),
 (2688,105,'95497F63','2018-08-27 07:00:17',1),
 (2689,105,'93313988','2018-08-27 07:00:28',1),
 (2690,101,'07901755','2018-08-27 07:00:53',1),
 (2692,101,'229324A4','2018-08-27 07:07:07',1),
 (2693,104,'8E5F0240','2018-08-27 07:08:57',1),
 (2694,101,'229324A4','2018-08-27 07:09:48',0),
 (2695,106,'C1E4758D','2018-08-27 07:09:50',1),
 (2696,0,'D2C39273','2018-08-27 07:00:00',1),
 (2697,105,'4DAC9951','2018-08-27 07:24:08',1),
 (2700,0,'C278A564','2018-08-25 17:30:00',0),
 (2701,105,'76118CDC','2018-08-27 07:48:43',1),
 (2704,103,'C278A564','2018-08-27 07:48:58',1),
 (2705,107,'B7A6171D','2018-08-27 08:00:22',0),
 (2706,0,'C278A564','2018-08-25 16:00:00',0),
 (2707,0,'C278A564','2018-08-25 16:30:00',1),
 (2708,0,'BAD139D6','2018-08-24 15:30:00',0),
 (2709,105,'3DA8B226','2018-08-27 10:14:35',0),
 (2710,0,'58EB7EA1','2018-08-23 17:30:00',0),
 (2711,102,'4382D92D','2018-08-27 10:20:41',0),
 (2712,0,'D2C39273','2018-08-24 15:30:00',0),
 (2713,0,'08D745A6','2018-08-24 15:30:00',0),
 (2718,105,'F1EE0555','2018-08-27 10:51:00',1),
 (2719,105,'3DA8B226','2018-08-27 11:27:36',1),
 (2720,105,'E06BE060','2018-08-27 11:55:14',1),
 (2721,103,'99F0C0FA','2018-08-27 12:02:28',0),
 (2722,104,'28DC3FB8','2018-08-27 12:03:19',0),
 (2723,103,'99F0C0FA','2018-08-27 12:24:01',1),
 (2724,104,'28DC3FB8','2018-08-27 12:25:24',1),
 (2725,105,'CB99D1E8','2018-08-27 12:38:03',0),
 (2726,103,'C278A564','2018-08-27 12:48:59',0),
 (2727,105,'CB99D1E8','2018-08-27 13:51:53',1),
 (2728,101,'935B799E','2018-08-27 14:10:22',0),
 (2729,105,'76B87761','2018-08-27 15:09:36',0),
 (2730,105,'8C0644BA','2018-08-27 15:31:36',0),
 (2731,103,'BE51FA92','2018-08-27 15:32:04',0),
 (2732,105,'2CD387C2','2018-08-27 15:45:30',0),
 (2734,106,'C1E4758D','2018-08-27 16:30:15',0),
 (2735,103,'82A8539F','2018-08-27 16:32:06',0),
 (2736,105,'4DAC9951','2018-08-27 16:32:51',0),
 (2737,103,'8D9E5710','2018-08-27 16:35:21',0),
 (2738,103,'B5A117E9','2018-08-27 16:35:27',0),
 (2739,101,'67637925','2018-08-27 17:08:50',0),
 (2740,101,'1B2052DE','2018-08-27 17:30:19',0),
 (2741,101,'07901755','2018-08-27 17:30:51',0),
 (2742,105,'95497F63','2018-08-27 17:31:33',0),
 (2743,107,'E880B82A','2018-08-27 17:31:41',0),
 (2744,105,'FCE87D9F','2018-08-27 17:31:42',0),
 (2745,104,'2986FF85','2018-08-27 17:31:43',0),
 (2746,104,'2A972897','2018-08-27 17:31:49',0),
 (2747,107,'CEBCC740','2018-08-27 17:31:51',0),
 (2748,105,'58EB7EA1','2018-08-27 17:31:51',0),
 (2749,103,'0B8C3085','2018-08-27 17:31:51',0),
 (2750,103,'4C459F1E','2018-08-27 17:31:56',0),
 (2751,105,'4E04B5FE','2018-08-27 17:31:58',0),
 (2752,107,'DFE4EB13','2018-08-27 17:32:01',0),
 (2753,103,'ADD650A8','2018-08-27 17:32:05',0),
 (2754,105,'76118CDC','2018-08-27 17:32:05',0),
 (2755,104,'28DC3FB8','2018-08-27 17:32:09',0),
 (2756,107,'B6902696','2018-08-27 17:32:09',0),
 (2757,103,'D2CC71D4','2018-08-27 17:32:10',0),
 (2758,105,'08D745A6','2018-08-27 17:32:14',0),
 (2759,104,'922370AA','2018-08-27 17:32:15',0),
 (2760,103,'99F0C0FA','2018-08-27 17:32:17',0),
 (2761,105,'CB99D1E8','2018-08-27 17:32:21',0),
 (2762,104,'DF19620C','2018-08-27 17:32:23',0),
 (2763,103,'6CA0FF4A','2018-08-27 17:32:24',0),
 (2764,105,'93313988','2018-08-27 17:32:29',0),
 (2765,104,'CEC9A3DA','2018-08-27 17:32:30',0),
 (2766,103,'CEA28723','2018-08-27 17:32:31',0),
 (2767,104,'DD6E2C0C','2018-08-27 17:32:35',0),
 (2768,103,'639D4185','2018-08-27 17:32:37',0),
 (2769,105,'3DA8B226','2018-08-27 17:32:42',0),
 (2770,103,'1D52BFA2','2018-08-27 17:32:43',0),
 (2771,104,'2A7F5D99','2018-08-27 17:32:43',0),
 (2772,104,'8E5F0240','2018-08-27 17:32:52',0),
 (2773,105,'398B1563','2018-08-27 17:32:54',0),
 (2774,104,'AB8204A4','2018-08-27 17:32:59',0),
 (2775,105,'E8A58074','2018-08-27 17:33:05',0),
 (2776,105,'BEAFDB2F','2018-08-27 17:33:15',0),
 (2777,105,'12565C60','2018-08-27 17:33:19',0),
 (2778,106,'29C03912','2018-08-27 17:33:21',0),
 (2779,103,'DFDFE648','2018-08-27 17:33:32',0),
 (2780,104,'D2C39273','2018-08-27 17:34:50',0),
 (2781,105,'4E6E296E','2018-08-27 17:36:56',0),
 (2782,107,'FF591F68','2018-08-27 17:37:00',0),
 (2783,105,'E06BE060','2018-08-27 20:31:02',0),
 (2784,105,'F1EE0555','2018-08-27 20:31:10',0),
 (2785,105,'4E6E296E','2018-08-28 06:30:46',1),
 (2786,105,'2CD387C2','2018-08-28 06:40:09',1),
 (2787,101,'1B2052DE','2018-08-28 06:41:31',1),
 (2789,103,'BE51FA92','2018-08-28 06:46:04',1),
 (2790,103,'0B8C3085','2018-08-28 06:46:14',1),
 (2791,103,'DFDFE648','2018-08-28 06:46:31',1),
 (2792,105,'58EB7EA1','2018-08-28 06:46:37',1),
 (2793,105,'BEAFDB2F','2018-08-28 06:46:45',1),
 (2794,104,'28DC3FB8','2018-08-28 06:48:15',1),
 (2796,105,'CB99D1E8','2018-08-28 06:50:11',1),
 (2797,105,'76118CDC','2018-08-28 06:50:20',1),
 (2798,105,'12565C60','2018-08-28 06:50:45',1),
 (2799,103,'CEA28723','2018-08-28 06:51:19',1),
 (2800,106,'C1E4758D','2018-08-28 06:52:13',1),
 (2801,103,'99F0C0FA','2018-08-28 06:52:51',1),
 (2802,105,'E8A58074','2018-08-28 06:52:51',1),
 (2804,103,'8D9E5710','2018-08-28 06:54:19',1),
 (2805,104,'CEC9A3DA','2018-08-28 06:54:35',1),
 (2806,103,'4C459F1E','2018-08-28 06:54:45',1),
 (2807,107,'CEBCC740','2018-08-28 06:54:49',1),
 (2808,107,'B6902696','2018-08-28 06:54:56',1),
 (2809,104,'DF19620C','2018-08-28 06:55:00',1),
 (2810,105,'4E04B5FE','2018-08-28 06:55:14',1),
 (2811,107,'B7A6171D','2018-08-28 06:55:17',1),
 (2812,103,'B5A117E9','2018-08-28 06:55:26',1),
 (2813,107,'FF591F68','2018-08-28 06:55:38',1),
 (2814,104,'7CB9642F','2018-08-28 06:56:11',1),
 (2815,105,'FCE87D9F','2018-08-28 06:56:17',1),
 (2816,106,'29C03912','2018-08-28 06:57:58',1),
 (2817,105,'8C0644BA','2018-08-28 06:58:07',1),
 (2818,103,'C278A564','2018-08-28 06:58:22',1),
 (2819,104,'8E5F0240','2018-08-28 06:58:30',1),
 (2820,103,'ADD650A8','2018-08-28 06:58:54',1),
 (2821,104,'AB8204A4','2018-08-28 06:58:59',1),
 (2822,103,'1D52BFA2','2018-08-28 06:59:02',1),
 (2823,103,'639D4185','2018-08-28 06:59:10',1),
 (2824,105,'95497F63','2018-08-28 06:59:13',1),
 (2825,105,'398B1563','2018-08-28 06:59:24',1),
 (2826,104,'2986FF85','2018-08-28 06:59:26',1),
 (2827,104,'D2C39273','2018-08-28 06:59:42',1),
 (2828,104,'2A972897','2018-08-28 06:59:58',1),
 (2829,101,'935B799E','2018-08-28 07:00:05',1),
 (2830,103,'D2CC71D4','2018-08-28 07:00:05',1),
 (2831,107,'E880B82A','2018-08-28 07:00:05',1),
 (2832,104,'DD6E2C0C','2018-08-28 07:00:25',1),
 (2833,101,'07901755','2018-08-28 07:00:31',1),
 (2834,103,'6CA0FF4A','2018-08-28 07:00:40',1),
 (2835,105,'08D745A6','2018-08-28 07:00:50',1),
 (2836,105,'76B87761','2018-08-28 07:01:09',1),
 (2837,102,'4382D92D','2018-08-28 07:02:03',1),
 (2838,105,'4DAC9951','2018-08-28 07:27:06',1),
 (2839,0,'67637925','2018-08-28 07:00:00',1),
 (2841,0,'55B74EB5','2018-08-28 07:00:00',1),
 (2842,105,'12565C60','2018-08-28 09:14:48',0),
 (2843,103,'6CA0FF4A','2018-08-28 09:43:52',0),
 (2844,105,'F1EE0555','2018-08-28 10:55:53',1),
 (2845,102,'4382D92D','2018-08-28 11:31:40',0),
 (2846,105,'E06BE060','2018-08-28 11:56:45',1),
 (2847,102,'4382D92D','2018-08-28 11:57:03',1),
 (2848,103,'CEA28723','2018-08-28 12:02:05',0),
 (2849,103,'99F0C0FA','2018-08-28 12:02:15',0),
 (2850,103,'CEA28723','2018-08-28 12:14:53',1),
 (2851,103,'99F0C0FA','2018-08-28 12:23:56',1),
 (2852,105,'76118CDC','2018-08-28 12:41:14',0),
 (2853,104,'922370AA','2018-08-28 12:44:27',1),
 (2854,0,'67637925','2018-08-28 14:30:00',0),
 (2855,0,'3282F212','2018-08-28 07:00:00',1),
 (2856,101,'935B799E','2018-08-28 15:31:07',0),
 (2857,105,'8C0644BA','2018-08-28 15:31:38',0),
 (2858,107,'B7A6171D','2018-08-28 15:31:42',0),
 (2859,103,'BE51FA92','2018-08-28 15:32:24',0),
 (2860,104,'DD6E2C0C','2018-08-28 15:33:00',0),
 (2861,105,'CB99D1E8','2018-08-28 15:33:14',0),
 (2863,101,'1B2052DE','2018-08-28 16:31:41',0),
 (2864,106,'C1E4758D','2018-08-28 16:31:47',0),
 (2865,101,'07901755','2018-08-28 16:31:50',0),
 (2866,105,'4DAC9951','2018-08-28 16:33:33',0),
 (2867,105,'58EB7EA1','2018-08-28 17:06:31',0),
 (2868,105,'BEAFDB2F','2018-08-28 17:06:41',0),
 (2869,101,'3282F212','2018-08-28 17:20:29',0),
 (2870,101,'3282F212','2018-08-28 17:20:49',1),
 (2871,101,'3282F212','2018-08-28 17:21:23',0),
 (2872,105,'4E04B5FE','2018-08-28 17:31:07',0),
 (2873,105,'95497F63','2018-08-28 17:31:21',0),
 (2874,106,'29C03912','2018-08-28 17:31:30',0),
 (2875,104,'2A7F5D99','2018-08-28 17:31:33',0),
 (2876,107,'E880B82A','2018-08-28 17:31:37',0),
 (2878,103,'ADD650A8','2018-08-28 17:31:42',0),
 (2879,107,'B6902696','2018-08-28 17:31:45',0),
 (2880,103,'0B8C3085','2018-08-28 17:31:48',0),
 (2881,104,'7CB9642F','2018-08-28 17:31:48',0),
 (2882,107,'DFE4EB13','2018-08-28 17:31:54',0),
 (2883,105,'2CD387C2','2018-08-28 17:31:55',0),
 (2884,104,'28DC3FB8','2018-08-28 17:31:57',0),
 (2885,103,'C278A564','2018-08-28 17:31:57',0),
 (2886,105,'FCE87D9F','2018-08-28 17:32:02',0),
 (2887,107,'CEBCC740','2018-08-28 17:32:02',0),
 (2888,103,'D2CC71D4','2018-08-28 17:32:03',0),
 (2889,104,'922370AA','2018-08-28 17:32:03',0),
 (2890,103,'639D4185','2018-08-28 17:32:09',0),
 (2891,104,'CEC9A3DA','2018-08-28 17:32:09',0),
 (2892,103,'1D52BFA2','2018-08-28 17:32:13',0),
 (2893,105,'76B87761','2018-08-28 17:32:14',0),
 (2894,104,'AB8204A4','2018-08-28 17:32:15',0),
 (2895,103,'CEA28723','2018-08-28 17:32:20',0),
 (2896,104,'2A972897','2018-08-28 17:32:23',0),
 (2897,103,'B5A117E9','2018-08-28 17:32:25',0),
 (2898,105,'398B1563','2018-08-28 17:32:28',0),
 (2899,104,'DF19620C','2018-08-28 17:32:30',0),
 (2900,103,'99F0C0FA','2018-08-28 17:32:34',0),
 (2901,107,'FF591F68','2018-08-28 17:32:36',0),
 (2902,103,'4C459F1E','2018-08-28 17:32:41',0),
 (2903,105,'08D745A6','2018-08-28 17:32:42',0),
 (2904,104,'2986FF85','2018-08-28 17:32:46',0),
 (2905,103,'8D9E5710','2018-08-28 17:32:49',0),
 (2906,105,'55B74EB5','2018-08-28 17:32:57',0),
 (2907,104,'8E5F0240','2018-08-28 17:33:02',0),
 (2908,105,'E8A58074','2018-08-28 17:33:04',0),
 (2909,105,'4E6E296E','2018-08-28 17:33:15',0),
 (2910,104,'D2C39273','2018-08-28 17:34:20',0),
 (2911,103,'DFDFE648','2018-08-28 17:34:35',0),
 (2912,102,'4382D92D','2018-08-28 17:36:10',0),
 (2913,105,'E06BE060','2018-08-28 21:32:51',0),
 (2914,105,'F1EE0555','2018-08-28 21:32:58',0),
 (2916,105,'3DA8B226','2018-08-29 08:01:50',1),
 (2917,105,'E06BE060','2018-08-29 10:56:34',1),
 (2918,105,'F1EE0555','2018-08-29 10:56:41',1),
 (2919,101,'1B2052DE','2018-08-29 11:28:13',1),
 (2920,101,'07901755','2018-08-29 11:32:17',1),
 (2921,102,'4382D92D','2018-08-29 11:55:51',1),
 (2922,0,'BE51FA92','2018-08-29 07:00:00',1),
 (2923,0,'D2CC71D4','2018-08-29 07:00:00',1),
 (2924,0,'DFDFE648','2018-08-29 07:00:00',1),
 (2925,0,'ADD650A8','2018-08-29 07:00:00',1),
 (2926,0,'8D9E5710','2018-08-29 07:00:00',1),
 (2927,0,'99F0C0FA','2018-08-29 07:00:00',1),
 (2928,0,'4C459F1E','2018-08-29 07:00:00',1),
 (2929,0,'B5A117E9','2018-08-29 07:00:00',1),
 (2930,0,'76E920D9','2018-08-29 10:00:00',1),
 (2931,0,'CEA28723','2018-08-29 07:00:00',1),
 (2932,0,'0B8C3085','2018-08-29 07:00:00',1),
 (2933,0,'C278A564','2018-08-29 07:00:00',1),
 (2934,0,'82A8539F','2018-08-29 07:00:00',1),
 (2935,0,'639D4185','2018-08-29 07:00:00',1),
 (2936,0,'1D52BFA2','2018-08-29 07:00:00',1),
 (2937,0,'DFE4EB13','2018-08-29 07:00:00',1),
 (2938,0,'29C03912','2018-08-29 07:00:00',1),
 (2939,0,'D2C39273','2018-08-29 07:00:00',1),
 (2940,0,'CEC9A3DA','2018-08-29 07:00:00',1),
 (2941,0,'2A7F5D99','2018-08-29 07:00:00',1),
 (2942,0,'2986FF85','2018-08-29 07:00:00',1),
 (2943,0,'28DC3FB8','2018-08-29 07:00:00',1),
 (2944,0,'AB8204A4','2018-08-29 07:00:00',1),
 (2946,0,'2A972897','2018-08-29 07:00:00',1),
 (2947,0,'7CB9642F','2018-08-29 07:00:00',1),
 (2948,0,'8E5F0240','2018-08-29 07:00:00',1),
 (2949,0,'DF19620C','2018-08-29 07:00:00',1),
 (2950,0,'922370AA','2018-08-29 07:00:00',1),
 (2951,0,'BEAFDB2F','2018-08-29 07:00:00',1),
 (2952,0,'2CD387C2','2018-08-29 07:00:00',1),
 (2953,0,'4E04B5FE','2018-08-29 07:00:00',1),
 (2954,0,'FCE87D9F','2018-08-29 07:00:00',1),
 (2955,0,'398B1563','2018-08-29 07:00:00',1),
 (2956,0,'95497F63','2018-08-29 07:00:00',1),
 (2957,0,'58EB7EA1','2018-08-29 07:00:00',1),
 (2958,0,'8C0644BA','2018-08-29 07:00:00',1),
 (2959,0,'CB99D1E8','2018-08-29 07:00:00',1),
 (2960,0,'E8A58074','2018-08-29 07:00:00',1),
 (2961,0,'08D745A6','2018-08-29 07:00:00',1),
 (2962,0,'76B87761','2018-08-29 07:00:00',1),
 (2963,0,'55B74EB5','2018-08-29 07:00:00',1),
 (2967,0,'CEBCC740','2018-08-29 07:00:00',1),
 (2968,0,'E880B82A','2018-08-29 07:00:00',1),
 (2969,0,'FF591F68','2018-08-29 07:00:00',1),
 (2970,0,'935B799E','2018-08-29 07:00:00',1),
 (2971,0,'67637925','2018-08-29 07:00:00',1),
 (2972,0,'B6902696','2018-08-29 07:00:00',1),
 (2973,101,'67637925','2018-08-29 15:31:18',0),
 (2974,101,'935B799E','2018-08-29 15:31:38',0),
 (2975,104,'2A972897','2018-08-29 15:31:54',0),
 (2976,103,'BE51FA92','2018-08-29 15:33:37',0),
 (2977,105,'2CD387C2','2018-08-29 15:37:10',0),
 (2978,107,'E880B82A','2018-08-29 16:31:41',0),
 (2979,103,'D2CC71D4','2018-08-29 16:31:55',0),
 (2980,103,'82A8539F','2018-08-29 16:32:19',0),
 (2982,105,'95497F63','2018-08-29 17:30:51',0),
 (2983,105,'4E04B5FE','2018-08-29 17:31:10',0),
 (2984,105,'FCE87D9F','2018-08-29 17:31:26',0),
 (2985,103,'1D52BFA2','2018-08-29 17:31:41',0),
 (2986,104,'2986FF85','2018-08-29 17:31:42',0),
 (2987,105,'76B87761','2018-08-29 17:31:44',0),
 (2988,103,'C278A564','2018-08-29 17:31:46',0),
 (2989,104,'7CB9642F','2018-08-29 17:31:47',0),
 (2990,107,'B6902696','2018-08-29 17:31:48',0),
 (2991,105,'BEAFDB2F','2018-08-29 17:31:50',0),
 (2992,103,'ADD650A8','2018-08-29 17:31:52',0),
 (2993,105,'3DA8B226','2018-08-29 17:31:56',0),
 (2994,103,'4C459F1E','2018-08-29 17:31:58',0),
 (2995,104,'8E5F0240','2018-08-29 17:32:00',0),
 (2996,107,'CEBCC740','2018-08-29 17:32:00',0),
 (2997,106,'29C03912','2018-08-29 17:32:04',0),
 (2998,103,'0B8C3085','2018-08-29 17:32:04',0);
INSERT INTO `punch` (`id`,`terminalid`,`badgeid`,`originaltimestamp`,`punchtypeid`) VALUES 
 (2999,105,'58EB7EA1','2018-08-29 17:32:07',0),
 (3000,104,'2A7F5D99','2018-08-29 17:32:09',0),
 (3001,107,'DFE4EB13','2018-08-29 17:32:09',0),
 (3002,105,'CB99D1E8','2018-08-29 17:32:13',0),
 (3003,104,'28DC3FB8','2018-08-29 17:32:17',0),
 (3004,101,'1B2052DE','2018-08-29 17:32:18',0),
 (3005,104,'AB8204A4','2018-08-29 17:32:23',0),
 (3006,105,'08D745A6','2018-08-29 17:32:25',0),
 (3007,105,'398B1563','2018-08-29 17:32:35',0),
 (3008,103,'CEA28723','2018-08-29 17:32:37',0),
 (3009,103,'8D9E5710','2018-08-29 17:32:44',0),
 (3010,103,'639D4185','2018-08-29 17:32:51',0),
 (3011,105,'E8A58074','2018-08-29 17:32:52',0),
 (3012,103,'B5A117E9','2018-08-29 17:32:56',0),
 (3013,104,'DF19620C','2018-08-29 17:32:57',0),
 (3014,103,'99F0C0FA','2018-08-29 17:33:04',0),
 (3015,104,'922370AA','2018-08-29 17:33:07',0),
 (3016,103,'DFDFE648','2018-08-29 17:33:14',0),
 (3018,104,'D2C39273','2018-08-29 17:35:24',0),
 (3019,101,'3282F212','2018-08-29 17:35:31',0),
 (3020,101,'07901755','2018-08-29 17:36:11',0),
 (3021,102,'4382D92D','2018-08-29 17:36:43',0),
 (3022,104,'CEC9A3DA','2018-08-29 17:38:50',0),
 (3023,107,'FF591F68','2018-08-29 17:39:10',0),
 (3024,103,'76E920D9','2018-08-29 19:32:07',0),
 (3025,105,'E06BE060','2018-08-29 21:30:10',0),
 (3026,105,'F1EE0555','2018-08-29 21:30:37',0),
 (3029,105,'4E6E296E','2018-08-30 06:22:04',1),
 (3030,105,'3DA8B226','2018-08-30 06:31:48',1),
 (3031,101,'3282F212','2018-08-30 06:41:18',1),
 (3032,105,'4E04B5FE','2018-08-30 06:47:22',1),
 (3033,105,'2CD387C2','2018-08-30 06:47:44',1),
 (3034,104,'28DC3FB8','2018-08-30 06:48:11',1),
 (3035,103,'BE51FA92','2018-08-30 06:48:13',1),
 (3036,105,'58EB7EA1','2018-08-30 06:48:17',1),
 (3037,105,'BEAFDB2F','2018-08-30 06:48:26',1),
 (3038,105,'398B1563','2018-08-30 06:48:59',1),
 (3039,107,'DFE4EB13','2018-08-30 06:50:08',1),
 (3040,103,'DFDFE648','2018-08-30 06:52:43',1),
 (3041,103,'4C459F1E','2018-08-30 06:52:53',1),
 (3042,103,'CEA28723','2018-08-30 06:53:01',1),
 (3043,103,'0B8C3085','2018-08-30 06:53:10',1),
 (3044,103,'99F0C0FA','2018-08-30 06:53:30',1),
 (3045,103,'B5A117E9','2018-08-30 06:53:39',1),
 (3046,106,'C1E4758D','2018-08-30 06:53:44',1),
 (3047,103,'76E920D9','2018-08-30 06:53:52',1),
 (3048,105,'95497F63','2018-08-30 06:54:34',1),
 (3049,103,'8D9E5710','2018-08-30 06:55:04',1),
 (3050,107,'B6902696','2018-08-30 06:55:05',1),
 (3051,104,'CEC9A3DA','2018-08-30 06:55:18',1),
 (3052,107,'FF591F68','2018-08-30 06:55:28',1),
 (3053,104,'8E5F0240','2018-08-30 06:55:56',1),
 (3055,106,'29C03912','2018-08-30 06:56:49',1),
 (3056,105,'E8A58074','2018-08-30 06:57:04',1),
 (3057,107,'E880B82A','2018-08-30 06:57:37',1),
 (3058,101,'67637925','2018-08-30 06:57:52',1),
 (3059,104,'DF19620C','2018-08-30 06:57:56',1),
 (3060,103,'C278A564','2018-08-30 06:58:00',1),
 (3061,105,'CB99D1E8','2018-08-30 06:58:03',1),
 (3062,104,'2A7F5D99','2018-08-30 06:58:09',1),
 (3063,103,'1D52BFA2','2018-08-30 06:58:10',1),
 (3064,101,'935B799E','2018-08-30 06:58:22',1),
 (3065,103,'D2CC71D4','2018-08-30 06:58:25',1),
 (3066,104,'922370AA','2018-08-30 06:58:34',1),
 (3067,104,'2986FF85','2018-08-30 06:58:58',1),
 (3068,103,'ADD650A8','2018-08-30 06:58:58',1),
 (3069,102,'4382D92D','2018-08-30 06:58:59',1),
 (3070,104,'7CB9642F','2018-08-30 06:59:06',1),
 (3071,105,'08D745A6','2018-08-30 06:59:13',1),
 (3072,104,'DD6E2C0C','2018-08-30 06:59:16',1),
 (3073,105,'76B87761','2018-08-30 06:59:23',1),
 (3075,105,'55B74EB5','2018-08-30 07:01:18',1),
 (3076,104,'AB8204A4','2018-08-30 07:02:02',1),
 (3078,0,'8C0644BA','2018-08-29 12:00:00',0),
 (3079,0,'4DAC9951','2018-08-29 07:40:22',1),
 (3080,0,'4DAC9951','2018-08-29 15:40:00',0),
 (3081,0,'4E6E296E','2018-08-29 09:00:00',1),
 (3082,0,'4E6E296E','2018-08-29 17:30:00',0),
 (3083,105,'4DAC9951','2018-08-30 07:26:51',1),
 (3085,0,'8C0644BA','2018-08-30 07:00:00',1),
 (3086,105,'F1EE0555','2018-08-30 10:52:31',1),
 (3087,101,'1B2052DE','2018-08-30 10:57:07',1),
 (3088,102,'4382D92D','2018-08-30 11:43:25',0),
 (3089,102,'4382D92D','2018-08-30 11:48:42',1),
 (3090,105,'E06BE060','2018-08-30 11:57:25',1),
 (3091,103,'99F0C0FA','2018-08-30 12:02:11',0),
 (3092,105,'FCE87D9F','2018-08-30 12:06:30',1),
 (3093,103,'99F0C0FA','2018-08-30 12:26:42',1),
 (3094,101,'07901755','2018-08-30 12:52:46',1),
 (3095,104,'2986FF85','2018-08-30 14:36:35',0),
 (3096,101,'935B799E','2018-08-30 15:30:31',0),
 (3097,103,'BE51FA92','2018-08-30 15:32:26',0),
 (3098,105,'2CD387C2','2018-08-30 15:46:22',0),
 (3099,105,'4DAC9951','2018-08-30 16:03:51',0),
 (3100,105,'95497F63','2018-08-30 16:30:58',0),
 (3101,106,'C1E4758D','2018-08-30 16:31:42',0),
 (3102,105,'76B87761','2018-08-30 17:01:18',0),
 (3103,103,'B5A117E9','2018-08-30 17:05:55',0),
 (3104,101,'67637925','2018-08-30 17:30:05',0),
 (3105,105,'58EB7EA1','2018-08-30 17:31:27',0),
 (3106,103,'4C459F1E','2018-08-30 17:31:35',0),
 (3107,105,'4E04B5FE','2018-08-30 17:31:36',0),
 (3108,101,'1B2052DE','2018-08-30 17:31:37',0),
 (3109,105,'BEAFDB2F','2018-08-30 17:31:43',0),
 (3110,104,'7CB9642F','2018-08-30 17:31:45',0),
 (3111,103,'C278A564','2018-08-30 17:31:46',0),
 (3112,105,'55B74EB5','2018-08-30 17:31:50',0),
 (3113,104,'922370AA','2018-08-30 17:31:51',0),
 (3114,103,'ADD650A8','2018-08-30 17:31:53',0),
 (3115,107,'DFE4EB13','2018-08-30 17:31:56',0),
 (3116,106,'29C03912','2018-08-30 17:31:56',0),
 (3117,104,'CEC9A3DA','2018-08-30 17:31:57',0),
 (3118,105,'CB99D1E8','2018-08-30 17:31:59',0),
 (3119,103,'0B8C3085','2018-08-30 17:32:02',0),
 (3120,107,'E880B82A','2018-08-30 17:32:02',0),
 (3121,104,'DD6E2C0C','2018-08-30 17:32:03',0),
 (3122,105,'FCE87D9F','2018-08-30 17:32:06',0),
 (3123,107,'B6902696','2018-08-30 17:32:07',0),
 (3124,104,'28DC3FB8','2018-08-30 17:32:09',0),
 (3125,103,'D2CC71D4','2018-08-30 17:32:11',0),
 (3126,104,'AB8204A4','2018-08-30 17:32:16',0),
 (3127,103,'CEA28723','2018-08-30 17:32:21',0),
 (3128,104,'DF19620C','2018-08-30 17:32:24',0),
 (3129,105,'398B1563','2018-08-30 17:32:27',0),
 (3130,103,'1D52BFA2','2018-08-30 17:32:27',0),
 (3131,104,'2A7F5D99','2018-08-30 17:32:29',0),
 (3132,103,'8D9E5710','2018-08-30 17:32:33',0),
 (3134,105,'08D745A6','2018-08-30 17:32:41',0),
 (3135,103,'76E920D9','2018-08-30 17:32:41',0),
 (3136,104,'8E5F0240','2018-08-30 17:32:42',0),
 (3137,103,'99F0C0FA','2018-08-30 17:32:47',0),
 (3138,105,'3DA8B226','2018-08-30 17:32:48',0),
 (3139,105,'E8A58074','2018-08-30 17:32:56',0),
 (3140,105,'4E6E296E','2018-08-30 17:33:08',0),
 (3141,103,'DFDFE648','2018-08-30 17:33:21',0),
 (3142,107,'FF591F68','2018-08-30 17:33:55',0),
 (3143,101,'3282F212','2018-08-30 17:34:20',0),
 (3144,101,'07901755','2018-08-30 17:36:36',0),
 (3146,102,'4382D92D','2018-08-30 18:37:28',0),
 (3149,105,'E06BE060','2018-08-30 21:30:05',0),
 (3150,105,'F1EE0555','2018-08-30 21:30:11',0),
 (3153,105,'4E6E296E','2018-08-31 06:25:19',1),
 (3154,105,'3DA8B226','2018-08-31 06:35:35',1),
 (3155,105,'2CD387C2','2018-08-31 06:42:57',1),
 (3156,101,'3282F212','2018-08-31 06:44:48',1),
 (3157,104,'28DC3FB8','2018-08-31 06:45:18',1),
 (3158,103,'0B8C3085','2018-08-31 06:46:15',1),
 (3159,103,'BE51FA92','2018-08-31 06:46:24',1),
 (3160,103,'DFDFE648','2018-08-31 06:46:33',1),
 (3161,104,'2A7F5D99','2018-08-31 06:46:52',1),
 (3162,105,'BEAFDB2F','2018-08-31 06:46:57',1),
 (3163,105,'4E04B5FE','2018-08-31 06:47:07',1),
 (3164,103,'CEA28723','2018-08-31 06:52:57',1),
 (3165,105,'FCE87D9F','2018-08-31 06:52:59',1),
 (3166,103,'D2CC71D4','2018-08-31 06:53:25',1),
 (3167,103,'4C459F1E','2018-08-31 06:54:06',1),
 (3168,107,'FF591F68','2018-08-31 06:54:29',1),
 (3169,104,'D2C39273','2018-08-31 06:54:59',1),
 (3170,107,'B6902696','2018-08-31 06:55:21',1),
 (3171,103,'8D9E5710','2018-08-31 06:55:22',1),
 (3172,105,'58EB7EA1','2018-08-31 06:55:45',1),
 (3173,101,'935B799E','2018-08-31 06:55:53',1),
 (3175,105,'E8A58074','2018-08-31 06:56:15',1),
 (3176,103,'82A8539F','2018-08-31 06:56:18',1),
 (3177,104,'CEC9A3DA','2018-08-31 06:56:20',1),
 (3178,106,'C1E4758D','2018-08-31 06:56:27',1),
 (3179,103,'B5A117E9','2018-08-31 06:56:31',1),
 (3180,107,'DFE4EB13','2018-08-31 06:56:48',1),
 (3181,103,'1D52BFA2','2018-08-31 06:56:54',1),
 (3182,107,'CEBCC740','2018-08-31 06:56:59',1),
 (3183,104,'7CB9642F','2018-08-31 06:57:01',1),
 (3184,107,'E880B82A','2018-08-31 06:57:07',1),
 (3185,103,'ADD650A8','2018-08-31 06:57:34',1),
 (3186,101,'67637925','2018-08-31 06:57:53',1),
 (3187,105,'55B74EB5','2018-08-31 06:57:59',1),
 (3188,104,'922370AA','2018-08-31 06:58:30',1),
 (3189,105,'95497F63','2018-08-31 06:58:36',1),
 (3190,104,'8E5F0240','2018-08-31 06:58:37',1),
 (3191,103,'99F0C0FA','2018-08-31 06:58:39',1),
 (3192,105,'CB99D1E8','2018-08-31 06:58:54',1),
 (3193,104,'DD6E2C0C','2018-08-31 06:58:59',1),
 (3194,103,'C278A564','2018-08-31 06:59:20',1),
 (3195,103,'639D4185','2018-08-31 06:59:26',1),
 (3196,106,'29C03912','2018-08-31 06:59:39',1),
 (3197,103,'76E920D9','2018-08-31 06:59:39',1),
 (3198,105,'08D745A6','2018-08-31 06:59:43',1),
 (3199,105,'8C0644BA','2018-08-31 06:59:48',1),
 (3200,104,'AB8204A4','2018-08-31 07:05:11',1),
 (3201,104,'2986FF85','2018-08-31 07:05:17',1),
 (3202,105,'76B87761','2018-08-31 07:09:19',1),
 (3203,105,'4DAC9951','2018-08-31 07:30:07',1),
 (3206,105,'55B74EB5','2018-08-31 10:52:37',0),
 (3207,105,'E06BE060','2018-08-31 10:59:59',1),
 (3208,105,'F1EE0555','2018-08-31 11:00:05',1),
 (3209,0,'B7A6171D','2018-08-31 07:00:00',1),
 (3210,0,'0FFA272B','2018-08-31 07:00:00',1),
 (3211,103,'639D4185','2018-08-31 11:56:28',0),
 (3212,0,'E06BE060','2018-08-23 11:00:00',1),
 (3213,0,'E06BE060','2018-08-23 20:30:00',0),
 (3214,104,'7CB9642F','2018-08-31 12:00:09',0),
 (3215,105,'8C0644BA','2018-08-31 12:00:21',0),
 (3216,103,'99F0C0FA','2018-08-31 12:01:58',0),
 (3217,103,'C278A564','2018-08-31 12:02:19',0),
 (3218,103,'99F0C0FA','2018-08-31 12:27:01',1),
 (3219,101,'935B799E','2018-08-31 13:33:30',0),
 (3220,107,'B7A6171D','2018-08-31 14:56:58',0),
 (3221,105,'CB99D1E8','2018-08-31 14:58:53',0),
 (3222,101,'67637925','2018-08-31 15:30:02',0),
 (3224,105,'4DAC9951','2018-08-31 15:31:48',0),
 (3225,103,'1D52BFA2','2018-08-31 15:31:48',0),
 (3226,107,'CEBCC740','2018-08-31 15:31:50',0),
 (3227,106,'C1E4758D','2018-08-31 15:31:53',0),
 (3228,104,'28DC3FB8','2018-08-31 15:31:53',0),
 (3229,105,'FCE87D9F','2018-08-31 15:31:54',0),
 (3230,103,'ADD650A8','2018-08-31 15:31:58',0),
 (3231,101,'0FFA272B','2018-08-31 15:32:01',0),
 (3232,104,'922370AA','2018-08-31 15:32:02',0),
 (3233,105,'BEAFDB2F','2018-08-31 15:32:03',0),
 (3234,107,'E880B82A','2018-08-31 15:32:03',0),
 (3235,103,'99F0C0FA','2018-08-31 15:32:07',0),
 (3236,104,'CEC9A3DA','2018-08-31 15:32:08',0),
 (3237,105,'F1EE0555','2018-08-31 15:32:10',0),
 (3238,107,'DFE4EB13','2018-08-31 15:32:12',0),
 (3239,103,'8D9E5710','2018-08-31 15:32:16',0),
 (3240,105,'95497F63','2018-08-31 15:32:18',0),
 (3241,106,'29C03912','2018-08-31 15:32:22',0),
 (3242,104,'AB8204A4','2018-08-31 15:32:22',0),
 (3243,103,'82A8539F','2018-08-31 15:32:23',0),
 (3244,103,'D2CC71D4','2018-08-31 15:32:33',0),
 (3245,105,'76B87761','2018-08-31 15:32:37',0),
 (3246,103,'76E920D9','2018-08-31 15:32:39',0),
 (3247,105,'E06BE060','2018-08-31 15:32:43',0),
 (3248,104,'2A7F5D99','2018-08-31 15:32:47',0),
 (3249,103,'DFDFE648','2018-08-31 15:32:49',0),
 (3250,105,'58EB7EA1','2018-08-31 15:32:50',0),
 (3251,105,'2CD387C2','2018-08-31 15:32:56',0),
 (3252,103,'0B8C3085','2018-08-31 15:32:56',0),
 (3253,103,'B5A117E9','2018-08-31 15:33:01',0),
 (3254,104,'8E5F0240','2018-08-31 15:33:07',0),
 (3255,103,'BE51FA92','2018-08-31 15:33:08',0),
 (3256,105,'4E04B5FE','2018-08-31 15:33:10',0),
 (3257,104,'DD6E2C0C','2018-08-31 15:33:15',0),
 (3258,103,'CEA28723','2018-08-31 15:33:17',0),
 (3259,107,'B6902696','2018-08-31 15:33:21',0),
 (3260,105,'08D745A6','2018-08-31 15:33:42',0),
 (3261,105,'3DA8B226','2018-08-31 15:34:41',0),
 (3262,105,'E8A58074','2018-08-31 15:34:47',0),
 (3263,105,'4E6E296E','2018-08-31 15:34:54',0),
 (3264,104,'D2C39273','2018-08-31 15:35:33',0),
 (3265,107,'FF591F68','2018-08-31 15:36:04',0),
 (3266,104,'2986FF85','2018-08-31 15:38:00',0),
 (3267,0,'DD6E2C0C','2018-08-29 07:00:00',1),
 (3268,0,'DD6E2C0C','2018-08-29 17:30:00',0),
 (3269,0,'3282F212','2018-08-31 16:00:00',0),
 (3272,105,'4E6E296E','2018-09-04 06:26:44',1),
 (3274,101,'67637925','2018-09-04 06:46:07',1),
 (3275,103,'BE51FA92','2018-09-04 06:46:10',1),
 (3276,105,'58EB7EA1','2018-09-04 06:46:55',1),
 (3277,105,'398B1563','2018-09-04 06:47:08',1),
 (3278,103,'76E920D9','2018-09-04 06:47:54',1),
 (3279,104,'28DC3FB8','2018-09-04 06:48:31',1),
 (3280,103,'4C459F1E','2018-09-04 06:49:04',1),
 (3281,103,'DFDFE648','2018-09-04 06:49:35',1),
 (3282,105,'BEAFDB2F','2018-09-04 06:50:24',1),
 (3283,107,'FF591F68','2018-09-04 06:50:37',1),
 (3284,103,'0B8C3085','2018-09-04 06:50:39',1),
 (3285,105,'2CD387C2','2018-09-04 06:51:00',1),
 (3286,103,'CEA28723','2018-09-04 06:51:28',1),
 (3287,105,'E8A58074','2018-09-04 06:51:35',1),
 (3288,105,'3DA8B226','2018-09-04 06:51:54',1),
 (3289,105,'55B74EB5','2018-09-04 06:52:17',1),
 (3290,103,'B5A117E9','2018-09-04 06:52:22',1),
 (3291,103,'99F0C0FA','2018-09-04 06:52:29',1),
 (3292,103,'8D9E5710','2018-09-04 06:54:39',1),
 (3293,103,'D2CC71D4','2018-09-04 06:54:51',1),
 (3294,104,'AB8204A4','2018-09-04 06:56:04',1),
 (3295,107,'DFE4EB13','2018-09-04 06:56:23',1),
 (3296,105,'8C0644BA','2018-09-04 06:57:20',1),
 (3297,104,'CEC9A3DA','2018-09-04 06:57:22',1),
 (3298,103,'C278A564','2018-09-04 06:57:30',1),
 (3299,107,'E880B82A','2018-09-04 06:57:33',1),
 (3300,104,'8E5F0240','2018-09-04 06:57:42',1),
 (3301,107,'B7A6171D','2018-09-04 06:58:01',1),
 (3302,105,'FCE87D9F','2018-09-04 06:58:09',1),
 (3303,107,'CEBCC740','2018-09-04 06:58:17',1),
 (3304,103,'639D4185','2018-09-04 06:58:18',1),
 (3305,105,'CB99D1E8','2018-09-04 06:58:19',1),
 (3306,105,'76B87761','2018-09-04 06:58:26',1),
 (3307,104,'DD6E2C0C','2018-09-04 06:58:39',1),
 (3308,104,'2986FF85','2018-09-04 06:58:48',1),
 (3309,107,'B6902696','2018-09-04 06:58:56',1),
 (3310,104,'2A7F5D99','2018-09-04 06:59:05',1),
 (3311,103,'1D52BFA2','2018-09-04 06:59:21',1),
 (3312,104,'D2C39273','2018-09-04 06:59:23',1),
 (3313,102,'4382D92D','2018-09-04 06:59:35',1),
 (3315,102,'CEDB6920','2018-09-04 07:00:08',1),
 (3316,103,'82A8539F','2018-09-04 07:00:24',1),
 (3317,101,'935B799E','2018-09-04 07:00:30',1),
 (3318,103,'ADD650A8','2018-09-04 07:00:35',1),
 (3319,105,'08D745A6','2018-09-04 07:01:16',1),
 (3321,105,'398B1563','2018-09-04 09:10:40',0),
 (3322,105,'55B74EB5','2018-09-04 09:40:11',0),
 (3324,0,'DFD9BB5C','2018-09-04 10:10:50',0),
 (3325,0,'DFD9BB5C','2018-09-04 08:00:00',1),
 (3326,104,'DF19620C','2018-09-04 10:33:58',1),
 (3327,105,'E06BE060','2018-09-04 10:58:13',1),
 (3328,105,'F1EE0555','2018-09-04 10:58:20',1),
 (3329,102,'4382D92D','2018-09-04 11:34:01',0),
 (3330,102,'4382D92D','2018-09-04 11:50:27',1),
 (3331,105,'08D745A6','2018-09-04 12:02:22',0),
 (3332,103,'82A8539F','2018-09-04 12:02:29',0),
 (3333,104,'28DC3FB8','2018-09-04 12:02:42',0),
 (3334,103,'82A8539F','2018-09-04 12:29:07',1),
 (3335,105,'08D745A6','2018-09-04 12:32:05',1),
 (3336,0,'4C459F1E','2018-08-31 15:30:00',0),
 (3337,0,'8C0644BA','2018-08-30 15:30:00',0),
 (3339,0,'55B74EB5','2018-08-29 17:30:00',0),
 (3341,107,'CEBCC740','2018-09-04 15:03:20',0),
 (3342,101,'935B799E','2018-09-04 15:31:56',0),
 (3343,103,'76E920D9','2018-09-04 15:32:28',0),
 (3344,105,'8C0644BA','2018-09-04 15:32:46',0),
 (3345,103,'BE51FA92','2018-09-04 15:32:46',0),
 (3346,102,'CEDB6920','2018-09-04 15:34:09',0),
 (3347,105,'2CD387C2','2018-09-04 16:02:10',0),
 (3348,103,'82A8539F','2018-09-04 16:32:39',0),
 (3350,102,'4382D92D','2018-09-04 16:57:03',0),
 (3351,101,'67637925','2018-09-04 17:30:04',0),
 (3352,105,'58EB7EA1','2018-09-04 17:32:06',0),
 (3353,107,'E880B82A','2018-09-04 17:32:11',0),
 (3354,105,'FCE87D9F','2018-09-04 17:32:15',0),
 (3355,107,'B7A6171D','2018-09-04 17:32:19',0),
 (3356,103,'ADD650A8','2018-09-04 17:32:20',0),
 (3357,105,'4E04B5FE','2018-09-04 17:32:23',0),
 (3358,104,'2986FF85','2018-09-04 17:32:25',0),
 (3359,107,'B6902696','2018-09-04 17:32:27',0),
 (3360,103,'4C459F1E','2018-09-04 17:32:29',0),
 (3361,104,'CEC9A3DA','2018-09-04 17:32:31',0),
 (3362,103,'C278A564','2018-09-04 17:32:35',0),
 (3363,107,'DFE4EB13','2018-09-04 17:32:37',0),
 (3364,104,'2A7F5D99','2018-09-04 17:32:42',0),
 (3365,104,'AB8204A4','2018-09-04 17:32:51',0),
 (3366,104,'DF19620C','2018-09-04 17:32:55',0),
 (3367,105,'76B87761','2018-09-04 17:33:00',0),
 (3369,103,'639D4185','2018-09-04 17:33:06',0),
 (3370,105,'BEAFDB2F','2018-09-04 17:33:07',0),
 (3371,104,'8E5F0240','2018-09-04 17:33:08',0),
 (3372,105,'4E6E296E','2018-09-04 17:33:14',0),
 (3373,103,'D2CC71D4','2018-09-04 17:33:15',0),
 (3374,104,'DD6E2C0C','2018-09-04 17:33:15',0),
 (3375,103,'0B8C3085','2018-09-04 17:33:20',0),
 (3376,103,'8D9E5710','2018-09-04 17:33:25',0),
 (3377,105,'3DA8B226','2018-09-04 17:33:27',0),
 (3378,103,'CEA28723','2018-09-04 17:33:31',0),
 (3379,103,'1D52BFA2','2018-09-04 17:33:39',0),
 (3380,104,'D2C39273','2018-09-04 17:33:39',0),
 (3381,103,'99F0C0FA','2018-09-04 17:33:45',0),
 (3382,105,'08D745A6','2018-09-04 17:33:45',0),
 (3383,103,'B5A117E9','2018-09-04 17:33:51',0),
 (3384,103,'DFDFE648','2018-09-04 17:34:08',0),
 (3385,105,'E8A58074','2018-09-04 17:34:17',0),
 (3386,107,'FF591F68','2018-09-04 17:37:05',0),
 (3387,105,'E06BE060','2018-09-04 20:31:17',0),
 (3388,105,'F1EE0555','2018-09-04 20:31:23',0),
 (3390,105,'4E6E296E','2018-09-05 06:26:07',1),
 (3391,101,'3282F212','2018-09-05 06:40:42',1),
 (3392,105,'2CD387C2','2018-09-05 06:44:42',1),
 (3393,105,'E8A58074','2018-09-05 06:46:06',1),
 (3394,103,'BE51FA92','2018-09-05 06:46:41',1),
 (3395,104,'28DC3FB8','2018-09-05 06:46:48',1),
 (3396,103,'DFDFE648','2018-09-05 06:47:01',1),
 (3397,105,'BEAFDB2F','2018-09-05 06:47:26',1),
 (3398,103,'0B8C3085','2018-09-05 06:48:12',1),
 (3399,103,'D2CC71D4','2018-09-05 06:51:03',1),
 (3400,105,'58EB7EA1','2018-09-05 06:51:13',1),
 (3401,103,'76E920D9','2018-09-05 06:51:46',1),
 (3402,101,'67637925','2018-09-05 06:51:56',1),
 (3403,103,'4C459F1E','2018-09-05 06:52:24',1),
 (3404,105,'4E04B5FE','2018-09-05 06:52:59',1),
 (3405,103,'B5A117E9','2018-09-05 06:53:26',1),
 (3406,104,'2A7F5D99','2018-09-05 06:53:38',1),
 (3407,103,'99F0C0FA','2018-09-05 06:54:34',1),
 (3408,105,'8C0644BA','2018-09-05 06:54:48',1),
 (3409,103,'C278A564','2018-09-05 06:54:59',1),
 (3410,105,'CB99D1E8','2018-09-05 06:55:03',1),
 (3411,103,'8D9E5710','2018-09-05 06:55:12',1),
 (3412,105,'CB99D1E8','2018-09-05 06:55:25',0),
 (3413,105,'CB99D1E8','2018-09-05 06:55:31',1),
 (3414,103,'639D4185','2018-09-05 06:55:32',1),
 (3415,107,'FF591F68','2018-09-05 06:55:50',1),
 (3416,104,'CEC9A3DA','2018-09-05 06:56:09',1),
 (3417,105,'FCE87D9F','2018-09-05 06:56:11',1),
 (3418,104,'DF19620C','2018-09-05 06:56:21',1),
 (3419,107,'E880B82A','2018-09-05 06:57:02',1),
 (3420,103,'ADD650A8','2018-09-05 06:57:06',1),
 (3422,104,'8E5F0240','2018-09-05 06:57:58',1),
 (3423,102,'4382D92D','2018-09-05 06:58:12',1),
 (3424,104,'922370AA','2018-09-05 06:58:17',1),
 (3425,105,'76B87761','2018-09-05 06:58:18',1),
 (3426,101,'935B799E','2018-09-05 06:58:26',1),
 (3427,107,'B6902696','2018-09-05 06:59:05',1),
 (3428,105,'08D745A6','2018-09-05 06:59:14',1),
 (3429,103,'1D52BFA2','2018-09-05 06:59:25',1),
 (3430,107,'DFE4EB13','2018-09-05 06:59:46',1),
 (3431,104,'2986FF85','2018-09-05 06:59:51',1),
 (3432,104,'AB8204A4','2018-09-05 06:59:57',1),
 (3433,104,'D2C39273','2018-09-05 07:00:07',1),
 (3434,102,'CEDB6920','2018-09-05 07:00:41',1),
 (3435,104,'DD6E2C0C','2018-09-05 07:01:00',1),
 (3437,0,'3282F212','2018-09-04 06:45:00',1),
 (3438,0,'3282F212','2018-09-04 17:45:00',0),
 (3439,0,'0D87987C','2018-09-05 07:00:50',1),
 (3440,105,'4DAC9951','2018-09-05 07:37:52',1),
 (3441,0,'29C03912','2018-09-05 07:00:00',1),
 (3442,0,'29C03912','2018-09-04 07:00:42',1),
 (3443,0,'29C03912','2018-09-04 17:30:00',0),
 (3444,0,'7CB9642F','2018-09-04 07:00:54',1),
 (3445,103,'C278A564','2018-09-05 08:00:48',0),
 (3446,101,'0FFA272B','2018-09-05 08:01:46',1),
 (3448,103,'ADD650A8','2018-09-05 08:20:54',0),
 (3452,105,'E06BE060','2018-09-05 10:58:52',1),
 (3453,105,'F1EE0555','2018-09-05 10:59:00',1),
 (3454,103,'ADD650A8','2018-09-05 11:14:53',1),
 (3455,103,'CEA28723','2018-09-05 11:21:16',1),
 (3456,102,'4382D92D','2018-09-05 11:30:28',0),
 (3457,102,'CEDB6920','2018-09-05 11:30:40',0),
 (3458,102,'4382D92D','2018-09-05 11:56:07',1),
 (3459,102,'CEDB6920','2018-09-05 11:56:26',1),
 (3460,103,'4C459F1E','2018-09-05 12:02:19',0),
 (3461,104,'28DC3FB8','2018-09-05 12:02:26',0),
 (3462,104,'28DC3FB8','2018-09-05 12:26:35',1),
 (3463,0,'95497F63','2018-09-05 07:00:00',1),
 (3464,103,'4C459F1E','2018-09-05 12:59:59',1),
 (3465,105,'4DAC9951','2018-09-05 14:47:27',0),
 (3466,105,'58EB7EA1','2018-09-05 15:02:29',0),
 (3467,105,'BEAFDB2F','2018-09-05 15:02:38',0),
 (3468,101,'935B799E','2018-09-05 15:32:00',0),
 (3469,103,'ADD650A8','2018-09-05 15:33:37',0),
 (3470,104,'DD6E2C0C','2018-09-05 15:33:37',0),
 (3471,103,'BE51FA92','2018-09-05 15:34:00',0),
 (3472,102,'CEDB6920','2018-09-05 16:00:22',0),
 (3473,105,'2CD387C2','2018-09-05 16:16:10',0),
 (3474,107,'E880B82A','2018-09-05 16:33:47',0),
 (3475,103,'D2CC71D4','2018-09-05 16:35:04',0),
 (3476,105,'4E6E296E','2018-09-05 16:43:38',0),
 (3477,101,'0FFA272B','2018-09-05 17:30:15',0),
 (3478,101,'67637925','2018-09-05 17:30:23',0),
 (3479,101,'0D87987C','2018-09-05 17:31:13',0),
 (3480,105,'8C0644BA','2018-09-05 17:31:43',0),
 (3481,105,'4E04B5FE','2018-09-05 17:31:54',0),
 (3482,105,'95497F63','2018-09-05 17:32:19',0),
 (3483,105,'FCE87D9F','2018-09-05 17:32:27',0),
 (3484,106,'29C03912','2018-09-05 17:32:47',0),
 (3485,105,'08D745A6','2018-09-05 17:32:55',0),
 (3486,105,'76B87761','2018-09-05 17:33:03',0),
 (3487,105,'E8A58074','2018-09-05 17:33:11',0),
 (3488,104,'922370AA','2018-09-05 17:33:13',0),
 (3489,103,'B5A117E9','2018-09-05 17:33:18',0),
 (3490,107,'B6902696','2018-09-05 17:33:19',0),
 (3491,105,'CB99D1E8','2018-09-05 17:33:26',0),
 (3492,103,'0B8C3085','2018-09-05 17:33:28',0),
 (3493,104,'2A7F5D99','2018-09-05 17:33:29',0),
 (3494,107,'DFE4EB13','2018-09-05 17:33:29',0),
 (3495,103,'1D52BFA2','2018-09-05 17:33:33',0),
 (3496,104,'8E5F0240','2018-09-05 17:33:37',0),
 (3497,107,'FF591F68','2018-09-05 17:33:42',0),
 (3498,104,'28DC3FB8','2018-09-05 17:33:44',0),
 (3499,104,'DF19620C','2018-09-05 17:33:49',0),
 (3500,103,'CEA28723','2018-09-05 17:33:53',0),
 (3501,104,'AB8204A4','2018-09-05 17:33:57',0),
 (3503,104,'CEC9A3DA','2018-09-05 17:34:13',0),
 (3504,103,'99F0C0FA','2018-09-05 17:34:15',0),
 (3505,104,'2986FF85','2018-09-05 17:34:21',0),
 (3506,103,'639D4185','2018-09-05 17:34:31',0),
 (3507,104,'D2C39273','2018-09-05 17:34:40',0),
 (3508,103,'DFDFE648','2018-09-05 17:35:04',0),
 (3509,102,'4382D92D','2018-09-05 17:41:10',0),
 (3510,101,'3282F212','2018-09-05 17:43:36',0),
 (3513,103,'4C459F1E','2018-09-05 17:45:11',0),
 (3515,103,'76E920D9','2018-09-05 19:31:33',0),
 (3516,103,'8D9E5710','2018-09-05 19:31:45',0),
 (3517,105,'E06BE060','2018-09-05 21:30:05',0),
 (3518,105,'F1EE0555','2018-09-05 21:30:10',0),
 (3519,105,'4E6E296E','2018-09-06 06:27:12',1),
 (3523,104,'28DC3FB8','2018-09-06 06:46:06',1),
 (3524,103,'0B8C3085','2018-09-06 06:46:09',1),
 (3525,103,'BE51FA92','2018-09-06 06:46:30',1),
 (3526,106,'29C03912','2018-09-06 06:48:52',1),
 (3527,105,'BEAFDB2F','2018-09-06 06:49:07',1),
 (3528,103,'4C459F1E','2018-09-06 06:49:38',1),
 (3529,103,'99F0C0FA','2018-09-06 06:49:45',1),
 (3530,101,'67637925','2018-09-06 06:50:17',1),
 (3531,105,'CB99D1E8','2018-09-06 06:50:57',1),
 (3532,103,'CEA28723','2018-09-06 06:51:11',1),
 (3533,105,'2CD387C2','2018-09-06 06:52:07',1),
 (3534,105,'8C0644BA','2018-09-06 06:52:16',1),
 (3535,106,'C1E4758D','2018-09-06 06:52:28',1),
 (3536,104,'DF19620C','2018-09-06 06:52:29',1),
 (3537,103,'76E920D9','2018-09-06 06:52:53',1),
 (3538,103,'B5A117E9','2018-09-06 06:53:02',1),
 (3539,107,'B6902696','2018-09-06 06:53:03',1),
 (3540,101,'0D87987C','2018-09-06 06:53:46',1),
 (3541,103,'8D9E5710','2018-09-06 06:53:46',1),
 (3542,107,'DFE4EB13','2018-09-06 06:53:47',1),
 (3543,103,'DFDFE648','2018-09-06 06:53:55',1),
 (3544,105,'FCE87D9F','2018-09-06 06:55:32',1),
 (3545,103,'639D4185','2018-09-06 06:56:03',1),
 (3546,107,'FF591F68','2018-09-06 06:56:12',1),
 (3547,101,'935B799E','2018-09-06 06:56:17',1),
 (3548,105,'95497F63','2018-09-06 06:57:53',1),
 (3549,104,'2A7F5D99','2018-09-06 06:57:54',1),
 (3550,104,'8E5F0240','2018-09-06 06:58:21',1),
 (3551,105,'398B1563','2018-09-06 06:58:47',1),
 (3552,104,'922370AA','2018-09-06 06:59:27',1),
 (3553,105,'76B87761','2018-09-06 06:59:31',1),
 (3554,102,'CEDB6920','2018-09-06 07:00:08',1),
 (3555,105,'08D745A6','2018-09-06 07:00:16',1),
 (3556,104,'2986FF85','2018-09-06 07:00:43',1),
 (3557,104,'AB8204A4','2018-09-06 07:00:57',1),
 (3558,104,'DD6E2C0C','2018-09-06 07:01:26',1),
 (3559,104,'D2C39273','2018-09-06 07:02:13',1),
 (3560,105,'9E0476B5','2018-09-06 07:18:19',1),
 (3561,104,'7CB9642F','2018-09-06 07:28:04',1),
 (3562,107,'E880B82A','2018-09-06 07:29:43',1),
 (3564,0,'3282F212','2018-08-29 06:44:00',1),
 (3565,104,'CEC9A3DA','2018-09-06 10:45:09',1),
 (3566,104,'08D01475','2018-09-06 10:45:33',1),
 (3567,105,'F1EE0555','2018-09-06 10:57:28',1),
 (3568,105,'E06BE060','2018-09-06 10:59:30',1),
 (3569,104,'28DC3FB8','2018-09-06 12:03:34',0),
 (3570,104,'28DC3FB8','2018-09-06 12:27:34',1),
 (3571,101,'935B799E','2018-09-06 15:31:09',0),
 (3572,104,'2A7F5D99','2018-09-06 15:33:42',0),
 (3573,105,'8C0644BA','2018-09-06 15:34:44',0),
 (3574,102,'CEDB6920','2018-09-06 15:34:57',0),
 (3575,105,'76B87761','2018-09-06 16:12:29',0),
 (3576,105,'2CD387C2','2018-09-06 16:15:36',0),
 (3577,106,'C1E4758D','2018-09-06 16:33:17',0),
 (3578,104,'AB8204A4','2018-09-06 16:33:51',0),
 (3579,107,'E880B82A','2018-09-06 16:33:52',0),
 (3580,104,'D2C39273','2018-09-06 16:34:03',0),
 (3581,104,'2986FF85','2018-09-06 16:34:09',0),
 (3583,104,'D2C39273','2018-09-06 16:49:51',1),
 (3584,101,'67637925','2018-09-06 17:30:11',0),
 (3585,101,'0D87987C','2018-09-06 17:30:19',0),
 (3586,105,'95497F63','2018-09-06 17:30:47',0),
 (3587,105,'E8A58074','2018-09-06 17:31:05',0),
 (3588,105,'4E04B5FE','2018-09-06 17:31:25',0),
 (3589,105,'FCE87D9F','2018-09-06 17:31:36',0),
 (3590,105,'9E0476B5','2018-09-06 17:31:47',0),
 (3591,105,'BEAFDB2F','2018-09-06 17:32:11',0),
 (3592,105,'398B1563','2018-09-06 17:32:56',0),
 (3593,105,'CB99D1E8','2018-09-06 17:33:09',0),
 (3594,107,'B6902696','2018-09-06 17:33:11',0),
 (3595,106,'29C03912','2018-09-06 17:33:19',0),
 (3596,107,'DFE4EB13','2018-09-06 17:33:21',0),
 (3597,104,'28DC3FB8','2018-09-06 17:33:21',0),
 (3598,104,'DF19620C','2018-09-06 17:33:32',0),
 (3599,107,'FF591F68','2018-09-06 17:33:33',0),
 (3600,104,'7CB9642F','2018-09-06 17:33:37',0),
 (3601,104,'922370AA','2018-09-06 17:33:46',0),
 (3602,104,'8E5F0240','2018-09-06 17:33:53',0),
 (3603,104,'DD6E2C0C','2018-09-06 17:34:05',0),
 (3604,105,'4E6E296E','2018-09-06 17:34:25',0),
 (3605,105,'08D745A6','2018-09-06 17:37:57',0),
 (3606,101,'3282F212','2018-09-06 17:38:26',0),
 (3607,104,'D2C39273','2018-09-06 17:38:38',0),
 (3608,0,'DFE4EB13','2018-08-28 07:00:00',1),
 (3609,0,'DFE4EB13','2018-08-27 07:00:00',1),
 (3611,0,'E8A58074','2018-08-27 07:00:00',1),
 (3612,0,'4E04B5FE','2018-08-27 07:00:00',1),
 (3613,0,'2A7F5D99','2018-08-27 07:00:00',1),
 (3614,0,'2A7F5D99','2018-08-28 07:00:00',1),
 (3615,105,'E06BE060','2018-09-06 20:30:07',0),
 (3616,104,'CEC9A3DA','2018-09-06 21:35:23',0),
 (3617,104,'08D01475','2018-09-06 21:35:31',0),
 (3618,105,'F1EE0555','2018-09-06 21:35:50',0),
 (3629,105,'4E6E296E','2018-09-07 06:22:18',1),
 (3630,105,'2CD387C2','2018-09-07 06:48:40',1),
 (3631,101,'0D87987C','2018-09-07 06:49:09',1),
 (3632,101,'3282F212','2018-09-07 06:49:47',1),
 (3633,105,'BEAFDB2F','2018-09-07 06:50:16',1),
 (3634,104,'28DC3FB8','2018-09-07 06:50:35',1),
 (3635,105,'58EB7EA1','2018-09-07 06:50:59',1),
 (3636,106,'29C03912','2018-09-07 06:51:22',1),
 (3637,101,'67637925','2018-09-07 06:52:09',1),
 (3638,105,'CB99D1E8','2018-09-07 06:52:12',1),
 (3639,107,'FF591F68','2018-09-07 06:52:30',1),
 (3640,105,'398B1563','2018-09-07 06:53:12',1),
 (3641,107,'DFE4EB13','2018-09-07 06:53:24',1),
 (3642,105,'E8A58074','2018-09-07 06:54:23',1),
 (3643,104,'2A7F5D99','2018-09-07 06:54:42',1),
 (3644,107,'B6902696','2018-09-07 06:55:09',1),
 (3645,105,'9E0476B5','2018-09-07 06:55:33',1),
 (3646,105,'8C0644BA','2018-09-07 06:55:41',1),
 (3647,106,'C1E4758D','2018-09-07 06:55:54',1),
 (3648,101,'935B799E','2018-09-07 06:57:15',1),
 (3649,104,'8E5F0240','2018-09-07 06:57:17',1),
 (3650,104,'DF19620C','2018-09-07 06:57:24',1),
 (3651,105,'FCE87D9F','2018-09-07 06:57:26',1),
 (3652,105,'4E04B5FE','2018-09-07 06:57:48',1),
 (3653,104,'DD6E2C0C','2018-09-07 06:58:15',1),
 (3654,105,'76B87761','2018-09-07 06:58:23',1),
 (3655,104,'922370AA','2018-09-07 06:58:28',1),
 (3656,101,'0FFA272B','2018-09-07 06:58:28',1),
 (3657,102,'CEDB6920','2018-09-07 06:58:40',1),
 (3658,104,'7CB9642F','2018-09-07 06:58:44',1),
 (3659,105,'95497F63','2018-09-07 06:58:46',1),
 (3660,107,'E880B82A','2018-09-07 06:59:26',1),
 (3661,104,'D2C39273','2018-09-07 06:59:39',1),
 (3662,104,'AB8204A4','2018-09-07 06:59:50',1),
 (3663,104,'2986FF85','2018-09-07 07:01:03',1),
 (3664,105,'08D745A6','2018-09-07 07:01:04',1),
 (3665,0,'ADD650A8','2018-09-06 07:00:00',1),
 (3666,0,'87176FD7','2018-09-06 08:00:00',1),
 (3668,0,'58EB7EA1','2018-09-06 07:00:00',1),
 (3669,105,'4DAC9951','2018-09-07 07:23:58',1),
 (3671,0,'ADD650A8','2018-09-06 17:30:00',0),
 (3672,0,'87176FD7','2018-09-06 16:30:00',0),
 (3673,0,'58EB7EA1','2018-09-06 17:30:00',0),
 (3674,0,'639D4185','2018-09-07 07:00:00',1),
 (3675,0,'BE51FA92','2018-09-07 07:00:00',1),
 (3676,0,'D2CC71D4','2018-09-07 07:00:00',1),
 (3677,0,'D2CC71D4','2018-09-06 08:30:00',1),
 (3678,0,'D2CC71D4','2018-09-06 17:30:00',0),
 (3679,0,'DFDFE648','2018-09-07 07:00:00',1),
 (3681,0,'3437588A','2018-09-07 07:00:00',1),
 (3682,105,'E06BE060','2018-09-07 10:57:47',1),
 (3683,105,'F1EE0555','2018-09-07 10:57:56',1),
 (3684,104,'8E5F0240','2018-09-07 11:04:18',0),
 (3685,104,'08D01475','2018-09-07 11:44:37',1),
 (3686,104,'CEC9A3DA','2018-09-07 11:45:09',1),
 (3687,104,'28DC3FB8','2018-09-07 12:03:54',0),
 (3688,104,'28DC3FB8','2018-09-07 12:23:41',1),
 (3689,101,'935B799E','2018-09-07 13:31:38',0),
 (3690,101,'67637925','2018-09-07 15:30:04',0),
 (3691,101,'0D87987C','2018-09-07 15:30:30',0),
 (3692,101,'0FFA272B','2018-09-07 15:30:49',0),
 (3693,106,'C1E4758D','2018-09-07 15:31:19',0),
 (3694,105,'95497F63','2018-09-07 15:31:43',0),
 (3695,106,'29C03912','2018-09-07 15:32:05',0),
 (3696,105,'FCE87D9F','2018-09-07 15:32:32',0),
 (3697,105,'4E04B5FE','2018-09-07 15:32:37',0),
 (3698,105,'58EB7EA1','2018-09-07 15:33:15',0),
 (3699,104,'7CB9642F','2018-09-07 15:33:20',0),
 (3700,105,'4DAC9951','2018-09-07 15:33:22',0),
 (3701,107,'E880B82A','2018-09-07 15:33:26',0),
 (3702,104,'922370AA','2018-09-07 15:33:26',0),
 (3703,105,'2CD387C2','2018-09-07 15:33:30',0),
 (3704,107,'B6902696','2018-09-07 15:33:34',0),
 (3705,104,'AB8204A4','2018-09-07 15:33:35',0),
 (3706,103,'BE51FA92','2018-09-07 15:33:39',0),
 (3707,104,'2986FF85','2018-09-07 15:33:40',0),
 (3708,105,'CB99D1E8','2018-09-07 15:33:41',0),
 (3709,104,'2A7F5D99','2018-09-07 15:33:46',0),
 (3710,105,'E8A58074','2018-09-07 15:33:51',0),
 (3711,107,'3437588A','2018-09-07 15:33:53',0),
 (3712,104,'DD6E2C0C','2018-09-07 15:33:55',0),
 (3713,105,'BEAFDB2F','2018-09-07 15:34:00',0),
 (3714,103,'639D4185','2018-09-07 15:34:04',0),
 (3715,105,'76B87761','2018-09-07 15:34:08',0),
 (3716,104,'28DC3FB8','2018-09-07 15:34:13',0),
 (3717,105,'8C0644BA','2018-09-07 15:34:13',0),
 (3718,105,'9E0476B5','2018-09-07 15:34:22',0),
 (3719,107,'DFE4EB13','2018-09-07 15:34:30',0),
 (3720,105,'398B1563','2018-09-07 15:34:53',0),
 (3721,107,'FF591F68','2018-09-07 15:35:19',0),
 (3722,104,'DF19620C','2018-09-07 15:35:46',0),
 (3723,104,'D2C39273','2018-09-07 15:36:06',0),
 (3724,0,'BE51FA92','2018-09-06 15:30:00',0),
 (3725,105,'4E6E296E','2018-09-07 15:37:55',0),
 (3726,105,'08D745A6','2018-09-07 15:38:16',0),
 (3727,101,'3282F212','2018-09-07 15:38:29',0),
 (3728,0,'99F0C0FA','2018-09-06 17:30:00',0),
 (3729,0,'99F0C0FA','2018-09-07 07:00:00',1),
 (3730,0,'99F0C0FA','2018-09-07 15:39:01',0),
 (3731,102,'CEDB6920','2018-09-07 15:53:19',0),
 (3733,105,'E06BE060','2018-09-07 20:30:06',0),
 (3734,104,'08D01475','2018-09-07 20:32:40',0),
 (3735,104,'CEC9A3DA','2018-09-07 20:32:48',0),
 (3736,105,'F1EE0555','2018-09-07 20:33:00',0),
 (3739,105,'4E6E296E','2018-09-08 05:46:28',1),
 (3740,103,'4C459F1E','2018-09-08 05:47:41',1),
 (3741,103,'0B8C3085','2018-09-08 05:47:52',1),
 (3742,105,'4E04B5FE','2018-09-08 05:49:41',1),
 (3743,105,'BEAFDB2F','2018-09-08 05:50:39',1),
 (3744,106,'29C03912','2018-09-08 05:51:35',1),
 (3745,104,'08D01475','2018-09-08 05:52:07',1),
 (3746,101,'67637925','2018-09-08 05:52:23',1),
 (3747,104,'CEC9A3DA','2018-09-08 05:53:32',1),
 (3748,101,'935B799E','2018-09-08 05:53:42',1),
 (3749,104,'2A7F5D99','2018-09-08 05:53:54',1),
 (3750,101,'0D87987C','2018-09-08 05:53:57',1),
 (3751,103,'BD9BB983','2018-09-08 05:54:51',1),
 (3752,107,'B7A6171D','2018-09-08 05:55:14',1),
 (3753,105,'CB99D1E8','2018-09-08 05:55:15',1),
 (3754,107,'B6902696','2018-09-08 05:55:22',1),
 (3755,107,'DFE4EB13','2018-09-08 05:55:33',1),
 (3756,104,'28DC3FB8','2018-09-08 05:55:36',1),
 (3757,104,'D2C39273','2018-09-08 05:55:45',1),
 (3758,107,'FF591F68','2018-09-08 05:56:06',1),
 (3759,103,'99F0C0FA','2018-09-08 05:56:23',1),
 (3760,105,'2CD387C2','2018-09-08 05:56:29',1),
 (3761,105,'FCE87D9F','2018-09-08 05:56:46',1),
 (3762,103,'8D9E5710','2018-09-08 05:56:48',1),
 (3763,105,'E06BE060','2018-09-08 05:57:02',1),
 (3764,105,'F1EE0555','2018-09-08 05:57:09',1),
 (3765,105,'95497F63','2018-09-08 05:57:27',1),
 (3766,105,'58EB7EA1','2018-09-08 05:57:44',1),
 (3767,103,'DFDFE648','2018-09-08 05:57:45',1),
 (3768,103,'1D52BFA2','2018-09-08 05:57:53',1),
 (3769,104,'922370AA','2018-09-08 05:57:59',1),
 (3770,106,'C1E4758D','2018-09-08 05:58:10',1),
 (3771,101,'3282F212','2018-09-08 05:58:10',1),
 (3772,104,'AB8204A4','2018-09-08 05:58:17',1),
 (3773,105,'8C0644BA','2018-09-08 05:58:42',1),
 (3774,104,'2986FF85','2018-09-08 05:58:57',1),
 (3775,101,'0FFA272B','2018-09-08 05:59:04',1),
 (3776,103,'D2CC71D4','2018-09-08 05:59:10',1),
 (3777,103,'C278A564','2018-09-08 05:59:21',1),
 (3778,107,'E880B82A','2018-09-08 05:59:37',1),
 (3779,104,'DD6E2C0C','2018-09-08 05:59:51',1),
 (3780,103,'B5A117E9','2018-09-08 06:00:05',1),
 (3781,104,'8E5F0240','2018-09-08 06:00:14',1),
 (3782,105,'76B87761','2018-09-08 06:00:34',1),
 (3783,102,'CEDB6920','2018-09-08 06:00:39',1),
 (3784,105,'08D745A6','2018-09-08 06:00:43',1),
 (3785,103,'639D4185','2018-09-08 06:00:49',1),
 (3786,103,'CEA28723','2018-09-08 06:01:05',1),
 (3787,105,'398B1563','2018-09-08 06:01:22',1),
 (3788,105,'8D6362AD','2018-09-08 06:04:07',1),
 (3789,103,'ADD650A8','2018-09-08 06:11:44',1),
 (3790,0,'ADD650A8','2018-09-07 07:00:00',1),
 (3791,0,'ADD650A8','2018-09-07 15:30:00',0),
 (3792,0,'8D9E5710','2018-09-06 17:30:00',0),
 (3793,0,'8D9E5710','2018-09-07 07:00:00',1),
 (3794,0,'8D9E5710','2018-09-07 15:30:00',0),
 (3795,0,'4C459F1E','2018-09-06 17:30:00',0),
 (3796,0,'4C459F1E','2018-09-07 07:00:00',1),
 (3797,0,'4C459F1E','2018-09-07 15:30:00',0),
 (3798,0,'76E920D9','2018-09-06 17:30:00',0),
 (3799,0,'76E920D9','2018-09-07 07:15:00',1),
 (3801,0,'76E920D9','2018-09-07 15:30:00',0),
 (3802,0,'B5A117E9','2018-09-06 17:30:00',0),
 (3803,0,'B5A117E9','2018-09-07 07:00:00',1),
 (3804,0,'B5A117E9','2018-09-07 15:30:00',0),
 (3805,0,'CEA28723','2018-09-06 17:30:00',0),
 (3806,0,'CEA28723','2018-09-07 07:00:00',1),
 (3807,0,'CEA28723','2018-09-07 15:30:00',0),
 (3808,0,'0B8C3085','2018-09-06 17:30:00',0),
 (3809,0,'0B8C3085','2018-09-07 07:00:00',1),
 (3810,0,'0B8C3085','2018-09-07 15:30:00',0),
 (3811,0,'C278A564','2018-09-07 07:00:00',1),
 (3812,0,'C278A564','2018-09-07 15:30:00',0),
 (3813,0,'DF19620C','2018-09-08 06:00:00',1),
 (3814,105,'9E0476B5','2018-09-08 06:52:34',1),
 (3815,0,'CB99D1E8','2018-09-04 17:30:00',0),
 (3816,0,'C1E4758D','2018-09-05 07:30:00',1),
 (3817,0,'C1E4758D','2018-09-05 16:30:00',0),
 (3819,107,'B7A6171D','2018-09-08 08:16:08',0),
 (3820,102,'CEDB6920','2018-09-08 09:39:53',0),
 (3821,103,'8D9E5710','2018-09-08 11:09:12',0),
 (3822,107,'E880B82A','2018-09-08 11:34:29',0),
 (3823,101,'67637925','2018-09-08 12:00:03',0),
 (3824,101,'935B799E','2018-09-08 12:00:25',0),
 (3825,101,'0D87987C','2018-09-08 12:00:34',0),
 (3826,101,'0FFA272B','2018-09-08 12:00:42',0),
 (3827,105,'4E04B5FE','2018-09-08 12:02:10',0),
 (3828,105,'F1EE0555','2018-09-08 12:02:58',0),
 (3829,105,'E06BE060','2018-09-08 12:03:09',0),
 (3830,105,'95497F63','2018-09-08 12:03:15',0),
 (3831,103,'BD9BB983','2018-09-08 12:03:19',0),
 (3832,106,'C1E4758D','2018-09-08 12:03:20',0),
 (3833,107,'B6902696','2018-09-08 12:03:20',0),
 (3834,104,'CEC9A3DA','2018-09-08 12:03:22',0),
 (3835,105,'8D6362AD','2018-09-08 12:03:25',0),
 (3836,103,'ADD650A8','2018-09-08 12:03:25',0),
 (3837,104,'DD6E2C0C','2018-09-08 12:03:30',0),
 (3838,105,'398B1563','2018-09-08 12:03:31',0),
 (3839,104,'28DC3FB8','2018-09-08 12:03:37',0),
 (3840,105,'FCE87D9F','2018-09-08 12:03:38',0),
 (3841,106,'29C03912','2018-09-08 12:03:38',0),
 (3842,103,'B5A117E9','2018-09-08 12:03:42',0),
 (3843,107,'DFE4EB13','2018-09-08 12:03:44',0),
 (3844,103,'639D4185','2018-09-08 12:03:48',0),
 (3845,104,'AB8204A4','2018-09-08 12:03:49',0),
 (3846,105,'76B87761','2018-09-08 12:03:52',0),
 (3847,103,'D2CC71D4','2018-09-08 12:03:54',0),
 (3848,104,'922370AA','2018-09-08 12:03:57',0),
 (3849,105,'58EB7EA1','2018-09-08 12:04:00',0),
 (3850,103,'CEA28723','2018-09-08 12:04:01',0),
 (3851,107,'C278A564','2018-09-08 12:04:05',0),
 (3852,105,'BEAFDB2F','2018-09-08 12:04:07',0),
 (3853,103,'99F0C0FA','2018-09-08 12:04:08',0),
 (3854,105,'9E0476B5','2018-09-08 12:04:21',0),
 (3855,105,'CB99D1E8','2018-09-08 12:04:34',0),
 (3856,103,'0B8C3085','2018-09-08 12:04:38',0),
 (3857,105,'8C0644BA','2018-09-08 12:04:41',0),
 (3858,104,'8E5F0240','2018-09-08 12:04:41',0),
 (3859,104,'08D01475','2018-09-08 12:04:49',0),
 (3860,105,'2CD387C2','2018-09-08 12:04:49',0),
 (3861,103,'1D52BFA2','2018-09-08 12:05:02',0),
 (3862,103,'DFDFE648','2018-09-08 12:05:10',0),
 (3863,103,'4C459F1E','2018-09-08 12:05:20',0),
 (3864,107,'FF591F68','2018-09-08 12:05:21',0),
 (3865,104,'2A7F5D99','2018-09-08 12:05:32',0),
 (3866,104,'2986FF85','2018-09-08 12:05:45',0),
 (3867,105,'08D745A6','2018-09-08 12:05:48',0),
 (3868,104,'D2C39273','2018-09-08 12:06:34',0),
 (3869,105,'4E6E296E','2018-09-08 12:07:09',0),
 (3870,101,'3282F212','2018-09-08 12:09:00',0),
 (3872,0,'DF19620C','2018-09-08 22:44:40',2),
 (3873,105,'E06BE060','2018-09-10 09:56:50',1),
 (3874,104,'2986FF85','2018-09-10 10:56:25',1),
 (3875,104,'08D01475','2018-09-10 11:03:34',1),
 (3876,0,'639D4185','2018-09-10 07:00:00',1),
 (3877,0,'BE51FA92','2018-09-10 07:00:00',1),
 (3878,0,'D2CC71D4','2018-09-10 07:00:00',1),
 (3879,0,'DFDFE648','2018-09-10 07:00:00',1),
 (3880,0,'8D9E5710','2018-09-10 07:00:00',1),
 (3881,0,'99F0C0FA','2018-09-10 07:00:00',1),
 (3882,0,'4C459F1E','2018-09-10 07:00:00',1),
 (3883,0,'B5A117E9','2018-09-10 07:00:00',1),
 (3884,0,'CEA28723','2018-09-10 07:00:00',1),
 (3885,0,'DFE4EB13','2018-09-10 07:00:00',1),
 (3886,0,'29C03912','2018-09-10 07:00:00',1),
 (3887,0,'BD9BB983','2018-09-10 07:00:00',1),
 (3888,0,'0B8C3085','2018-09-10 07:00:00',1),
 (3889,0,'1D52BFA2','2018-09-10 07:00:00',1),
 (3890,0,'D2C39273','2018-09-10 07:00:00',1),
 (3891,0,'DF19620C','2018-09-10 07:00:00',1),
 (3893,0,'2A7F5D99','2018-09-10 07:00:00',1),
 (3894,0,'87176FD7','2018-09-10 07:00:00',1),
 (3895,0,'28DC3FB8','2018-09-10 07:00:00',1),
 (3896,0,'AB8204A4','2018-09-10 07:00:00',1),
 (3897,0,'DD6E2C0C','2018-09-10 07:00:00',1),
 (3899,0,'7CB9642F','2018-09-10 07:00:00',1),
 (3900,0,'8E5F0240','2018-09-10 07:00:00',1),
 (3901,0,'922370AA','2018-09-10 07:00:00',1),
 (3902,0,'BEAFDB2F','2018-09-10 07:00:00',1),
 (3903,0,'2CD387C2','2018-09-10 07:00:00',1),
 (3905,0,'4E04B5FE','2018-09-10 07:00:00',1),
 (3906,0,'FCE87D9F','2018-09-10 07:00:00',1),
 (3907,0,'398B1563','2018-09-10 07:00:00',1),
 (3909,0,'8C0644BA','2018-09-10 07:00:00',1),
 (3910,0,'CB99D1E8','2018-09-10 07:00:00',1),
 (3911,0,'E8A58074','2018-09-10 07:00:00',1),
 (3912,0,'08D745A6','2018-09-10 07:00:00',1),
 (3913,0,'76B87761','2018-09-10 07:00:00',1),
 (3914,0,'8D6362AD','2018-09-10 07:00:00',1),
 (3915,0,'9E0476B5','2018-09-10 07:00:00',1),
 (3916,0,'95497F63','2018-09-10 07:00:00',1),
 (3918,0,'58EB7EA1','2018-09-10 07:00:00',1),
 (3919,0,'3DA8B226','2018-09-10 07:00:00',1),
 (3921,0,'4382D92D','2018-09-10 07:00:00',1),
 (3922,0,'CEDB6920','2018-09-10 07:00:00',1),
 (3923,0,'0FFA272B','2018-09-10 07:00:00',1),
 (3924,0,'0D87987C','2018-09-10 07:00:00',1),
 (3925,0,'8001201A','2018-09-10 07:00:00',1),
 (3926,0,'E880B82A','2018-09-10 07:00:00',1),
 (3927,0,'FF591F68','2018-09-10 07:00:00',1),
 (3928,0,'C278A564','2018-09-10 07:00:00',1),
 (3929,0,'9D527CFB','2018-09-10 08:00:00',1),
 (3930,0,'B7A6171D','2018-09-10 07:00:00',1),
 (3931,0,'B6902696','2018-09-10 07:00:00',1),
 (3932,0,'1C920A23','2018-09-10 07:00:00',1),
 (3933,0,'935B799E','2018-09-10 07:00:00',1),
 (3934,0,'67637925','2018-09-10 07:00:00',1),
 (3936,0,'E8A58074','2018-09-06 07:00:00',1),
 (3937,0,'639D4185','2018-09-06 12:00:00',0),
 (3938,0,'F1EE0555','2018-09-10 08:00:00',1),
 (3939,0,'DFDFE648','2018-09-06 17:30:00',0),
 (3940,0,'DFDFE648','2018-09-07 15:30:00',0),
 (3941,0,'D2CC71D4','2018-09-07 15:30:00',0),
 (3942,0,'7CB9642F','2018-09-04 17:30:00',0),
 (3946,0,'7CB9642F','2018-09-04 09:30:00',1),
 (3948,0,'4E04B5FE','2018-09-04 07:00:00',1),
 (3949,0,'4E04B5FE','2018-09-06 07:00:00',1),
 (3950,0,'1C920A23','2018-09-08 06:00:00',1),
 (3951,0,'1C920A23','2018-09-08 12:00:00',0),
 (3952,101,'935B799E','2018-09-10 13:51:24',0),
 (3953,104,'D2C39273','2018-09-10 15:07:52',0),
 (3954,105,'398B1563','2018-09-10 15:33:48',0),
 (3955,103,'BE51FA92','2018-09-10 15:33:49',0),
 (3956,105,'76B87761','2018-09-10 15:34:33',0),
 (3957,102,'CEDB6920','2018-09-10 15:47:10',0),
 (3958,104,'87176FD7','2018-09-10 16:00:44',0),
 (3959,105,'2CD387C2','2018-09-10 16:15:52',0),
 (3960,104,'2A7F5D99','2018-09-10 16:31:24',0),
 (3961,101,'1C920A23','2018-09-10 16:31:27',0),
 (3962,101,'8001201A','2018-09-10 16:31:37',0),
 (3963,105,'58EB7EA1','2018-09-10 16:33:10',0),
 (3964,104,'AB8204A4','2018-09-10 16:33:38',0),
 (3965,105,'95497F63','2018-09-10 16:33:39',0),
 (3966,104,'2986FF85','2018-09-10 16:33:46',0),
 (3967,104,'922370AA','2018-09-10 16:33:53',0),
 (3968,104,'DF19620C','2018-09-10 16:33:59',0),
 (3969,104,'DD6E2C0C','2018-09-10 16:34:09',0),
 (3970,105,'BEAFDB2F','2018-09-10 16:34:36',0),
 (3971,101,'0D87987C','2018-09-10 16:35:03',0),
 (3972,105,'08D745A6','2018-09-10 16:35:40',0),
 (3973,105,'4DAC9951','2018-09-10 16:37:07',0),
 (3974,105,'CB99D1E8','2018-09-10 16:39:37',0),
 (3975,101,'67637925','2018-09-10 16:45:07',0),
 (3976,101,'0FFA272B','2018-09-10 17:15:35',0),
 (3978,105,'8D6362AD','2018-09-10 17:33:17',0),
 (3979,104,'28DC3FB8','2018-09-10 17:33:22',0),
 (3980,105,'3DA8B226','2018-09-10 17:33:26',0),
 (3981,107,'C278A564','2018-09-10 17:33:27',0),
 (3982,105,'4E04B5FE','2018-09-10 17:33:33',0),
 (3983,107,'B6902696','2018-09-10 17:33:38',0),
 (3984,105,'9E0476B5','2018-09-10 17:33:41',0),
 (3985,103,'0B8C3085','2018-09-10 17:33:43',0),
 (3986,105,'4E6E296E','2018-09-10 17:33:50',0),
 (3987,103,'639D4185','2018-09-10 17:33:52',0),
 (3988,107,'DFE4EB13','2018-09-10 17:33:53',0),
 (3989,103,'B5A117E9','2018-09-10 17:33:58',0),
 (3990,107,'E880B82A','2018-09-10 17:33:59',0),
 (3991,103,'BD9BB983','2018-09-10 17:34:07',0),
 (3992,104,'8E5F0240','2018-09-10 17:34:12',0),
 (3993,103,'8D9E5710','2018-09-10 17:34:16',0),
 (3994,103,'1D52BFA2','2018-09-10 17:34:24',0),
 (3995,107,'9D527CFB','2018-09-10 17:34:31',0),
 (3996,103,'CEA28723','2018-09-10 17:34:32',0),
 (3997,105,'E8A58074','2018-09-10 17:34:33',0),
 (3998,103,'D2CC71D4','2018-09-10 17:34:44',0),
 (3999,103,'DFDFE648','2018-09-10 17:34:50',0),
 (4000,103,'4C459F1E','2018-09-10 17:35:24',0),
 (4001,107,'FF591F68','2018-09-10 17:36:01',0),
 (4002,101,'3282F212','2018-09-10 17:37:37',0),
 (4003,102,'4382D92D','2018-09-10 17:40:27',0),
 (4004,106,'29C03912','2018-09-10 17:42:23',0),
 (4005,105,'E06BE060','2018-09-10 20:30:07',0),
 (4006,105,'F1EE0555','2018-09-10 20:30:17',0),
 (4007,104,'08D01475','2018-09-10 20:30:25',0),
 (4013,105,'CB99D1E8','2018-09-11 06:45:57',1),
 (4014,103,'BE51FA92','2018-09-11 06:46:08',1),
 (4015,105,'BEAFDB2F','2018-09-11 06:46:16',1),
 (4016,103,'0B8C3085','2018-09-11 06:47:02',1),
 (4017,104,'28DC3FB8','2018-09-11 06:47:46',1),
 (4019,105,'4E04B5FE','2018-09-11 06:50:57',1),
 (4020,103,'DFDFE648','2018-09-11 06:51:29',1),
 (4021,105,'58EB7EA1','2018-09-11 06:53:29',1),
 (4022,104,'2A7F5D99','2018-09-11 06:53:30',1),
 (4023,106,'29C03912','2018-09-11 06:54:13',1),
 (4024,106,'C1E4758D','2018-09-11 06:54:27',1),
 (4025,103,'4C459F1E','2018-09-11 06:54:30',1),
 (4026,105,'8D6362AD','2018-09-11 06:55:02',1),
 (4027,103,'8D9E5710','2018-09-11 06:55:06',1),
 (4028,105,'8C0644BA','2018-09-11 06:55:25',1),
 (4029,107,'FF591F68','2018-09-11 06:55:30',1),
 (4030,107,'DFE4EB13','2018-09-11 06:55:45',1),
 (4031,101,'1C920A23','2018-09-11 06:55:53',1),
 (4032,107,'9D527CFB','2018-09-11 06:55:56',1),
 (4033,104,'DF19620C','2018-09-11 06:55:58',1),
 (4034,101,'935B799E','2018-09-11 06:55:59',1),
 (4035,101,'8001201A','2018-09-11 06:56:07',1),
 (4036,101,'0D87987C','2018-09-11 06:56:16',1),
 (4037,102,'4382D92D','2018-09-11 06:56:19',1),
 (4038,107,'B6902696','2018-09-11 06:56:19',1),
 (4039,104,'AB8204A4','2018-09-11 06:56:22',1),
 (4040,105,'FCE87D9F','2018-09-11 06:56:29',1),
 (4041,104,'8E5F0240','2018-09-11 06:56:30',1),
 (4042,103,'BD9BB983','2018-09-11 06:56:36',1),
 (4043,105,'3DA8B226','2018-09-11 06:56:51',1),
 (4044,104,'87176FD7','2018-09-11 06:56:52',1),
 (4045,103,'639D4185','2018-09-11 06:57:06',1),
 (4046,104,'7CB9642F','2018-09-11 06:57:10',1),
 (4047,105,'E8A58074','2018-09-11 06:57:13',1),
 (4048,105,'398B1563','2018-09-11 06:57:42',1),
 (4049,105,'9E0476B5','2018-09-11 06:57:52',1),
 (4050,105,'76B87761','2018-09-11 06:58:11',1),
 (4051,101,'67637925','2018-09-11 06:58:11',1),
 (4052,102,'CEDB6920','2018-09-11 06:58:39',1),
 (4053,103,'ADD650A8','2018-09-11 06:58:46',1),
 (4054,105,'2CD387C2','2018-09-11 06:59:02',1),
 (4055,105,'08D745A6','2018-09-11 06:59:19',1),
 (4056,104,'922370AA','2018-09-11 06:59:31',1),
 (4057,105,'95497F63','2018-09-11 06:59:38',1),
 (4058,103,'CEA28723','2018-09-11 06:59:56',1),
 (4059,104,'2986FF85','2018-09-11 06:59:58',1),
 (4060,103,'B5A117E9','2018-09-11 07:00:17',1),
 (4061,104,'D2C39273','2018-09-11 07:00:35',1),
 (4062,103,'1D52BFA2','2018-09-11 07:00:52',1),
 (4063,103,'6AA1785E','2018-09-11 07:13:56',1),
 (4064,103,'C8E646D8','2018-09-11 07:15:20',1),
 (4065,105,'4DAC9951','2018-09-11 07:25:13',1),
 (4066,103,'D2CC71D4','2018-09-11 07:26:22',1),
 (4067,101,'0FFA272B','2018-09-11 07:26:23',1),
 (4068,107,'E880B82A','2018-09-11 07:26:52',1),
 (4069,0,'99F0C0FA','2018-09-11 07:00:00',1),
 (4070,0,'73591F00','2018-09-11 08:00:00',1),
 (4072,0,'3282F212','2018-09-10 06:44:00',1),
 (4073,0,'3282F212','2018-09-11 06:44:00',1),
 (4074,0,'3282F212','2018-09-06 06:44:00',1),
 (4075,0,'C6C1C0F2','2018-09-11 07:00:00',1),
 (4077,0,'4E6E296E','2018-09-10 06:30:00',1),
 (4078,0,'4DAC9951','2018-09-10 07:15:00',1),
 (4079,105,'4E6E296E','2018-09-11 10:09:37',1),
 (4080,104,'CEC9A3DA','2018-09-11 10:49:37',1),
 (4081,104,'08D01475','2018-09-11 10:58:05',1),
 (4082,105,'E06BE060','2018-09-11 10:59:40',1),
 (4083,105,'F1EE0555','2018-09-11 10:59:46',1),
 (4084,104,'2986FF85','2018-09-11 11:12:57',0),
 (4085,0,'C6C1C0F2','2018-09-11 10:00:00',0),
 (4086,102,'CEDB6920','2018-09-11 11:34:23',0),
 (4087,102,'4382D92D','2018-09-11 11:34:31',0),
 (4088,0,'AC239E44','2018-09-11 07:00:00',1),
 (4089,102,'4382D92D','2018-09-11 11:58:55',1),
 (4090,102,'CEDB6920','2018-09-11 11:59:02',1),
 (4091,0,'0FFA272B','2018-09-11 12:00:00',0),
 (4092,104,'2986FF85','2018-09-11 12:02:13',1),
 (4093,107,'9D527CFB','2018-09-11 12:03:38',0),
 (4094,104,'87176FD7','2018-09-11 12:03:47',0),
 (4095,103,'CEA28723','2018-09-11 12:03:51',0),
 (4096,104,'28DC3FB8','2018-09-11 12:03:53',0),
 (4097,0,'99F0C0FA','2018-09-10 17:30:00',0),
 (4098,103,'CEA28723','2018-09-11 12:19:00',1),
 (4099,104,'28DC3FB8','2018-09-11 12:26:43',1),
 (4100,104,'87176FD7','2018-09-11 12:28:16',1),
 (4101,107,'9D527CFB','2018-09-11 12:28:54',1),
 (4102,107,'EC531DE6','2018-09-11 12:35:50',1),
 (4103,104,'DF19620C','2018-09-11 13:11:22',0),
 (4104,105,'CB99D1E8','2018-09-11 13:11:46',0),
 (4105,105,'E06BE060','2018-09-11 13:12:41',0),
 (4106,105,'8C0644BA','2018-09-11 13:17:28',0),
 (4107,105,'8C0644BA','2018-09-11 13:19:45',1),
 (4108,103,'639D4185','2018-09-11 13:20:56',0),
 (4109,0,'2A5620A0','2018-09-11 07:00:00',1),
 (4110,0,'9186E711','2018-09-11 07:00:00',1),
 (4113,0,'E215F3DB','2018-09-11 07:00:00',1),
 (4114,0,'88D12DCC','2018-09-11 07:00:00',1),
 (4115,101,'935B799E','2018-09-11 15:30:25',0),
 (4116,103,'C8E646D8','2018-09-11 15:34:02',0),
 (4117,105,'8C0644BA','2018-09-11 15:34:24',0),
 (4118,103,'BE51FA92','2018-09-11 15:34:33',0),
 (4119,103,'ADD650A8','2018-09-11 15:37:12',0),
 (4120,107,'E215F3DB','2018-09-11 15:42:33',0),
 (4121,103,'C8E646D8','2018-09-11 15:48:10',1),
 (4122,102,'CEDB6920','2018-09-11 15:48:44',0),
 (4123,104,'87176FD7','2018-09-11 16:02:25',0),
 (4124,105,'4DAC9951','2018-09-11 16:03:45',0),
 (4125,105,'2CD387C2','2018-09-11 16:15:54',0),
 (4126,105,'95497F63','2018-09-11 16:33:21',0),
 (4127,105,'58EB7EA1','2018-09-11 16:33:28',0),
 (4128,105,'BEAFDB2F','2018-09-11 16:33:34',0),
 (4129,106,'C1E4758D','2018-09-11 16:33:38',0),
 (4130,105,'76B87761','2018-09-11 16:33:41',0),
 (4131,104,'AB8204A4','2018-09-11 16:33:46',0),
 (4132,105,'398B1563','2018-09-11 16:34:00',0),
 (4133,105,'9E0476B5','2018-09-11 16:34:09',0),
 (4134,105,'08D745A6','2018-09-11 16:34:29',0),
 (4135,107,'73591F00','2018-09-11 16:35:41',0),
 (4136,104,'2986FF85','2018-09-11 16:36:17',0),
 (4137,104,'88D12DCC','2018-09-11 16:36:47',0),
 (4138,101,'67637925','2018-09-11 16:37:53',0),
 (4139,101,'1C920A23','2018-09-11 16:43:01',0),
 (4140,101,'8001201A','2018-09-11 16:43:11',0),
 (4142,101,'0D87987C','2018-09-11 17:02:39',0),
 (4143,102,'4382D92D','2018-09-11 17:19:01',0),
 (4144,106,'29C03912','2018-09-11 17:32:30',0),
 (4145,105,'4E04B5FE','2018-09-11 17:33:13',0),
 (4146,105,'FCE87D9F','2018-09-11 17:33:21',0),
 (4147,104,'922370AA','2018-09-11 17:33:23',0),
 (4148,104,'D2C39273','2018-09-11 17:33:29',0),
 (4149,103,'1D52BFA2','2018-09-11 17:33:31',0),
 (4150,107,'B6902696','2018-09-11 17:33:32',0),
 (4151,104,'28DC3FB8','2018-09-11 17:33:35',0),
 (4152,105,'E8A58074','2018-09-11 17:33:36',0),
 (4153,103,'BD9BB983','2018-09-11 17:33:39',0),
 (4154,105,'8D6362AD','2018-09-11 17:33:42',0),
 (4155,107,'9186E711','2018-09-11 17:33:48',0),
 (4156,103,'D2CC71D4','2018-09-11 17:33:49',0),
 (4157,103,'0B8C3085','2018-09-11 17:33:58',0),
 (4158,103,'CEA28723','2018-09-11 17:34:05',0),
 (4159,107,'E880B82A','2018-09-11 17:34:11',0),
 (4160,105,'3DA8B226','2018-09-11 17:34:11',0),
 (4161,103,'B5A117E9','2018-09-11 17:34:11',0),
 (4162,107,'9D527CFB','2018-09-11 17:34:22',0),
 (4163,103,'99F0C0FA','2018-09-11 17:34:25',0),
 (4164,103,'8D9E5710','2018-09-11 17:34:37',0),
 (4165,107,'EC531DE6','2018-09-11 17:34:37',0),
 (4166,104,'8E5F0240','2018-09-11 17:34:45',0),
 (4167,107,'2A5620A0','2018-09-11 17:34:51',0),
 (4168,107,'DFE4EB13','2018-09-11 17:34:57',0),
 (4169,103,'DFDFE648','2018-09-11 17:35:12',0),
 (4170,105,'4E6E296E','2018-09-11 17:35:33',0),
 (4171,101,'3282F212','2018-09-11 17:35:34',0),
 (4172,104,'2A7F5D99','2018-09-11 17:36:25',0),
 (4173,103,'4C459F1E','2018-09-11 17:39:53',0),
 (4174,107,'FF591F68','2018-09-11 17:47:18',0),
 (4175,105,'F1EE0555','2018-09-11 21:33:23',0),
 (4176,104,'08D01475','2018-09-11 21:34:13',0),
 (4177,104,'CEC9A3DA','2018-09-11 21:34:22',0),
 (4181,0,'021890C0','2018-09-11 23:19:04',2),
 (4183,105,'4E6E296E','2018-09-12 06:20:35',1),
 (4184,101,'3282F212','2018-09-12 06:43:53',1),
 (4185,105,'CB99D1E8','2018-09-12 06:45:32',1),
 (4186,103,'BE51FA92','2018-09-12 06:46:28',1),
 (4187,101,'67637925','2018-09-12 06:47:13',1),
 (4188,104,'28DC3FB8','2018-09-12 06:47:32',1),
 (4189,105,'4E04B5FE','2018-09-12 06:49:33',1),
 (4190,105,'BEAFDB2F','2018-09-12 06:49:51',1),
 (4191,105,'58EB7EA1','2018-09-12 06:50:43',1),
 (4192,107,'FF591F68','2018-09-12 06:51:14',1),
 (4193,107,'73591F00','2018-09-12 06:51:30',1),
 (4194,105,'398B1563','2018-09-12 06:51:37',1),
 (4195,107,'DFE4EB13','2018-09-12 06:51:40',1),
 (4196,103,'0B8C3085','2018-09-12 06:51:42',1),
 (4197,103,'DFDFE648','2018-09-12 06:51:48',1),
 (4198,103,'CEA28723','2018-09-12 06:51:59',1),
 (4199,107,'2A5620A0','2018-09-12 06:52:09',1),
 (4200,103,'4C459F1E','2018-09-12 06:52:20',1),
 (4201,103,'76E920D9','2018-09-12 06:52:35',1),
 (4202,103,'021890C0','2018-09-12 06:53:04',1),
 (4203,101,'935B799E','2018-09-12 06:53:39',1),
 (4204,101,'1C920A23','2018-09-12 06:53:46',1),
 (4205,104,'DF19620C','2018-09-12 06:53:54',1),
 (4206,101,'8001201A','2018-09-12 06:53:55',1),
 (4207,103,'639D4185','2018-09-12 06:54:12',1),
 (4208,101,'0D87987C','2018-09-12 06:54:28',1),
 (4209,105,'2CD387C2','2018-09-12 06:54:49',1),
 (4210,107,'B6902696','2018-09-12 06:55:33',1),
 (4211,106,'C1E4758D','2018-09-12 06:55:42',1),
 (4212,107,'C278A564','2018-09-12 06:55:57',1),
 (4213,105,'FCE87D9F','2018-09-12 06:56:08',1),
 (4214,107,'9186E711','2018-09-12 06:56:09',1),
 (4215,105,'E8A58074','2018-09-12 06:56:17',1),
 (4216,104,'2A7F5D99','2018-09-12 06:56:19',1),
 (4217,107,'9D527CFB','2018-09-12 06:56:23',1),
 (4218,103,'BD9BB983','2018-09-12 06:56:38',1),
 (4219,105,'9E0476B5','2018-09-12 06:57:07',1),
 (4220,104,'AB8204A4','2018-09-12 06:57:08',1),
 (4221,103,'99F0C0FA','2018-09-12 06:57:09',1),
 (4222,107,'E880B82A','2018-09-12 06:57:11',1),
 (4223,106,'29C03912','2018-09-12 06:57:20',1),
 (4224,105,'8D6362AD','2018-09-12 06:57:31',1),
 (4225,104,'87176FD7','2018-09-12 06:57:35',1),
 (4226,105,'8C0644BA','2018-09-12 06:58:08',1),
 (4227,103,'ADD650A8','2018-09-12 06:59:04',1),
 (4228,104,'D2C39273','2018-09-12 06:59:49',1),
 (4229,104,'DD6E2C0C','2018-09-12 07:00:00',1),
 (4230,105,'3DA8B226','2018-09-12 07:00:04',1),
 (4231,104,'8E5F0240','2018-09-12 07:00:14',1),
 (4232,104,'2986FF85','2018-09-12 07:00:21',1),
 (4233,104,'922370AA','2018-09-12 07:00:26',1),
 (4234,105,'95497F63','2018-09-12 07:00:29',1),
 (4235,102,'4382D92D','2018-09-12 07:00:38',1),
 (4236,105,'08D745A6','2018-09-12 07:00:43',1),
 (4237,102,'CEDB6920','2018-09-12 07:01:07',1),
 (4238,107,'E215F3DB','2018-09-12 07:03:14',1),
 (4239,104,'A5F194EB','2018-09-12 07:10:21',1),
 (4240,105,'4DAC9951','2018-09-12 07:29:03',1),
 (4242,0,'AC239E44','2018-09-12 07:00:00',1),
 (4244,0,'AC239E44','2018-09-11 15:30:00',0),
 (4245,0,'1D52BFA2','2018-09-12 07:00:00',1),
 (4247,0,'8D9E5710','2018-09-12 07:15:00',1),
 (4248,0,'D2CC71D4','2018-09-12 07:00:00',1),
 (4249,0,'B5A117E9','2018-09-12 07:00:00',1),
 (4251,0,'C8E646D8','2018-09-12 07:15:00',1),
 (4252,0,'C8E646D8','2018-09-11 17:30:00',0),
 (4253,0,'6AA1785E','2018-09-12 07:00:00',1),
 (4254,104,'CEC9A3DA','2018-09-12 10:46:24',1),
 (4255,105,'F1EE0555','2018-09-12 10:57:49',1),
 (4256,104,'08D01475','2018-09-12 10:58:03',1),
 (4257,107,'EC531DE6','2018-09-12 11:19:15',1),
 (4258,105,'4E6E296E','2018-09-12 11:31:29',0),
 (4259,107,'9D527CFB','2018-09-12 12:03:21',0),
 (4260,104,'87176FD7','2018-09-12 12:03:32',0),
 (4261,103,'99F0C0FA','2018-09-12 12:03:34',0),
 (4262,104,'28DC3FB8','2018-09-12 12:04:08',0),
 (4263,104,'28DC3FB8','2018-09-12 12:25:39',1),
 (4264,107,'9D527CFB','2018-09-12 12:26:16',1),
 (4265,104,'87176FD7','2018-09-12 12:28:20',1),
 (4266,103,'99F0C0FA','2018-09-12 12:29:42',1),
 (4267,104,'2986FF85','2018-09-12 13:28:45',0),
 (4268,105,'FCE87D9F','2018-09-12 15:32:57',0),
 (4269,101,'AC239E44','2018-09-12 15:33:02',0),
 (4270,101,'935B799E','2018-09-12 15:33:33',0),
 (4271,103,'BE51FA92','2018-09-12 15:34:32',0),
 (4272,104,'87176FD7','2018-09-12 16:00:37',0),
 (4273,105,'4DAC9951','2018-09-12 16:03:53',0),
 (4274,102,'CEDB6920','2018-09-12 16:06:20',0),
 (4275,102,'4382D92D','2018-09-12 16:23:17',0),
 (4276,104,'2A7F5D99','2018-09-12 16:32:41',0),
 (4277,105,'8D6362AD','2018-09-12 16:32:51',0),
 (4278,106,'C1E4758D','2018-09-12 16:33:09',0),
 (4279,105,'95497F63','2018-09-12 16:33:20',0),
 (4280,105,'E8A58074','2018-09-12 16:33:26',0),
 (4281,107,'E880B82A','2018-09-12 16:33:27',0),
 (4282,105,'8C0644BA','2018-09-12 16:33:34',0),
 (4283,104,'922370AA','2018-09-12 16:33:38',0),
 (4284,105,'CB99D1E8','2018-09-12 16:33:39',0),
 (4285,105,'9E0476B5','2018-09-12 16:33:49',0),
 (4286,105,'398B1563','2018-09-12 16:34:05',0),
 (4287,105,'08D745A6','2018-09-12 16:34:12',0),
 (4288,105,'58EB7EA1','2018-09-12 16:34:21',0),
 (4289,105,'BEAFDB2F','2018-09-12 16:34:32',0),
 (4290,103,'D2CC71D4','2018-09-12 16:34:52',0),
 (4291,105,'3DA8B226','2018-09-12 16:35:29',0),
 (4292,104,'AB8204A4','2018-09-12 16:36:41',0),
 (4293,106,'29C03912','2018-09-12 16:53:44',0),
 (4295,101,'67637925','2018-09-12 17:30:03',0),
 (4296,101,'1C920A23','2018-09-12 17:30:16',0),
 (4297,101,'8001201A','2018-09-12 17:30:30',0),
 (4298,101,'0D87987C','2018-09-12 17:30:38',0),
 (4299,107,'B6902696','2018-09-12 17:33:13',0),
 (4300,107,'E215F3DB','2018-09-12 17:33:24',0),
 (4301,104,'D2C39273','2018-09-12 17:33:26',0),
 (4302,103,'1D52BFA2','2018-09-12 17:33:30',0),
 (4303,107,'C278A564','2018-09-12 17:33:37',0),
 (4304,103,'ADD650A8','2018-09-12 17:33:43',0),
 (4305,107,'EC531DE6','2018-09-12 17:33:46',0),
 (4306,103,'BD9BB983','2018-09-12 17:33:52',0),
 (4307,107,'9D527CFB','2018-09-12 17:33:54',0),
 (4308,104,'DD6E2C0C','2018-09-12 17:33:54',0),
 (4309,103,'B5A117E9','2018-09-12 17:33:57',0),
 (4310,103,'639D4185','2018-09-12 17:34:03',0),
 (4311,107,'9186E711','2018-09-12 17:34:05',0),
 (4312,103,'99F0C0FA','2018-09-12 17:34:10',0),
 (4313,107,'2A5620A0','2018-09-12 17:34:16',0),
 (4314,103,'C8E646D8','2018-09-12 17:34:18',0),
 (4315,103,'021890C0','2018-09-12 17:34:22',0),
 (4316,107,'DFE4EB13','2018-09-12 17:34:24',0),
 (4317,103,'8D9E5710','2018-09-12 17:34:29',0),
 (4318,104,'A5F194EB','2018-09-12 17:34:37',0),
 (4319,103,'76E920D9','2018-09-12 17:34:39',0),
 (4320,104,'DF19620C','2018-09-12 17:34:42',0),
 (4321,103,'4C459F1E','2018-09-12 17:34:45',0),
 (4322,104,'28DC3FB8','2018-09-12 17:34:49',0),
 (4323,101,'3282F212','2018-09-12 17:34:50',0),
 (4324,103,'0B8C3085','2018-09-12 17:34:52',0),
 (4325,104,'8E5F0240','2018-09-12 17:34:59',0),
 (4326,103,'CEA28723','2018-09-12 17:34:59',0),
 (4327,103,'DFDFE648','2018-09-12 17:35:04',0),
 (4328,107,'FF591F68','2018-09-12 17:37:35',0),
 (4329,105,'4E04B5FE','2018-09-12 17:37:46',0),
 (4330,105,'2CD387C2','2018-09-12 17:38:03',0),
 (4331,105,'F1EE0555','2018-09-12 20:30:07',0),
 (4332,104,'08D01475','2018-09-12 20:30:18',0),
 (4333,104,'CEC9A3DA','2018-09-12 20:30:34',0),
 (4336,105,'4E6E296E','2018-09-13 06:20:15',1),
 (4337,101,'3282F212','2018-09-13 06:41:18',1),
 (4338,106,'29C03912','2018-09-13 06:49:47',1),
 (4339,103,'4C459F1E','2018-09-13 06:49:58',1),
 (4340,102,'CEDB6920','2018-09-13 06:50:04',1),
 (4341,104,'28DC3FB8','2018-09-13 06:50:12',1),
 (4342,105,'BEAFDB2F','2018-09-13 06:50:13',1),
 (4343,103,'BE51FA92','2018-09-13 06:50:36',1),
 (4344,103,'CEA28723','2018-09-13 06:51:28',1),
 (4345,103,'0B8C3085','2018-09-13 06:51:35',1),
 (4346,103,'76E920D9','2018-09-13 06:52:14',1),
 (4347,105,'8D6362AD','2018-09-13 06:52:17',1),
 (4348,101,'0D87987C','2018-09-13 06:52:22',1),
 (4349,107,'FF591F68','2018-09-13 06:52:30',1),
 (4350,105,'398B1563','2018-09-13 06:52:33',1),
 (4351,101,'67637925','2018-09-13 06:52:34',1),
 (4352,107,'9186E711','2018-09-13 06:52:51',1),
 (4353,105,'CB99D1E8','2018-09-13 06:52:59',1),
 (4354,104,'A5F194EB','2018-09-13 06:53:46',1),
 (4355,107,'DFE4EB13','2018-09-13 06:54:10',1),
 (4356,103,'DFDFE648','2018-09-13 06:54:38',1),
 (4357,101,'0FFA272B','2018-09-13 06:55:26',1),
 (4358,105,'58EB7EA1','2018-09-13 06:55:29',1),
 (4359,104,'2A7F5D99','2018-09-13 06:55:30',1),
 (4360,105,'FCE87D9F','2018-09-13 06:55:39',1),
 (4361,103,'8D9E5710','2018-09-13 06:55:46',1),
 (4362,105,'3DA8B226','2018-09-13 06:55:48',1),
 (4363,107,'B6902696','2018-09-13 06:55:52',1),
 (4364,105,'2CD387C2','2018-09-13 06:55:58',1),
 (4365,103,'B5A117E9','2018-09-13 06:55:58',1),
 (4366,104,'DF19620C','2018-09-13 06:56:11',1),
 (4367,103,'BD9BB983','2018-09-13 06:56:25',1),
 (4368,101,'AC239E44','2018-09-13 06:56:42',1),
 (4369,103,'639D4185','2018-09-13 06:56:52',1),
 (4370,105,'8C0644BA','2018-09-13 06:56:59',1),
 (4371,101,'935B799E','2018-09-13 06:57:02',1),
 (4372,107,'9D527CFB','2018-09-13 06:57:02',1),
 (4373,101,'1C920A23','2018-09-13 06:57:10',1),
 (4374,107,'2A5620A0','2018-09-13 06:57:23',1),
 (4375,101,'8001201A','2018-09-13 06:57:23',1),
 (4376,102,'4382D92D','2018-09-13 06:57:47',1),
 (4377,104,'AB8204A4','2018-09-13 06:57:59',1),
 (4378,105,'E8A58074','2018-09-13 06:58:08',1),
 (4379,104,'DD6E2C0C','2018-09-13 06:58:14',1),
 (4380,105,'9E0476B5','2018-09-13 06:58:17',1),
 (4381,104,'87176FD7','2018-09-13 06:58:31',1),
 (4382,103,'021890C0','2018-09-13 06:58:40',1),
 (4383,105,'76B87761','2018-09-13 06:58:45',1),
 (4384,103,'C8E646D8','2018-09-13 06:58:56',1),
 (4385,107,'C278A564','2018-09-13 06:59:00',1),
 (4386,104,'922370AA','2018-09-13 06:59:11',1),
 (4387,103,'99F0C0FA','2018-09-13 06:59:21',1),
 (4388,104,'D2C39273','2018-09-13 06:59:38',1),
 (4389,103,'1D52BFA2','2018-09-13 06:59:46',1),
 (4390,104,'2986FF85','2018-09-13 07:00:10',1),
 (4391,104,'8E5F0240','2018-09-13 07:00:22',1),
 (4392,107,'E215F3DB','2018-09-13 07:00:52',1),
 (4393,105,'95497F63','2018-09-13 07:00:54',1),
 (4394,103,'6AA1785E','2018-09-13 07:01:00',1),
 (4395,105,'08D745A6','2018-09-13 07:01:18',1),
 (4396,103,'ADD650A8','2018-09-13 07:15:36',1),
 (4397,0,'31A25435','2018-09-13 07:00:00',1),
 (4398,105,'4DAC9951','2018-09-13 07:28:21',1),
 (4399,103,'ADD650A8','2018-09-13 09:02:48',0),
 (4401,105,'F1EE0555','2018-09-13 10:40:35',1),
 (4402,104,'08D01475','2018-09-13 10:50:41',1),
 (4403,104,'CEC9A3DA','2018-09-13 10:51:22',1),
 (4404,105,'E06BE060','2018-09-13 10:58:09',1),
 (4405,102,'CEDB6920','2018-09-13 11:33:14',0),
 (4406,102,'4382D92D','2018-09-13 11:33:25',0),
 (4407,102,'4382D92D','2018-09-13 11:55:16',1),
 (4408,102,'CEDB6920','2018-09-13 11:55:24',1),
 (4409,104,'87176FD7','2018-09-13 12:03:43',0),
 (4410,107,'9D527CFB','2018-09-13 12:03:48',0),
 (4411,103,'99F0C0FA','2018-09-13 12:03:50',0),
 (4412,104,'28DC3FB8','2018-09-13 12:03:51',0),
 (4413,103,'639D4185','2018-09-13 12:19:34',0),
 (4414,105,'4E04B5FE','2018-09-13 12:21:06',1),
 (4415,107,'9D527CFB','2018-09-13 12:25:24',1),
 (4416,104,'28DC3FB8','2018-09-13 12:25:55',1),
 (4417,103,'99F0C0FA','2018-09-13 12:29:26',1),
 (4418,104,'87176FD7','2018-09-13 12:30:57',1),
 (4419,101,'935B799E','2018-09-13 13:31:27',0),
 (4420,107,'E215F3DB','2018-09-13 14:34:21',0),
 (4421,105,'8C0644BA','2018-09-13 15:32:07',0),
 (4422,101,'AC239E44','2018-09-13 15:33:13',0),
 (4423,103,'BE51FA92','2018-09-13 15:34:15',0),
 (4424,105,'4DAC9951','2018-09-13 15:38:45',0),
 (4425,102,'CEDB6920','2018-09-13 15:48:44',0),
 (4426,104,'87176FD7','2018-09-13 16:00:08',0),
 (4427,105,'2CD387C2','2018-09-13 16:15:23',0),
 (4429,105,'95497F63','2018-09-13 16:33:18',0),
 (4430,105,'BEAFDB2F','2018-09-13 16:34:08',0),
 (4431,105,'FCE87D9F','2018-09-13 16:34:16',0),
 (4432,105,'398B1563','2018-09-13 16:34:29',0),
 (4433,104,'AB8204A4','2018-09-13 16:34:41',0),
 (4434,105,'58EB7EA1','2018-09-13 16:34:41',0),
 (4435,105,'08D745A6','2018-09-13 16:34:58',0),
 (4436,105,'76B87761','2018-09-13 16:35:09',0),
 (4437,106,'29C03912','2018-09-13 16:48:50',0);
INSERT INTO `punch` (`id`,`terminalid`,`badgeid`,`originaltimestamp`,`punchtypeid`) VALUES 
 (4438,102,'4382D92D','2018-09-13 17:25:27',0),
 (4439,101,'0FFA272B','2018-09-13 17:30:06',0),
 (4440,101,'0D87987C','2018-09-13 17:30:22',0),
 (4441,101,'67637925','2018-09-13 17:30:31',0),
 (4442,101,'1C920A23','2018-09-13 17:30:58',0),
 (4443,104,'2A7F5D99','2018-09-13 17:31:41',0),
 (4444,107,'C278A564','2018-09-13 17:33:34',0),
 (4445,105,'8D6362AD','2018-09-13 17:33:37',0),
 (4446,107,'B6902696','2018-09-13 17:33:40',0),
 (4447,107,'9D527CFB','2018-09-13 17:33:50',0),
 (4448,103,'0B8C3085','2018-09-13 17:33:51',0),
 (4449,104,'8E5F0240','2018-09-13 17:33:52',0),
 (4450,101,'8001201A','2018-09-13 17:33:54',0),
 (4451,103,'BD9BB983','2018-09-13 17:33:57',0),
 (4452,107,'9186E711','2018-09-13 17:33:58',0),
 (4453,105,'E8A58074','2018-09-13 17:33:58',0),
 (4454,107,'DFE4EB13','2018-09-13 17:34:04',0),
 (4455,103,'1D52BFA2','2018-09-13 17:34:05',0),
 (4456,104,'31A25435','2018-09-13 17:34:11',0),
 (4457,103,'C8E646D8','2018-09-13 17:34:13',0),
 (4458,107,'2A5620A0','2018-09-13 17:34:17',0),
 (4459,104,'922370AA','2018-09-13 17:34:20',0),
 (4460,101,'3282F212','2018-09-13 17:34:24',0),
 (4461,104,'DD6E2C0C','2018-09-13 17:34:26',0),
 (4462,105,'4E04B5FE','2018-09-13 17:34:29',0),
 (4463,104,'28DC3FB8','2018-09-13 17:34:34',0),
 (4464,105,'CB99D1E8','2018-09-13 17:34:39',0),
 (4465,104,'2986FF85','2018-09-13 17:34:46',0),
 (4466,105,'3DA8B226','2018-09-13 17:34:52',0),
 (4467,104,'A5F194EB','2018-09-13 17:34:53',0),
 (4468,103,'021890C0','2018-09-13 17:35:00',0),
 (4469,105,'9E0476B5','2018-09-13 17:35:05',0),
 (4470,103,'99F0C0FA','2018-09-13 17:35:09',0),
 (4471,104,'DF19620C','2018-09-13 17:35:15',0),
 (4472,103,'CEA28723','2018-09-13 17:35:28',0),
 (4473,103,'DFDFE648','2018-09-13 17:35:35',0),
 (4474,103,'76E920D9','2018-09-13 17:35:53',0),
 (4475,104,'D2C39273','2018-09-13 17:37:31',0),
 (4476,107,'FF591F68','2018-09-13 17:37:57',0),
 (4477,105,'4E6E296E','2018-09-13 17:41:14',0),
 (4478,103,'4C459F1E','2018-09-13 17:42:57',0),
 (4479,103,'8D9E5710','2018-09-13 18:46:12',0),
 (4480,103,'B5A117E9','2018-09-13 18:46:20',0),
 (4481,105,'F1EE0555','2018-09-13 20:30:10',0),
 (4482,105,'E06BE060','2018-09-13 20:30:15',0),
 (4483,104,'CEC9A3DA','2018-09-13 20:32:41',0),
 (4484,104,'08D01475','2018-09-13 20:33:05',0),
 (4486,105,'4E6E296E','2018-09-14 06:24:11',1),
 (4487,101,'3282F212','2018-09-14 06:43:27',1),
 (4488,104,'28DC3FB8','2018-09-14 06:45:11',1),
 (4489,103,'BE51FA92','2018-09-14 06:46:08',1),
 (4490,105,'BEAFDB2F','2018-09-14 06:46:21',1),
 (4491,103,'0B8C3085','2018-09-14 06:46:25',1),
 (4492,101,'67637925','2018-09-14 06:47:13',1),
 (4493,104,'2A7F5D99','2018-09-14 06:48:55',1),
 (4494,103,'76E920D9','2018-09-14 06:49:23',1),
 (4495,107,'DFE4EB13','2018-09-14 06:49:30',1),
 (4496,103,'D2CC71D4','2018-09-14 06:49:34',1),
 (4497,107,'FF591F68','2018-09-14 06:49:47',1),
 (4498,106,'29C03912','2018-09-14 06:51:40',1),
 (4499,105,'2CD387C2','2018-09-14 06:51:43',1),
 (4500,105,'8D6362AD','2018-09-14 06:51:50',1),
 (4501,103,'DFDFE648','2018-09-14 06:52:42',1),
 (4502,107,'9D527CFB','2018-09-14 06:54:01',1),
 (4503,103,'CEA28723','2018-09-14 06:54:06',1),
 (4504,107,'E880B82A','2018-09-14 06:54:24',1),
 (4505,101,'0D87987C','2018-09-14 06:54:26',1),
 (4506,103,'B5A117E9','2018-09-14 06:54:26',1),
 (4507,105,'58EB7EA1','2018-09-14 06:54:31',1),
 (4508,107,'2A5620A0','2018-09-14 06:54:55',1),
 (4509,104,'31A25435','2018-09-14 06:55:02',1),
 (4510,101,'AC239E44','2018-09-14 06:55:05',1),
 (4511,105,'4E04B5FE','2018-09-14 06:55:30',1),
 (4512,107,'B6902696','2018-09-14 06:55:30',1),
 (4513,101,'935B799E','2018-09-14 06:56:03',1),
 (4514,101,'1C920A23','2018-09-14 06:56:22',1),
 (4515,103,'BD9BB983','2018-09-14 06:56:36',1),
 (4516,101,'8001201A','2018-09-14 06:56:36',1),
 (4517,101,'0FFA272B','2018-09-14 06:56:56',1),
 (4518,105,'398B1563','2018-09-14 06:56:59',1),
 (4519,103,'8D9E5710','2018-09-14 06:57:16',1),
 (4520,105,'9E0476B5','2018-09-14 06:57:25',1),
 (4521,105,'FCE87D9F','2018-09-14 06:57:33',1),
 (4522,103,'639D4185','2018-09-14 06:57:39',1),
 (4523,105,'E8A58074','2018-09-14 06:57:56',1),
 (4524,104,'AB8204A4','2018-09-14 06:57:57',1),
 (4525,104,'A5F194EB','2018-09-14 06:58:04',1),
 (4526,103,'021890C0','2018-09-14 06:58:45',1),
 (4527,107,'C278A564','2018-09-14 06:58:47',1),
 (4528,105,'76B87761','2018-09-14 06:59:15',1),
 (4529,104,'2986FF85','2018-09-14 06:59:50',1),
 (4530,104,'DF19620C','2018-09-14 06:59:55',1),
 (4531,105,'08D745A6','2018-09-14 06:59:57',1),
 (4532,103,'1D52BFA2','2018-09-14 06:59:58',1),
 (4533,104,'DD6E2C0C','2018-09-14 07:00:03',1),
 (4534,102,'4382D92D','2018-09-14 07:00:03',1),
 (4535,105,'95497F63','2018-09-14 07:00:07',1),
 (4536,104,'D2C39273','2018-09-14 07:00:08',1),
 (4537,107,'9186E711','2018-09-14 07:00:20',1),
 (4538,105,'CB99D1E8','2018-09-14 07:00:22',1),
 (4539,103,'C8E646D8','2018-09-14 07:00:25',1),
 (4540,105,'8C0644BA','2018-09-14 07:00:30',1),
 (4541,104,'8E5F0240','2018-09-14 07:00:30',1),
 (4542,103,'99F0C0FA','2018-09-14 07:01:23',1),
 (4543,104,'922370AA','2018-09-14 07:01:43',1),
 (4544,105,'3DA8B226','2018-09-14 07:03:10',1),
 (4545,102,'CEDB6920','2018-09-14 07:03:16',1),
 (4547,104,'08D01475','2018-09-14 10:52:37',1),
 (4548,105,'F1EE0555','2018-09-14 10:58:55',1),
 (4549,105,'E06BE060','2018-09-14 10:59:02',1),
 (4550,107,'9D527CFB','2018-09-14 12:04:13',0),
 (4551,107,'9D527CFB','2018-09-14 12:25:17',1),
 (4552,101,'935B799E','2018-09-14 13:32:02',0),
 (4553,107,'B6902696','2018-09-14 15:09:45',0),
 (4554,101,'0FFA272B','2018-09-14 15:30:05',0),
 (4555,101,'0D87987C','2018-09-14 15:30:37',0),
 (4556,101,'0D87987C','2018-09-14 15:31:10',1),
 (4557,101,'0FFA272B','2018-09-14 15:31:39',1),
 (4558,101,'AC239E44','2018-09-14 15:33:58',0),
 (4559,101,'8001201A','2018-09-14 15:34:08',0),
 (4560,101,'1C920A23','2018-09-14 15:34:15',0),
 (4561,103,'D2CC71D4','2018-09-14 15:34:29',0),
 (4562,103,'B5A117E9','2018-09-14 15:34:35',0),
 (4563,103,'8D9E5710','2018-09-14 15:34:42',0),
 (4564,103,'76E920D9','2018-09-14 15:34:51',0),
 (4565,103,'021890C0','2018-09-14 15:34:56',0),
 (4566,103,'99F0C0FA','2018-09-14 15:35:03',0),
 (4567,103,'CEA28723','2018-09-14 15:35:12',0),
 (4568,103,'0B8C3085','2018-09-14 15:35:20',0),
 (4569,103,'C8E646D8','2018-09-14 15:35:28',0),
 (4570,103,'BE51FA92','2018-09-14 15:35:38',0),
 (4571,103,'1D52BFA2','2018-09-14 15:36:05',0),
 (4572,101,'67637925','2018-09-14 15:37:23',0),
 (4573,106,'29C03912','2018-09-14 15:37:29',0),
 (4574,103,'DFDFE648','2018-09-14 15:37:50',0),
 (4575,101,'0D87987C','2018-09-14 15:38:08',0),
 (4576,101,'3282F212','2018-09-14 15:39:09',0),
 (4577,101,'0FFA272B','2018-09-14 15:39:16',0),
 (4578,107,'9D527CFB','2018-09-14 15:39:51',0),
 (4579,107,'C278A564','2018-09-14 15:40:00',0),
 (4580,103,'639D4185','2018-09-14 15:40:07',0),
 (4581,105,'8C0644BA','2018-09-14 15:40:18',0),
 (4582,107,'9186E711','2018-09-14 15:40:27',0),
 (4583,107,'DFE4EB13','2018-09-14 15:40:42',0),
 (4584,105,'3DA8B226','2018-09-14 15:41:24',0),
 (4585,105,'95497F63','2018-09-14 15:41:38',0),
 (4586,105,'FCE87D9F','2018-09-14 15:41:45',0),
 (4587,107,'2A5620A0','2018-09-14 15:41:46',0),
 (4588,105,'4E04B5FE','2018-09-14 15:41:56',0),
 (4589,105,'9E0476B5','2018-09-14 15:42:06',0),
 (4590,105,'8D6362AD','2018-09-14 15:42:12',0),
 (4591,105,'E8A58074','2018-09-14 15:42:19',0),
 (4592,105,'58EB7EA1','2018-09-14 15:42:27',0),
 (4593,105,'76B87761','2018-09-14 15:42:36',0),
 (4594,105,'398B1563','2018-09-14 15:42:51',0),
 (4595,105,'CB99D1E8','2018-09-14 15:43:09',0),
 (4596,105,'BEAFDB2F','2018-09-14 15:43:41',0),
 (4597,105,'08D745A6','2018-09-14 15:44:43',0),
 (4598,105,'2CD387C2','2018-09-14 15:45:20',0),
 (4599,105,'4E6E296E','2018-09-14 15:46:09',0),
 (4600,107,'E880B82A','2018-09-14 15:47:56',0),
 (4601,102,'CEDB6920','2018-09-14 15:50:39',0),
 (4602,107,'FF591F68','2018-09-14 16:09:53',0),
 (4604,103,'BD9BB983','2018-09-14 16:33:49',0),
 (4605,102,'4382D92D','2018-09-14 16:44:21',0),
 (4606,105,'E06BE060','2018-09-14 20:32:16',0),
 (4607,105,'F1EE0555','2018-09-14 20:32:24',0),
 (4620,105,'4E6E296E','2018-09-15 05:50:01',1),
 (4621,103,'0B8C3085','2018-09-15 05:50:07',1),
 (4622,105,'BEAFDB2F','2018-09-15 05:50:37',1),
 (4623,107,'DFE4EB13','2018-09-15 05:51:36',1),
 (4624,103,'76E920D9','2018-09-15 05:52:02',1),
 (4625,103,'8D9E5710','2018-09-15 05:52:39',1),
 (4626,101,'67637925','2018-09-15 05:52:39',1),
 (4627,105,'3DA8B226','2018-09-15 05:53:07',1),
 (4628,105,'FCE87D9F','2018-09-15 05:53:19',1),
 (4629,103,'D2CC71D4','2018-09-15 05:53:34',1),
 (4630,103,'4C459F1E','2018-09-15 05:54:31',1),
 (4631,105,'2CD387C2','2018-09-15 05:54:49',1),
 (4632,103,'DFDFE648','2018-09-15 05:55:34',1),
 (4633,105,'8D6362AD','2018-09-15 05:55:38',1),
 (4634,107,'FF591F68','2018-09-15 05:55:45',1),
 (4635,105,'E06BE060','2018-09-15 05:55:45',1),
 (4636,105,'F1EE0555','2018-09-15 05:55:52',1),
 (4637,107,'9D527CFB','2018-09-15 05:56:04',1),
 (4638,107,'B6902696','2018-09-15 05:56:16',1),
 (4639,101,'0D87987C','2018-09-15 05:57:44',1),
 (4640,103,'BD9BB983','2018-09-15 05:57:48',1),
 (4641,105,'E8A58074','2018-09-15 05:58:25',1),
 (4642,103,'99F0C0FA','2018-09-15 05:59:13',1),
 (4643,103,'1D52BFA2','2018-09-15 05:59:20',1),
 (4644,101,'1C920A23','2018-09-15 05:59:30',1),
 (4645,101,'8001201A','2018-09-15 05:59:38',1),
 (4646,107,'C278A564','2018-09-15 05:59:39',1),
 (4647,105,'CB99D1E8','2018-09-15 05:59:48',1),
 (4648,107,'9186E711','2018-09-15 05:59:50',1),
 (4649,103,'021890C0','2018-09-15 05:59:51',1),
 (4650,107,'E880B82A','2018-09-15 05:59:58',1),
 (4651,103,'639D4185','2018-09-15 06:00:02',1),
 (4652,106,'29C03912','2018-09-15 06:00:38',1),
 (4653,105,'95497F63','2018-09-15 06:01:04',1),
 (4654,103,'C8E646D8','2018-09-15 06:01:06',1),
 (4655,105,'8C0644BA','2018-09-15 06:01:12',1),
 (4656,105,'398B1563','2018-09-15 06:01:27',1),
 (4657,105,'08D745A6','2018-09-15 06:02:04',1),
 (4658,105,'4E04B5FE','2018-09-15 06:07:23',1),
 (4659,105,'8C0644BA','2018-09-15 07:06:23',0),
 (4660,105,'F1EE0555','2018-09-15 08:32:48',0),
 (4661,101,'67637925','2018-09-15 11:00:05',0),
 (4662,101,'0D87987C','2018-09-15 11:00:39',0),
 (4663,107,'B6902696','2018-09-15 11:01:23',0),
 (4664,106,'29C03912','2018-09-15 11:01:37',0),
 (4665,101,'1C920A23','2018-09-15 11:01:53',0),
 (4666,107,'E880B82A','2018-09-15 11:01:54',0),
 (4667,107,'C278A564','2018-09-15 11:01:59',0),
 (4668,101,'8001201A','2018-09-15 11:01:59',0),
 (4669,105,'2CD387C2','2018-09-15 11:02:09',0),
 (4670,105,'4E04B5FE','2018-09-15 11:02:16',0),
 (4671,107,'DFE4EB13','2018-09-15 11:02:18',0),
 (4672,105,'E8A58074','2018-09-15 11:02:37',0),
 (4673,105,'398B1563','2018-09-15 11:02:48',0),
 (4674,107,'9D527CFB','2018-09-15 11:02:50',0),
 (4675,105,'3DA8B226','2018-09-15 11:03:05',0),
 (4676,105,'BEAFDB2F','2018-09-15 11:03:19',0),
 (4677,105,'95497F63','2018-09-15 11:03:28',0),
 (4678,105,'8D6362AD','2018-09-15 11:03:34',0),
 (4679,105,'FCE87D9F','2018-09-15 11:03:40',0),
 (4680,103,'DFDFE648','2018-09-15 11:03:43',0),
 (4681,105,'CB99D1E8','2018-09-15 11:03:52',0),
 (4682,105,'E06BE060','2018-09-15 11:04:06',0),
 (4683,105,'08D745A6','2018-09-15 11:04:39',0),
 (4684,107,'9186E711','2018-09-15 11:05:17',0),
 (4685,107,'FF591F68','2018-09-15 11:05:26',0),
 (4686,103,'021890C0','2018-09-15 11:05:44',0),
 (4687,103,'76E920D9','2018-09-15 11:06:08',0),
 (4688,105,'4E6E296E','2018-09-15 11:06:14',0),
 (4689,103,'BD9BB983','2018-09-15 11:06:35',0),
 (4690,103,'1D52BFA2','2018-09-15 11:06:40',0),
 (4691,103,'C8E646D8','2018-09-15 11:06:50',0),
 (4692,103,'0B8C3085','2018-09-15 11:07:14',0),
 (4693,103,'99F0C0FA','2018-09-15 11:07:21',0),
 (4694,103,'8D9E5710','2018-09-15 11:08:04',0),
 (4695,103,'4C459F1E','2018-09-15 11:08:12',0),
 (4696,103,'D2CC71D4','2018-09-15 11:09:24',0),
 (4698,105,'4E6E296E','2018-09-17 06:27:14',1),
 (4699,101,'3282F212','2018-09-17 06:44:03',1),
 (4700,101,'0D87987C','2018-09-17 06:46:52',1),
 (4701,105,'58EB7EA1','2018-09-17 06:47:41',1),
 (4702,105,'8D6362AD','2018-09-17 06:47:48',1),
 (4703,103,'0B8C3085','2018-09-17 06:48:51',1),
 (4704,105,'BEAFDB2F','2018-09-17 06:49:04',1),
 (4705,103,'BE51FA92','2018-09-17 06:49:06',1),
 (4706,103,'76E920D9','2018-09-17 06:49:40',1),
 (4707,107,'9186E711','2018-09-17 06:50:05',1),
 (4708,106,'29C03912','2018-09-17 06:50:21',1),
 (4709,103,'4C459F1E','2018-09-17 06:50:40',1),
 (4710,107,'FF591F68','2018-09-17 06:50:40',1),
 (4711,107,'DFE4EB13','2018-09-17 06:51:19',1),
 (4712,107,'2A5620A0','2018-09-17 06:51:41',1),
 (4713,103,'B5A117E9','2018-09-17 06:53:27',1),
 (4714,101,'AC239E44','2018-09-17 06:53:58',1),
 (4715,103,'D2CC71D4','2018-09-17 06:54:21',1),
 (4716,101,'67637925','2018-09-17 06:54:42',1),
 (4717,105,'FCE87D9F','2018-09-17 06:55:04',1),
 (4718,103,'8D9E5710','2018-09-17 06:55:21',1),
 (4719,101,'935B799E','2018-09-17 06:55:24',1),
 (4720,101,'1C920A23','2018-09-17 06:55:34',1),
 (4721,103,'ADD650A8','2018-09-17 06:55:41',1),
 (4722,105,'2CD387C2','2018-09-17 06:55:48',1),
 (4723,103,'BD9BB983','2018-09-17 06:55:50',1),
 (4724,103,'DFDFE648','2018-09-17 06:56:00',1),
 (4725,101,'8001201A','2018-09-17 06:56:03',1),
 (4726,107,'E880B82A','2018-09-17 06:56:09',1),
 (4727,107,'C278A564','2018-09-17 06:56:45',1),
 (4728,103,'021890C0','2018-09-17 06:56:53',1),
 (4729,105,'9E0476B5','2018-09-17 06:58:14',1),
 (4730,105,'CB99D1E8','2018-09-17 06:58:20',1),
 (4731,103,'CEA28723','2018-09-17 06:58:21',1),
 (4732,103,'1D52BFA2','2018-09-17 07:00:05',1),
 (4733,102,'4382D92D','2018-09-17 07:01:23',1),
 (4734,102,'CEDB6920','2018-09-17 07:01:38',1),
 (4735,103,'C8E646D8','2018-09-17 07:03:22',1),
 (4736,105,'08D745A6','2018-09-17 07:11:48',1),
 (4737,105,'4E04B5FE','2018-09-17 07:42:08',1),
 (4738,105,'E8A58074','2018-09-17 07:51:19',1),
 (4739,105,'E70AD3D2','2018-09-17 07:52:05',1),
 (4740,105,'3DA8B226','2018-09-17 07:52:16',1),
 (4742,107,'DFE4EB13','2018-09-17 08:02:29',0),
 (4743,0,'D2C39273','2018-09-17 07:00:00',1),
 (4744,0,'DF19620C','2018-09-17 07:00:55',1),
 (4745,0,'87176FD7','2018-09-17 07:00:00',1),
 (4746,0,'2986FF85','2018-09-17 07:00:00',1),
 (4747,0,'28DC3FB8','2018-09-17 07:00:00',1),
 (4748,0,'AB8204A4','2018-09-17 07:00:00',1),
 (4749,0,'DD6E2C0C','2018-09-17 07:00:00',1),
 (4750,0,'A5F194EB','2018-09-17 07:00:00',1),
 (4751,0,'8E5F0240','2018-09-17 07:00:18',1),
 (4752,0,'922370AA','2018-09-17 07:00:00',1),
 (4753,107,'DFE4EB13','2018-09-17 08:24:42',1),
 (4754,0,'31A25435','2018-09-17 07:00:00',1),
 (4755,0,'690538BA','2018-09-17 07:00:00',1),
 (4757,0,'922370AA','2018-09-14 15:30:00',0),
 (4758,0,'922370AA','2018-09-15 06:00:00',1),
 (4759,0,'922370AA','2018-09-15 12:00:00',0),
 (4760,0,'DD6E2C0C','2018-09-14 15:30:00',0),
 (4761,0,'DD6E2C0C','2018-09-15 06:00:00',1),
 (4762,0,'DD6E2C0C','2018-09-15 12:00:00',0),
 (4763,0,'73591F00','2018-09-12 15:30:00',0),
 (4764,0,'B7A6171D','2018-09-10 12:00:00',0),
 (4765,0,'2986FF85','2018-09-14 15:30:00',0),
 (4766,0,'6AA1785E','2018-09-11 15:30:00',0),
 (4767,0,'6AA1785E','2018-09-12 17:30:00',0),
 (4768,0,'6AA1785E','2018-09-13 14:30:00',0),
 (4769,0,'2A7F5D99','2018-09-14 15:30:00',0),
 (4770,0,'2A7F5D99','2018-09-15 06:00:00',1),
 (4771,0,'2A7F5D99','2018-09-15 12:00:00',0),
 (4772,0,'DF19620C','2018-09-14 15:30:00',0),
 (4773,0,'DF19620C','2018-09-15 06:00:00',1),
 (4774,0,'DF19620C','2018-09-15 12:00:00',0),
 (4777,0,'D2C39273','2018-09-14 15:30:00',0),
 (4778,0,'D2C39273','2018-09-15 06:00:00',1),
 (4779,0,'D2C39273','2018-09-15 12:00:00',0),
 (4780,0,'6C0D1549','2018-09-11 04:30:00',1),
 (4781,0,'6C0D1549','2018-09-11 16:30:00',0),
 (4782,0,'31A25435','2018-09-14 15:30:00',0),
 (4783,0,'31A25435','2018-09-15 06:00:00',1),
 (4784,0,'31A25435','2018-09-15 12:00:00',0),
 (4785,0,'8E5F0240','2018-09-14 15:30:00',0),
 (4786,0,'8E5F0240','2018-09-15 06:00:00',1),
 (4787,0,'8E5F0240','2018-09-15 12:00:00',0),
 (4788,0,'A5F194EB','2018-09-14 15:30:00',0),
 (4789,0,'A5F194EB','2018-09-15 06:00:00',1),
 (4790,0,'A5F194EB','2018-09-15 12:00:00',0),
 (4791,0,'639D4185','2018-09-15 12:00:00',0),
 (4792,0,'7CB9642F','2018-09-10 17:50:00',0),
 (4793,0,'7CB9642F','2018-09-11 07:00:00',0),
 (4794,0,'AB8204A4','2018-09-14 15:30:00',0),
 (4795,0,'AB8204A4','2018-09-15 06:00:00',1),
 (4796,0,'AB8204A4','2018-09-15 12:00:00',0),
 (4797,104,'CEC9A3DA','2018-09-17 10:51:21',1),
 (4798,0,'28DC3FB8','2018-09-14 15:30:00',0),
 (4799,0,'28DC3FB8','2018-09-15 06:00:00',1),
 (4800,0,'28DC3FB8','2018-09-15 12:00:00',0),
 (4801,105,'E06BE060','2018-09-17 10:58:33',1),
 (4802,105,'F1EE0555','2018-09-17 10:58:39',1),
 (4803,0,'08D01475','2018-09-14 15:30:00',0),
 (4804,0,'08D01475','2018-09-15 06:00:00',1),
 (4805,0,'08D01475','2018-09-15 12:00:00',0),
 (4806,107,'B6902696','2018-09-17 11:28:03',1),
 (4807,0,'FCE87D9F','2018-09-10 13:00:00',0),
 (4808,0,'8C0644BA','2018-09-10 15:30:00',0),
 (4809,104,'08D01475','2018-09-17 11:30:37',1),
 (4810,102,'4382D92D','2018-09-17 11:48:16',0),
 (4811,101,'67637925','2018-09-17 12:01:24',0),
 (4812,104,'28DC3FB8','2018-09-17 12:04:29',0),
 (4813,101,'67637925','2018-09-17 12:08:32',1),
 (4814,104,'28DC3FB8','2018-09-17 12:25:47',1),
 (4815,0,'CB99D1E8','2018-08-10 08:15:00',1),
 (4816,0,'CB99D1E8','2018-08-10 08:30:00',0),
 (4817,0,'CB99D1E8','2018-09-10 08:15:00',0),
 (4818,0,'CB99D1E8','2018-09-10 08:30:00',1),
 (4819,105,'9E0476B5','2018-09-17 12:32:43',0),
 (4820,105,'9E0476B5','2018-09-17 12:58:42',1),
 (4821,101,'935B799E','2018-09-17 13:30:10',0),
 (4822,104,'31A25435','2018-09-17 14:36:32',0),
 (4823,105,'8D6362AD','2018-09-17 14:41:39',0),
 (4824,103,'BE51FA92','2018-09-17 15:34:53',0),
 (4825,101,'AC239E44','2018-09-17 15:37:05',0),
 (4827,104,'87176FD7','2018-09-17 16:00:19',0),
 (4828,105,'2CD387C2','2018-09-17 16:00:27',0),
 (4829,102,'CEDB6920','2018-09-17 16:02:05',0),
 (4831,104,'AB8204A4','2018-09-17 16:34:45',0),
 (4832,105,'BEAFDB2F','2018-09-17 16:35:02',0),
 (4833,105,'58EB7EA1','2018-09-17 16:35:11',0),
 (4834,103,'0B8C3085','2018-09-17 16:35:24',0),
 (4835,105,'4E04B5FE','2018-09-17 16:35:43',0),
 (4836,105,'08D745A6','2018-09-17 16:36:32',0),
 (4837,105,'9E0476B5','2018-09-17 16:37:05',0),
 (4838,105,'3DA8B226','2018-09-17 16:37:38',0),
 (4839,105,'E8A58074','2018-09-17 16:37:48',0),
 (4840,105,'E70AD3D2','2018-09-17 16:38:09',0),
 (4841,105,'4E6E296E','2018-09-17 16:40:41',0),
 (4842,107,'C278A564','2018-09-17 16:41:57',0),
 (4843,106,'29C03912','2018-09-17 17:30:41',0),
 (4844,101,'1C920A23','2018-09-17 17:31:03',0),
 (4845,101,'0D87987C','2018-09-17 17:32:49',0),
 (4846,101,'8001201A','2018-09-17 17:33:19',0),
 (4847,101,'67637925','2018-09-17 17:33:36',0),
 (4848,103,'BD9BB983','2018-09-17 17:34:16',0),
 (4849,105,'FCE87D9F','2018-09-17 17:34:17',0),
 (4850,103,'B5A117E9','2018-09-17 17:34:20',0),
 (4851,107,'B6902696','2018-09-17 17:34:21',0),
 (4852,105,'CB99D1E8','2018-09-17 17:34:24',0),
 (4853,103,'1D52BFA2','2018-09-17 17:34:27',0),
 (4854,103,'C8E646D8','2018-09-17 17:34:32',0),
 (4855,104,'922370AA','2018-09-17 17:34:37',0),
 (4856,107,'DFE4EB13','2018-09-17 17:34:38',0),
 (4857,103,'ADD650A8','2018-09-17 17:34:38',0),
 (4858,103,'D2CC71D4','2018-09-17 17:34:44',0),
 (4859,107,'E880B82A','2018-09-17 17:34:45',0),
 (4860,104,'28DC3FB8','2018-09-17 17:34:48',0),
 (4861,103,'021890C0','2018-09-17 17:34:49',0),
 (4862,103,'CEA28723','2018-09-17 17:34:54',0),
 (4863,104,'DD6E2C0C','2018-09-17 17:34:55',0),
 (4864,107,'9186E711','2018-09-17 17:34:57',0),
 (4865,104,'DF19620C','2018-09-17 17:35:01',0),
 (4866,103,'76E920D9','2018-09-17 17:35:08',0),
 (4867,104,'A5F194EB','2018-09-17 17:35:09',0),
 (4868,107,'2A5620A0','2018-09-17 17:35:09',0),
 (4869,103,'DFDFE648','2018-09-17 17:35:14',0),
 (4870,104,'2986FF85','2018-09-17 17:35:16',0),
 (4871,103,'8D9E5710','2018-09-17 17:35:20',0),
 (4872,107,'FF591F68','2018-09-17 17:35:22',0),
 (4873,103,'4C459F1E','2018-09-17 17:35:51',0),
 (4874,0,'690538BA','2018-09-17 17:30:00',0),
 (4875,101,'3282F212','2018-09-17 17:57:11',0),
 (4877,104,'CEC9A3DA','2018-09-17 20:31:20',0),
 (4878,105,'E06BE060','2018-09-17 20:31:25',0),
 (4879,105,'F1EE0555','2018-09-17 20:31:32',0),
 (4880,104,'08D01475','2018-09-17 20:32:06',0),
 (4882,105,'4E6E296E','2018-09-18 06:18:07',1),
 (4883,101,'3282F212','2018-09-18 06:36:32',1),
 (4884,101,'67637925','2018-09-18 06:42:01',1),
 (4885,105,'CB99D1E8','2018-09-18 06:45:44',1),
 (4886,103,'BE51FA92','2018-09-18 06:46:05',1),
 (4887,105,'BEAFDB2F','2018-09-18 06:46:44',1),
 (4888,103,'4C459F1E','2018-09-18 06:48:01',1),
 (4889,104,'28DC3FB8','2018-09-18 06:49:36',1),
 (4890,106,'29C03912','2018-09-18 06:51:27',1),
 (4891,105,'58EB7EA1','2018-09-18 06:52:12',1),
 (4892,107,'DFE4EB13','2018-09-18 06:52:57',1),
 (4893,104,'A5F194EB','2018-09-18 06:53:00',1),
 (4894,103,'8D9E5710','2018-09-18 06:54:08',1),
 (4895,103,'DFDFE648','2018-09-18 06:54:35',1),
 (4896,101,'0D87987C','2018-09-18 06:54:40',1),
 (4897,107,'2A5620A0','2018-09-18 06:54:42',1),
 (4898,107,'E880B82A','2018-09-18 06:54:50',1),
 (4899,103,'BD9BB983','2018-09-18 06:54:55',1),
 (4900,107,'FF591F68','2018-09-18 06:54:56',1),
 (4901,105,'2CD387C2','2018-09-18 06:55:26',1),
 (4902,101,'AC239E44','2018-09-18 06:55:39',1),
 (4903,107,'C278A564','2018-09-18 06:55:48',1),
 (4904,105,'E70AD3D2','2018-09-18 06:55:53',1),
 (4905,105,'8C0644BA','2018-09-18 06:56:09',1),
 (4906,107,'B6902696','2018-09-18 06:56:11',1),
 (4907,103,'76E920D9','2018-09-18 06:56:33',1),
 (4908,104,'AB8204A4','2018-09-18 06:56:41',1),
 (4909,101,'1C920A23','2018-09-18 06:56:43',1),
 (4910,103,'C8E646D8','2018-09-18 06:56:44',1),
 (4911,101,'935B799E','2018-09-18 06:56:51',1),
 (4912,101,'8001201A','2018-09-18 06:57:04',1),
 (4913,103,'ADD650A8','2018-09-18 06:57:24',1),
 (4914,103,'CEA28723','2018-09-18 06:57:32',1),
 (4915,103,'B5A117E9','2018-09-18 06:57:43',1),
 (4916,104,'31A25435','2018-09-18 06:58:03',1),
 (4917,105,'76B87761','2018-09-18 06:58:22',1),
 (4918,104,'87176FD7','2018-09-18 06:58:27',1),
 (4919,104,'922370AA','2018-09-18 06:58:33',1),
 (4920,105,'9E0476B5','2018-09-18 06:58:34',1),
 (4921,103,'1D52BFA2','2018-09-18 06:59:26',1),
 (4922,105,'FCE87D9F','2018-09-18 06:59:33',1),
 (4923,104,'D2C39273','2018-09-18 06:59:42',1),
 (4924,104,'2986FF85','2018-09-18 07:00:09',1),
 (4925,104,'DF19620C','2018-09-18 07:00:14',1),
 (4926,105,'95497F63','2018-09-18 07:02:07',1),
 (4927,104,'8E5F0240','2018-09-18 07:02:43',1),
 (4928,105,'08D745A6','2018-09-18 07:03:08',1),
 (4929,105,'4DAC9951','2018-09-18 07:33:57',1),
 (4930,105,'CF1D8750','2018-09-18 08:01:26',1),
 (4931,103,'E6386C7C','2018-09-18 08:02:02',1),
 (4933,105,'8C0644BA','2018-09-18 09:22:33',0),
 (4934,104,'CBDE17A7','2018-09-18 10:57:07',1),
 (4935,0,'8D6362AD','2018-09-18 07:00:00',1),
 (4936,0,'639D4185','2018-09-18 07:00:00',1),
 (4937,0,'9186E711','2018-09-18 07:00:00',1),
 (4938,105,'8C0644BA','2018-09-18 11:39:06',1),
 (4939,104,'CEC9A3DA','2018-09-18 11:49:05',1),
 (4940,102,'CEDB6920','2018-09-18 11:54:31',1),
 (4941,105,'E06BE060','2018-09-18 11:57:46',1),
 (4942,105,'F1EE0555','2018-09-18 11:57:53',1),
 (4943,104,'08D01475','2018-09-18 11:59:33',1),
 (4944,104,'28DC3FB8','2018-09-18 12:04:17',0),
 (4945,105,'CF1D8750','2018-09-18 12:08:09',0),
 (4946,104,'28DC3FB8','2018-09-18 12:27:19',1),
 (4947,0,'690538BA','2018-09-18 07:00:00',1),
 (4948,105,'4E04B5FE','2018-09-18 12:34:35',1),
 (4949,101,'67637925','2018-09-18 14:35:08',0),
 (4950,101,'935B799E','2018-09-18 15:31:38',0),
 (4951,105,'4DAC9951','2018-09-18 15:34:24',0),
 (4952,103,'BE51FA92','2018-09-18 15:35:29',0),
 (4953,101,'AC239E44','2018-09-18 15:36:57',0),
 (4954,105,'8C0644BA','2018-09-18 15:43:38',0),
 (4955,104,'690538BA','2018-09-18 15:45:48',0),
 (4956,104,'87176FD7','2018-09-18 16:00:10',0),
 (4957,102,'CEDB6920','2018-09-18 16:06:13',0),
 (4958,103,'76E920D9','2018-09-18 16:34:29',0),
 (4959,103,'E6386C7C','2018-09-18 16:35:21',0),
 (4960,103,'ADD650A8','2018-09-18 16:35:34',0),
 (4961,103,'C8E646D8','2018-09-18 16:35:41',0),
 (4962,105,'58EB7EA1','2018-09-18 16:35:45',0),
 (4963,105,'BEAFDB2F','2018-09-18 16:36:13',0),
 (4964,105,'95497F63','2018-09-18 16:36:21',0),
 (4965,105,'08D745A6','2018-09-18 16:37:19',0),
 (4966,105,'9E0476B5','2018-09-18 16:37:35',0),
 (4967,105,'76B87761','2018-09-18 16:38:11',0),
 (4968,105,'E70AD3D2','2018-09-18 16:38:37',0),
 (4969,105,'4E6E296E','2018-09-18 16:42:11',0),
 (4970,106,'29C03912','2018-09-18 16:45:08',0),
 (4971,107,'C278A564','2018-09-18 16:45:47',0),
 (4972,107,'E880B82A','2018-09-18 16:47:19',0),
 (4974,101,'0D87987C','2018-09-18 17:30:57',0),
 (4975,105,'2CD387C2','2018-09-18 17:32:30',0),
 (4976,105,'FCE87D9F','2018-09-18 17:34:00',0),
 (4977,101,'1C920A23','2018-09-18 17:34:02',0),
 (4978,105,'4E04B5FE','2018-09-18 17:34:09',0),
 (4979,103,'1D52BFA2','2018-09-18 17:34:11',0),
 (4980,107,'DFE4EB13','2018-09-18 17:34:15',0),
 (4981,104,'28DC3FB8','2018-09-18 17:34:16',0),
 (4982,103,'BD9BB983','2018-09-18 17:34:18',0),
 (4983,107,'B6902696','2018-09-18 17:34:19',0),
 (4984,101,'8001201A','2018-09-18 17:34:20',0),
 (4985,103,'4C459F1E','2018-09-18 17:34:29',0),
 (4986,105,'CB99D1E8','2018-09-18 17:34:29',0),
 (4987,107,'2A5620A0','2018-09-18 17:34:30',0),
 (4988,103,'DFDFE648','2018-09-18 17:34:37',0),
 (4989,103,'CEA28723','2018-09-18 17:34:44',0),
 (4990,104,'31A25435','2018-09-18 17:34:56',0),
 (4991,104,'AB8204A4','2018-09-18 17:35:08',0),
 (4992,104,'922370AA','2018-09-18 17:35:15',0),
 (4993,104,'2986FF85','2018-09-18 17:35:21',0),
 (4994,104,'A5F194EB','2018-09-18 17:35:39',0),
 (4995,104,'8E5F0240','2018-09-18 17:35:49',0),
 (4996,104,'D2C39273','2018-09-18 17:36:19',0),
 (4997,104,'DF19620C','2018-09-18 17:36:51',0),
 (4998,107,'FF591F68','2018-09-18 17:37:35',0),
 (4999,101,'3282F212','2018-09-18 17:38:12',0),
 (5000,103,'8D9E5710','2018-09-18 19:31:38',0),
 (5001,103,'B5A117E9','2018-09-18 19:31:55',0),
 (5002,105,'E06BE060','2018-09-18 21:30:11',0),
 (5003,105,'F1EE0555','2018-09-18 21:30:24',0),
 (5004,104,'08D01475','2018-09-18 21:30:27',0),
 (5005,104,'CBDE17A7','2018-09-18 21:30:40',0),
 (5006,104,'CEC9A3DA','2018-09-18 21:30:51',0),
 (5010,105,'4E6E296E','2018-09-19 06:22:35',1),
 (5011,101,'3282F212','2018-09-19 06:43:56',1),
 (5012,103,'BE51FA92','2018-09-19 06:46:06',1),
 (5013,103,'0B8C3085','2018-09-19 06:46:17',1),
 (5014,104,'28DC3FB8','2018-09-19 06:46:38',1),
 (5015,104,'2A7F5D99','2018-09-19 06:47:23',1),
 (5016,104,'31A25435','2018-09-19 06:49:25',1),
 (5017,103,'76E920D9','2018-09-19 06:49:34',1),
 (5018,101,'67637925','2018-09-19 06:49:37',1),
 (5019,101,'0D87987C','2018-09-19 06:50:20',1),
 (5020,107,'FF591F68','2018-09-19 06:50:23',1),
 (5021,103,'DFDFE648','2018-09-19 06:50:40',1),
 (5022,105,'8D6362AD','2018-09-19 06:50:51',1),
 (5023,105,'2CD387C2','2018-09-19 06:51:20',1),
 (5024,106,'29C03912','2018-09-19 06:52:35',1),
 (5025,107,'9186E711','2018-09-19 06:52:56',1),
 (5026,103,'4C459F1E','2018-09-19 06:53:25',1),
 (5027,101,'AC239E44','2018-09-19 06:54:23',1),
 (5028,103,'639D4185','2018-09-19 06:54:33',1),
 (5029,107,'B6902696','2018-09-19 06:55:01',1),
 (5030,107,'DFE4EB13','2018-09-19 06:55:17',1),
 (5031,107,'C278A564','2018-09-19 06:55:30',1),
 (5032,107,'2A5620A0','2018-09-19 06:55:41',1),
 (5033,107,'E880B82A','2018-09-19 06:56:50',1),
 (5034,105,'3DA8B226','2018-09-19 06:56:52',1),
 (5035,104,'8E5F0240','2018-09-19 06:56:53',1),
 (5036,101,'935B799E','2018-09-19 06:56:54',1),
 (5037,101,'1C920A23','2018-09-19 06:57:02',1),
 (5038,105,'E70AD3D2','2018-09-19 06:57:07',1),
 (5039,105,'8C0644BA','2018-09-19 06:57:13',1),
 (5040,101,'8001201A','2018-09-19 06:57:21',1),
 (5041,103,'ADD650A8','2018-09-19 06:57:29',1),
 (5042,103,'D2CC71D4','2018-09-19 06:57:37',1),
 (5043,103,'BD9BB983','2018-09-19 06:57:49',1),
 (5044,103,'8D9E5710','2018-09-19 06:57:55',1),
 (5045,105,'76B87761','2018-09-19 06:58:04',1),
 (5046,104,'A5F194EB','2018-09-19 06:58:05',1),
 (5047,105,'BEAFDB2F','2018-09-19 06:58:16',1),
 (5048,104,'87176FD7','2018-09-19 06:58:18',1),
 (5049,104,'922370AA','2018-09-19 06:58:26',1),
 (5050,104,'DF19620C','2018-09-19 06:58:34',1),
 (5051,105,'FCE87D9F','2018-09-19 06:58:56',1),
 (5052,105,'58EB7EA1','2018-09-19 06:59:03',1),
 (5053,105,'398B1563','2018-09-19 06:59:14',1),
 (5054,104,'2986FF85','2018-09-19 06:59:14',1),
 (5055,105,'9E0476B5','2018-09-19 06:59:20',1),
 (5056,104,'AB8204A4','2018-09-19 06:59:24',1),
 (5057,105,'4E04B5FE','2018-09-19 06:59:28',1),
 (5058,105,'E8A58074','2018-09-19 06:59:36',1),
 (5059,102,'CEDB6920','2018-09-19 07:00:03',1),
 (5060,103,'CEA28723','2018-09-19 07:00:09',1),
 (5061,103,'1D52BFA2','2018-09-19 07:00:19',1),
 (5062,104,'D2C39273','2018-09-19 07:00:37',1),
 (5063,103,'B5A117E9','2018-09-19 07:01:04',1),
 (5064,105,'CB99D1E8','2018-09-19 07:01:41',1),
 (5065,105,'95497F63','2018-09-19 07:02:31',1),
 (5066,105,'08D745A6','2018-09-19 07:02:48',1),
 (5067,0,'4C459F1E','2018-09-14 07:00:00',1),
 (5068,0,'4C459F1E','2018-09-14 18:00:00',0),
 (5069,0,'99F0C0FA','2018-09-19 07:00:00',1),
 (5071,103,'C47A78C1','2018-09-19 07:32:01',1),
 (5072,0,'DD6E2C0C','2018-09-19 07:00:00',1),
 (5073,105,'4DAC9951','2018-09-19 07:33:42',1),
 (5074,105,'CF1D8750','2018-09-19 08:00:49',1),
 (5076,0,'76118CDC','2018-09-15 06:00:00',1),
 (5078,0,'76118CDC','2018-09-15 11:00:00',0),
 (5079,0,'76118CDC','2018-09-18 07:00:00',1),
 (5080,0,'76118CDC','2018-09-18 17:30:00',0),
 (5081,0,'76118CDC','2018-09-19 07:00:00',1),
 (5082,103,'76E920D9','2018-09-19 09:02:38',0),
 (5083,0,'9186E711','2018-09-18 17:30:00',0),
 (5084,0,'639D4185','2018-09-18 16:45:00',0),
 (5085,104,'CEC9A3DA','2018-09-19 11:53:45',1),
 (5086,104,'CBDE17A7','2018-09-19 11:55:06',1),
 (5087,105,'E06BE060','2018-09-19 11:57:53',1),
 (5088,105,'F1EE0555','2018-09-19 11:57:59',1),
 (5089,104,'28DC3FB8','2018-09-19 12:04:14',0),
 (5090,105,'CF1D8750','2018-09-19 12:05:01',0),
 (5091,104,'08D01475','2018-09-19 12:07:51',1),
 (5092,104,'28DC3FB8','2018-09-19 12:27:07',1),
 (5093,105,'CF1D8750','2018-09-19 12:32:07',1),
 (5094,101,'935B799E','2018-09-19 13:32:12',0),
 (5095,105,'398B1563','2018-09-19 14:13:59',0),
 (5096,104,'31A25435','2018-09-19 15:01:37',0),
 (5098,0,'76E920D9','2018-09-19 12:30:00',1),
 (5099,103,'BE51FA92','2018-09-19 15:34:41',0),
 (5100,101,'AC239E44','2018-09-19 15:35:59',0),
 (5101,102,'CEDB6920','2018-09-19 15:44:55',0),
 (5102,105,'4DAC9951','2018-09-19 15:58:32',0),
 (5103,104,'87176FD7','2018-09-19 16:02:40',0),
 (5104,105,'2CD387C2','2018-09-19 16:21:25',0),
 (5105,105,'8C0644BA','2018-09-19 16:34:01',0),
 (5106,103,'C47A78C1','2018-09-19 16:34:05',0),
 (5107,103,'D2CC71D4','2018-09-19 16:34:13',0),
 (5108,107,'E880B82A','2018-09-19 16:34:23',0),
 (5109,105,'58EB7EA1','2018-09-19 16:34:35',0),
 (5110,107,'C278A564','2018-09-19 16:34:37',0),
 (5111,105,'8D6362AD','2018-09-19 16:34:41',0),
 (5112,105,'FCE87D9F','2018-09-19 16:34:46',0),
 (5113,103,'639D4185','2018-09-19 16:34:51',0),
 (5114,105,'BEAFDB2F','2018-09-19 16:35:04',0),
 (5115,105,'76B87761','2018-09-19 16:35:12',0),
 (5116,105,'08D745A6','2018-09-19 16:35:22',0),
 (5117,107,'9186E711','2018-09-19 16:35:27',0),
 (5118,105,'95497F63','2018-09-19 16:35:29',0),
 (5119,105,'9E0476B5','2018-09-19 16:35:40',0),
 (5120,105,'CF1D8750','2018-09-19 16:35:48',0),
 (5121,105,'E8A58074','2018-09-19 16:35:55',0),
 (5122,105,'E70AD3D2','2018-09-19 16:36:19',0),
 (5123,105,'CB99D1E8','2018-09-19 16:36:34',0),
 (5124,105,'3DA8B226','2018-09-19 16:36:53',0),
 (5125,105,'76118CDC','2018-09-19 16:37:01',0),
 (5126,105,'4E04B5FE','2018-09-19 16:39:00',0),
 (5127,105,'4E6E296E','2018-09-19 16:40:26',0),
 (5128,104,'DF19620C','2018-09-19 16:41:03',0),
 (5129,103,'DFDFE648','2018-09-19 17:00:46',0),
 (5131,101,'0D87987C','2018-09-19 17:31:30',0),
 (5132,101,'67637925','2018-09-19 17:33:11',0),
 (5133,104,'2A7F5D99','2018-09-19 17:33:29',0),
 (5134,101,'1C920A23','2018-09-19 17:33:57',0),
 (5135,107,'B6902696','2018-09-19 17:33:59',0),
 (5136,103,'4C459F1E','2018-09-19 17:34:00',0),
 (5137,106,'29C03912','2018-09-19 17:34:01',0),
 (5138,103,'BD9BB983','2018-09-19 17:34:06',0),
 (5139,101,'8001201A','2018-09-19 17:34:08',0),
 (5140,107,'DFE4EB13','2018-09-19 17:34:10',0),
 (5141,104,'A5F194EB','2018-09-19 17:34:15',0),
 (5142,103,'0B8C3085','2018-09-19 17:34:17',0),
 (5143,104,'922370AA','2018-09-19 17:34:23',0),
 (5144,107,'2A5620A0','2018-09-19 17:34:25',0),
 (5145,104,'28DC3FB8','2018-09-19 17:34:28',0),
 (5146,104,'8E5F0240','2018-09-19 17:34:33',0),
 (5147,103,'ADD650A8','2018-09-19 17:34:51',0),
 (5148,103,'CEA28723','2018-09-19 17:34:57',0),
 (5149,104,'2986FF85','2018-09-19 17:34:58',0),
 (5150,103,'1D52BFA2','2018-09-19 17:35:01',0),
 (5151,107,'FF591F68','2018-09-19 17:35:04',0),
 (5152,103,'76E920D9','2018-09-19 17:35:08',0),
 (5153,104,'AB8204A4','2018-09-19 17:35:30',0),
 (5154,103,'99F0C0FA','2018-09-19 17:35:35',0),
 (5155,103,'8D9E5710','2018-09-19 17:35:42',0),
 (5156,103,'B5A117E9','2018-09-19 17:35:48',0),
 (5157,104,'D2C39273','2018-09-19 17:38:00',0),
 (5158,101,'3282F212','2018-09-19 17:48:25',0),
 (5159,105,'F1EE0555','2018-09-19 22:30:08',0),
 (5160,105,'E06BE060','2018-09-19 22:30:14',0),
 (5161,104,'CBDE17A7','2018-09-19 22:30:32',0),
 (5162,104,'08D01475','2018-09-19 22:31:05',0),
 (5163,104,'CEC9A3DA','2018-09-19 22:31:13',0),
 (5166,105,'4E6E296E','2018-09-20 06:29:16',1),
 (5167,101,'3282F212','2018-09-20 06:38:52',1),
 (5168,103,'C47A78C1','2018-09-20 06:43:23',1),
 (5169,104,'28DC3FB8','2018-09-20 06:45:52',1),
 (5170,104,'2A7F5D99','2018-09-20 06:46:05',1),
 (5171,103,'BE51FA92','2018-09-20 06:46:05',1),
 (5172,103,'0B8C3085','2018-09-20 06:46:14',1),
 (5173,106,'29C03912','2018-09-20 06:46:51',1),
 (5174,103,'4C459F1E','2018-09-20 06:47:07',1),
 (5175,107,'C278A564','2018-09-20 06:48:05',1),
 (5176,105,'CB99D1E8','2018-09-20 06:48:37',1),
 (5177,101,'67637925','2018-09-20 06:49:29',1),
 (5178,103,'DFDFE648','2018-09-20 06:50:53',1),
 (5179,105,'76118CDC','2018-09-20 06:51:24',1),
 (5180,105,'58EB7EA1','2018-09-20 06:52:16',1),
 (5181,104,'A5F194EB','2018-09-20 06:52:45',1),
 (5182,105,'8C0644BA','2018-09-20 06:53:20',1),
 (5183,107,'FF591F68','2018-09-20 06:53:36',1),
 (5184,105,'2CD387C2','2018-09-20 06:54:05',1),
 (5185,101,'AC239E44','2018-09-20 06:54:54',1),
 (5186,107,'9186E711','2018-09-20 06:55:15',1),
 (5187,107,'B6902696','2018-09-20 06:55:25',1),
 (5188,105,'4E04B5FE','2018-09-20 06:55:42',1),
 (5189,101,'935B799E','2018-09-20 06:56:11',1),
 (5190,101,'0D87987C','2018-09-20 06:56:22',1),
 (5191,103,'BD9BB983','2018-09-20 06:56:28',1),
 (5192,101,'1C920A23','2018-09-20 06:56:30',1),
 (5193,103,'B5A117E9','2018-09-20 06:56:38',1),
 (5194,101,'8001201A','2018-09-20 06:56:39',1),
 (5195,105,'BEAFDB2F','2018-09-20 06:56:42',1),
 (5196,107,'2A5620A0','2018-09-20 06:56:45',1),
 (5197,103,'D2CC71D4','2018-09-20 06:56:48',1),
 (5198,104,'D2C39273','2018-09-20 06:57:13',1),
 (5199,103,'1D52BFA2','2018-09-20 06:57:24',1),
 (5200,107,'E880B82A','2018-09-20 06:57:31',1),
 (5201,107,'DFE4EB13','2018-09-20 06:57:45',1),
 (5202,105,'398B1563','2018-09-20 06:57:47',1),
 (5203,104,'DF19620C','2018-09-20 06:57:54',1),
 (5204,105,'FCE87D9F','2018-09-20 06:58:00',1),
 (5205,104,'AB8204A4','2018-09-20 06:58:02',1),
 (5206,103,'C8E646D8','2018-09-20 06:58:22',1),
 (5207,104,'922370AA','2018-09-20 06:58:45',1),
 (5208,103,'CEA28723','2018-09-20 06:58:53',1),
 (5209,104,'31A25435','2018-09-20 06:59:37',1),
 (5210,105,'E70AD3D2','2018-09-20 06:59:46',1),
 (5211,104,'8E5F0240','2018-09-20 06:59:58',1),
 (5212,104,'2986FF85','2018-09-20 07:00:04',1),
 (5213,104,'87176FD7','2018-09-20 07:00:09',1),
 (5214,102,'CEDB6920','2018-09-20 07:00:13',1),
 (5215,105,'08D745A6','2018-09-20 07:00:21',1),
 (5216,103,'ADD650A8','2018-09-20 07:00:31',1),
 (5217,105,'95497F63','2018-09-20 07:01:07',1),
 (5218,105,'9E0476B5','2018-09-20 07:01:35',1),
 (5219,101,'0FFA272B','2018-09-20 07:02:13',1),
 (5220,103,'76E920D9','2018-09-20 07:37:14',1),
 (5221,105,'4DAC9951','2018-09-20 07:42:11',1),
 (5223,105,'CF1D8750','2018-09-20 08:01:37',1),
 (5224,105,'E8A58074','2018-09-20 08:18:37',1),
 (5225,105,'3DA8B226','2018-09-20 08:21:29',1),
 (5226,104,'CEC9A3DA','2018-09-20 11:53:08',1),
 (5227,104,'CBDE17A7','2018-09-20 11:56:19',1),
 (5228,104,'08D01475','2018-09-20 11:57:30',1),
 (5229,105,'F1EE0555','2018-09-20 11:58:53',1),
 (5230,105,'CF1D8750','2018-09-20 12:04:12',0),
 (5231,104,'28DC3FB8','2018-09-20 12:04:21',0),
 (5232,0,'99F0C0FA','2018-09-20 07:00:00',1),
 (5233,104,'28DC3FB8','2018-09-20 12:25:53',1),
 (5235,0,'E06BE060','2018-09-20 12:00:00',1),
 (5236,0,'8D9E5710','2018-09-20 07:00:00',1),
 (5240,0,'DD6E2C0C','2018-09-20 07:00:00',1),
 (5241,101,'935B799E','2018-09-20 13:36:38',0),
 (5242,105,'08D745A6','2018-09-20 14:34:48',0),
 (5243,0,'DD6E2C0C','2018-09-19 17:30:00',0),
 (5244,105,'8C0644BA','2018-09-20 15:34:00',0),
 (5245,101,'AC239E44','2018-09-20 15:34:29',0),
 (5246,103,'BE51FA92','2018-09-20 15:34:32',0),
 (5247,105,'398B1563','2018-09-20 15:34:52',0),
 (5248,105,'4DAC9951','2018-09-20 15:35:00',0),
 (5249,104,'87176FD7','2018-09-20 16:00:11',0),
 (5250,102,'CEDB6920','2018-09-20 16:00:52',0),
 (5251,105,'58EB7EA1','2018-09-20 16:34:27',0),
 (5252,105,'BEAFDB2F','2018-09-20 16:34:34',0),
 (5253,105,'9E0476B5','2018-09-20 16:34:48',0),
 (5254,105,'FCE87D9F','2018-09-20 16:34:56',0),
 (5255,105,'4E04B5FE','2018-09-20 16:35:09',0),
 (5256,105,'95497F63','2018-09-20 16:35:21',0),
 (5257,105,'E8A58074','2018-09-20 16:35:28',0),
 (5258,105,'2CD387C2','2018-09-20 16:35:33',0),
 (5259,105,'76118CDC','2018-09-20 16:35:42',0),
 (5260,105,'CB99D1E8','2018-09-20 16:36:04',0),
 (5261,105,'3DA8B226','2018-09-20 16:36:24',0),
 (5262,105,'E70AD3D2','2018-09-20 16:36:42',0),
 (5263,105,'4E6E296E','2018-09-20 16:36:52',0),
 (5264,101,'0FFA272B','2018-09-20 17:30:33',0),
 (5265,101,'0D87987C','2018-09-20 17:30:43',0),
 (5266,106,'29C03912','2018-09-20 17:30:48',0),
 (5267,101,'67637925','2018-09-20 17:30:51',0),
 (5268,101,'1C920A23','2018-09-20 17:31:28',0),
 (5269,101,'8001201A','2018-09-20 17:31:41',0),
 (5270,103,'DFDFE648','2018-09-20 17:34:02',0),
 (5271,104,'DF19620C','2018-09-20 17:34:04',0),
 (5272,103,'B5A117E9','2018-09-20 17:34:08',0),
 (5273,107,'B6902696','2018-09-20 17:34:10',0),
 (5274,104,'31A25435','2018-09-20 17:34:11',0),
 (5275,103,'C8E646D8','2018-09-20 17:34:16',0),
 (5276,101,'3282F212','2018-09-20 17:34:17',0),
 (5277,104,'922370AA','2018-09-20 17:34:20',0),
 (5278,107,'C278A564','2018-09-20 17:34:21',0),
 (5279,103,'ADD650A8','2018-09-20 17:34:25',0),
 (5280,104,'28DC3FB8','2018-09-20 17:34:26',0),
 (5281,107,'E880B82A','2018-09-20 17:34:28',0),
 (5282,103,'BD9BB983','2018-09-20 17:34:30',0),
 (5283,104,'2A7F5D99','2018-09-20 17:34:32',0),
 (5284,103,'1D52BFA2','2018-09-20 17:34:35',0),
 (5285,107,'DFE4EB13','2018-09-20 17:34:35',0),
 (5286,103,'C47A78C1','2018-09-20 17:34:41',0),
 (5287,104,'A5F194EB','2018-09-20 17:34:41',0),
 (5288,103,'0B8C3085','2018-09-20 17:34:46',0),
 (5289,107,'2A5620A0','2018-09-20 17:34:46',0),
 (5290,104,'AB8204A4','2018-09-20 17:34:50',0),
 (5291,104,'2986FF85','2018-09-20 17:34:55',0),
 (5292,103,'CEA28723','2018-09-20 17:34:57',0),
 (5293,107,'9186E711','2018-09-20 17:35:00',0),
 (5294,103,'76E920D9','2018-09-20 17:35:03',0),
 (5295,103,'4C459F1E','2018-09-20 17:35:10',0),
 (5296,103,'99F0C0FA','2018-09-20 17:35:17',0),
 (5297,103,'D2CC71D4','2018-09-20 17:35:25',0),
 (5298,104,'8E5F0240','2018-09-20 17:35:57',0),
 (5299,103,'8D9E5710','2018-09-20 17:36:04',0),
 (5300,107,'FF591F68','2018-09-20 17:36:23',0),
 (5301,104,'D2C39273','2018-09-20 17:40:40',0),
 (5303,0,'DD6E2C0C','2018-09-20 17:30:00',0),
 (5304,105,'F1EE0555','2018-09-20 22:30:04',0),
 (5305,104,'CBDE17A7','2018-09-20 22:30:12',0),
 (5306,104,'CEC9A3DA','2018-09-20 22:30:24',0),
 (5307,104,'08D01475','2018-09-20 22:30:31',0),
 (5310,105,'4E6E296E','2018-09-21 06:22:04',1),
 (5311,105,'2CD387C2','2018-09-21 06:28:53',1),
 (5312,101,'3282F212','2018-09-21 06:39:28',1),
 (5313,103,'BE51FA92','2018-09-21 06:46:12',1),
 (5314,103,'0B8C3085','2018-09-21 06:46:20',1),
 (5315,105,'BEAFDB2F','2018-09-21 06:47:21',1),
 (5316,101,'0D87987C','2018-09-21 06:47:21',1),
 (5317,104,'28DC3FB8','2018-09-21 06:48:00',1),
 (5318,106,'29C03912','2018-09-21 06:48:52',1),
 (5319,104,'2A7F5D99','2018-09-21 06:49:25',1),
 (5320,105,'CB99D1E8','2018-09-21 06:49:32',1),
 (5321,105,'76118CDC','2018-09-21 06:49:56',1),
 (5322,103,'C47A78C1','2018-09-21 06:49:57',1),
 (5323,103,'76E920D9','2018-09-21 06:50:03',1),
 (5324,101,'67637925','2018-09-21 06:50:09',1),
 (5325,107,'FF591F68','2018-09-21 06:50:49',1),
 (5326,103,'DFDFE648','2018-09-21 06:50:59',1),
 (5327,103,'B5A117E9','2018-09-21 06:52:33',1),
 (5328,103,'CEA28723','2018-09-21 06:52:42',1),
 (5329,105,'4E04B5FE','2018-09-21 06:52:52',1),
 (5330,105,'58EB7EA1','2018-09-21 06:53:28',1),
 (5331,104,'31A25435','2018-09-21 06:53:44',1),
 (5332,105,'398B1563','2018-09-21 06:53:54',1),
 (5333,104,'A5F194EB','2018-09-21 06:53:54',1),
 (5334,107,'C278A564','2018-09-21 06:54:15',1),
 (5335,103,'D2CC71D4','2018-09-21 06:54:22',1),
 (5336,104,'DF19620C','2018-09-21 06:54:31',1),
 (5337,103,'C8E646D8','2018-09-21 06:54:34',1),
 (5338,107,'B6902696','2018-09-21 06:54:36',1),
 (5339,103,'8D9E5710','2018-09-21 06:54:56',1),
 (5340,107,'2A5620A0','2018-09-21 06:55:00',1),
 (5341,101,'0FFA272B','2018-09-21 06:55:03',1),
 (5342,101,'AC239E44','2018-09-21 06:55:14',1),
 (5343,107,'E880B82A','2018-09-21 06:55:27',1),
 (5344,105,'8C0644BA','2018-09-21 06:55:30',1),
 (5345,103,'BD9BB983','2018-09-21 06:55:38',1),
 (5346,107,'DFE4EB13','2018-09-21 06:55:39',1),
 (5347,101,'1C920A23','2018-09-21 06:56:02',1),
 (5348,101,'935B799E','2018-09-21 06:56:09',1),
 (5349,105,'95497F63','2018-09-21 06:56:19',1),
 (5350,101,'8001201A','2018-09-21 06:56:27',1),
 (5351,105,'3DA8B226','2018-09-21 06:56:44',1),
 (5352,104,'AB8204A4','2018-09-21 06:56:45',1),
 (5353,107,'9186E711','2018-09-21 06:56:52',1),
 (5354,104,'922370AA','2018-09-21 06:57:40',1),
 (5355,103,'99F0C0FA','2018-09-21 06:57:58',1),
 (5356,105,'FCE87D9F','2018-09-21 06:58:00',1),
 (5357,105,'E8A58074','2018-09-21 06:58:13',1),
 (5358,104,'87176FD7','2018-09-21 06:59:14',1),
 (5359,104,'8E5F0240','2018-09-21 06:59:40',1),
 (5360,104,'2986FF85','2018-09-21 07:00:04',1),
 (5361,105,'E70AD3D2','2018-09-21 07:00:04',1),
 (5362,102,'CEDB6920','2018-09-21 07:00:22',1),
 (5363,103,'ADD650A8','2018-09-21 07:01:07',1),
 (5364,105,'9E0476B5','2018-09-21 07:01:15',1),
 (5365,105,'08D745A6','2018-09-21 07:01:45',1),
 (5366,103,'1D52BFA2','2018-09-21 07:03:10',1),
 (5367,0,'8C4CE4AC','2018-09-21 07:00:00',1),
 (5368,104,'D2C39273','2018-09-21 07:05:14',1),
 (5369,0,'D1D2C387','2018-09-21 07:00:00',1),
 (5370,102,'C4F37EFF','2018-09-21 07:22:36',1),
 (5371,105,'4DAC9951','2018-09-21 07:35:41',1),
 (5373,105,'CF1D8750','2018-09-21 08:02:09',1),
 (5374,0,'4C459F1E','2018-09-21 07:00:00',1),
 (5377,0,'021890C0','2018-09-21 07:00:00',1),
 (5378,0,'DD6E2C0C','2018-09-21 07:00:00',1),
 (5379,0,'8D6362AD','2018-09-18 15:30:00',0),
 (5380,0,'8D6362AD','2018-09-21 07:00:00',1),
 (5381,103,'C8E646D8','2018-09-21 09:43:54',0),
 (5382,105,'8C0644BA','2018-09-21 11:00:03',0),
 (5383,104,'08D01475','2018-09-21 11:52:08',1),
 (5384,104,'CEC9A3DA','2018-09-21 11:52:30',1),
 (5385,104,'CBDE17A7','2018-09-21 11:57:36',1),
 (5386,105,'F1EE0555','2018-09-21 11:58:46',1),
 (5387,105,'E06BE060','2018-09-21 11:59:05',1),
 (5388,105,'CF1D8750','2018-09-21 12:04:22',0),
 (5389,0,'E06BE060','2018-09-20 22:30:00',0),
 (5390,101,'935B799E','2018-09-21 13:30:41',0),
 (5391,106,'29C03912','2018-09-21 15:30:32',0),
 (5392,101,'67637925','2018-09-21 15:32:19',0),
 (5393,101,'0FFA272B','2018-09-21 15:32:35',0),
 (5394,101,'0D87987C','2018-09-21 15:32:44',0),
 (5395,103,'4C459F1E','2018-09-21 15:34:02',0),
 (5396,105,'4DAC9951','2018-09-21 15:34:07',0),
 (5397,107,'C278A564','2018-09-21 15:34:08',0),
 (5398,103,'BD9BB983','2018-09-21 15:34:09',0),
 (5399,104,'8E5F0240','2018-09-21 15:34:12',0),
 (5400,103,'1D52BFA2','2018-09-21 15:34:14',0),
 (5401,107,'B6902696','2018-09-21 15:34:14',0),
 (5402,105,'2CD387C2','2018-09-21 15:34:16',0),
 (5403,104,'28DC3FB8','2018-09-21 15:34:19',0),
 (5404,103,'8D9E5710','2018-09-21 15:34:19',0),
 (5405,101,'8001201A','2018-09-21 15:34:22',0),
 (5406,104,'31A25435','2018-09-21 15:34:25',0),
 (5407,105,'FCE87D9F','2018-09-21 15:34:25',0),
 (5408,103,'0B8C3085','2018-09-21 15:34:25',0),
 (5409,101,'1C920A23','2018-09-21 15:34:26',0),
 (5410,104,'922370AA','2018-09-21 15:34:31',0),
 (5411,103,'BE51FA92','2018-09-21 15:34:31',0),
 (5412,105,'58EB7EA1','2018-09-21 15:34:32',0),
 (5413,107,'8C4CE4AC','2018-09-21 15:34:35',0),
 (5414,104,'A5F194EB','2018-09-21 15:34:36',0),
 (5415,101,'3282F212','2018-09-21 15:34:36',0),
 (5416,103,'99F0C0FA','2018-09-21 15:34:39',0),
 (5417,107,'E880B82A','2018-09-21 15:34:42',0),
 (5418,105,'95497F63','2018-09-21 15:34:43',0),
 (5419,103,'D2CC71D4','2018-09-21 15:34:46',0),
 (5420,105,'3DA8B226','2018-09-21 15:34:48',0),
 (5421,104,'87176FD7','2018-09-21 15:34:49',0),
 (5422,103,'CEA28723','2018-09-21 15:34:53',0),
 (5423,105,'D1D2C387','2018-09-21 15:34:55',0),
 (5424,103,'76E920D9','2018-09-21 15:35:03',0),
 (5425,105,'9E0476B5','2018-09-21 15:35:04',0),
 (5426,107,'DFE4EB13','2018-09-21 15:35:04',0),
 (5427,105,'E8A58074','2018-09-21 15:35:13',0),
 (5428,103,'DFDFE648','2018-09-21 15:35:17',0),
 (5429,104,'DF19620C','2018-09-21 15:35:22',0),
 (5430,105,'398B1563','2018-09-21 15:35:27',0),
 (5431,107,'2A5620A0','2018-09-21 15:35:31',0),
 (5432,104,'2A7F5D99','2018-09-21 15:35:33',0),
 (5433,105,'BEAFDB2F','2018-09-21 15:35:40',0),
 (5434,105,'E70AD3D2','2018-09-21 15:35:48',0),
 (5435,107,'9186E711','2018-09-21 15:35:54',0),
 (5436,104,'2986FF85','2018-09-21 15:36:03',0),
 (5437,105,'08D745A6','2018-09-21 15:36:04',0),
 (5438,107,'FF591F68','2018-09-21 15:36:07',0),
 (5439,103,'B5A117E9','2018-09-21 15:36:12',0),
 (5440,105,'76118CDC','2018-09-21 15:36:18',0),
 (5441,101,'AC239E44','2018-09-21 15:36:20',0),
 (5442,104,'DD6E2C0C','2018-09-21 15:36:29',0),
 (5443,103,'ADD650A8','2018-09-21 15:36:30',0),
 (5444,105,'CB99D1E8','2018-09-21 15:36:44',0),
 (5445,104,'AB8204A4','2018-09-21 15:36:52',0),
 (5446,103,'C47A78C1','2018-09-21 15:37:03',0),
 (5447,105,'4E6E296E','2018-09-21 15:38:08',0),
 (5448,102,'CEDB6920','2018-09-21 15:38:49',0),
 (5449,104,'D2C39273','2018-09-21 15:39:08',0),
 (5450,102,'C4F37EFF','2018-09-21 15:59:17',0),
 (5452,105,'E06BE060','2018-09-21 20:30:05',0),
 (5453,105,'F1EE0555','2018-09-21 20:30:13',0),
 (5454,104,'CBDE17A7','2018-09-21 20:30:13',0),
 (5455,104,'08D01475','2018-09-21 20:30:51',0),
 (5456,104,'CEC9A3DA','2018-09-21 20:30:58',0),
 (5460,101,'0D87987C','2018-09-22 05:47:53',1),
 (5461,101,'67637925','2018-09-22 05:48:19',1),
 (5462,104,'28DC3FB8','2018-09-22 05:48:25',1),
 (5463,104,'08D01475','2018-09-22 05:49:00',1),
 (5464,105,'4E6E296E','2018-09-22 05:49:01',1),
 (5465,101,'3282F212','2018-09-22 05:49:06',1),
 (5466,104,'DF19620C','2018-09-22 05:49:13',1),
 (5467,105,'2CD387C2','2018-09-22 05:49:36',1),
 (5468,105,'CB99D1E8','2018-09-22 05:49:53',1),
 (5469,103,'4C459F1E','2018-09-22 05:51:44',1),
 (5470,103,'0B8C3085','2018-09-22 05:52:39',1),
 (5471,103,'76E920D9','2018-09-22 05:52:45',1),
 (5472,104,'CEC9A3DA','2018-09-22 05:53:23',1),
 (5473,107,'B6902696','2018-09-22 05:53:50',1),
 (5474,103,'D2CC71D4','2018-09-22 05:53:54',1),
 (5475,106,'29C03912','2018-09-22 05:55:14',1),
 (5476,103,'C8E646D8','2018-09-22 05:55:28',1),
 (5477,105,'8D6362AD','2018-09-22 05:55:31',1),
 (5478,103,'BD9BB983','2018-09-22 05:55:43',1),
 (5479,107,'8C4CE4AC','2018-09-22 05:55:51',1),
 (5480,104,'2A7F5D99','2018-09-22 05:55:56',1),
 (5481,101,'1C920A23','2018-09-22 05:55:57',1),
 (5482,107,'FF591F68','2018-09-22 05:56:04',1),
 (5483,105,'D1D2C387','2018-09-22 05:56:07',1),
 (5484,107,'2A5620A0','2018-09-22 05:56:18',1),
 (5485,104,'AB8204A4','2018-09-22 05:56:20',1),
 (5486,107,'9186E711','2018-09-22 05:56:29',1),
 (5487,105,'76118CDC','2018-09-22 05:56:29',1),
 (5488,101,'8001201A','2018-09-22 05:56:32',1),
 (5489,107,'DFE4EB13','2018-09-22 05:56:49',1),
 (5490,103,'CEA28723','2018-09-22 05:57:28',1),
 (5491,105,'8C0644BA','2018-09-22 05:57:49',1),
 (5492,107,'E880B82A','2018-09-22 05:57:50',1),
 (5493,105,'E06BE060','2018-09-22 05:57:56',1),
 (5494,105,'F1EE0555','2018-09-22 05:58:02',1),
 (5495,105,'BEAFDB2F','2018-09-22 05:58:16',1),
 (5496,105,'58EB7EA1','2018-09-22 05:58:35',1),
 (5497,104,'8E5F0240','2018-09-22 05:58:41',1),
 (5498,103,'B5A117E9','2018-09-22 05:58:41',1),
 (5499,104,'922370AA','2018-09-22 05:58:50',1),
 (5500,105,'E70AD3D2','2018-09-22 05:58:50',1),
 (5501,104,'A5F194EB','2018-09-22 05:58:58',1),
 (5502,104,'CBDE17A7','2018-09-22 05:59:06',1),
 (5503,102,'CEDB6920','2018-09-22 05:59:07',1),
 (5504,105,'4E04B5FE','2018-09-22 05:59:20',1),
 (5505,104,'87176FD7','2018-09-22 05:59:30',1),
 (5506,103,'99F0C0FA','2018-09-22 05:59:39',1),
 (5507,104,'D2C39273','2018-09-22 05:59:41',1),
 (5508,103,'1D52BFA2','2018-09-22 05:59:51',1),
 (5509,104,'2986FF85','2018-09-22 05:59:56',1),
 (5510,105,'9E0476B5','2018-09-22 06:00:33',1),
 (5511,105,'08D745A6','2018-09-22 06:03:00',1),
 (5512,103,'ADD650A8','2018-09-22 06:16:58',1),
 (5513,0,'8E5F0240','2018-09-17 17:30:00',0),
 (5514,0,'4E04B5FE','2018-09-21 15:30:00',0),
 (5515,0,'021890C0','2018-09-21 15:30:00',0),
 (5516,0,'021890C0','2018-09-22 06:00:00',1),
 (5517,104,'DD6E2C0C','2018-09-22 06:59:53',1),
 (5518,105,'CF1D8750','2018-09-22 07:02:27',1),
 (5519,105,'E8A58074','2018-09-22 07:21:08',1),
 (5520,105,'3DA8B226','2018-09-22 07:21:26',1),
 (5521,105,'FCE87D9F','2018-09-22 07:23:49',1),
 (5522,105,'BEAFDB2F','2018-09-22 08:45:01',0),
 (5524,103,'76E920D9','2018-09-22 10:05:08',0),
 (5525,105,'E06BE060','2018-09-22 11:01:22',0),
 (5526,101,'67637925','2018-09-22 12:00:25',0),
 (5527,101,'0D87987C','2018-09-22 12:00:32',0),
 (5528,101,'1C920A23','2018-09-22 12:01:27',0),
 (5529,105,'8C0644BA','2018-09-22 12:01:32',0),
 (5530,101,'8001201A','2018-09-22 12:01:36',0),
 (5531,105,'F1EE0555','2018-09-22 12:01:47',0),
 (5532,105,'4E04B5FE','2018-09-22 12:02:21',0),
 (5533,105,'CF1D8750','2018-09-22 12:02:28',0),
 (5534,105,'FCE87D9F','2018-09-22 12:02:35',0),
 (5535,105,'8D6362AD','2018-09-22 12:02:44',0),
 (5536,105,'9E0476B5','2018-09-22 12:02:54',0),
 (5537,107,'B6902696','2018-09-22 12:03:02',0),
 (5538,107,'8C4CE4AC','2018-09-22 12:03:19',0),
 (5539,105,'3DA8B226','2018-09-22 12:04:11',0),
 (5540,106,'29C03912','2018-09-22 12:04:12',0),
 (5541,104,'08D01475','2018-09-22 12:04:15',0),
 (5542,103,'4C459F1E','2018-09-22 12:04:19',0),
 (5543,107,'DFE4EB13','2018-09-22 12:04:21',0),
 (5544,103,'B5A117E9','2018-09-22 12:04:24',0),
 (5545,105,'08D745A6','2018-09-22 12:04:25',0),
 (5546,104,'28DC3FB8','2018-09-22 12:04:28',0),
 (5547,103,'ADD650A8','2018-09-22 12:04:31',0),
 (5548,107,'2A5620A0','2018-09-22 12:04:31',0),
 (5549,105,'D1D2C387','2018-09-22 12:04:33',0),
 (5550,103,'0B8C3085','2018-09-22 12:04:38',0),
 (5551,105,'E8A58074','2018-09-22 12:04:40',0),
 (5552,103,'D2CC71D4','2018-09-22 12:04:45',0),
 (5553,105,'E70AD3D2','2018-09-22 12:04:49',0),
 (5554,107,'9186E711','2018-09-22 12:04:51',0),
 (5555,103,'BD9BB983','2018-09-22 12:04:53',0),
 (5556,105,'CB99D1E8','2018-09-22 12:04:56',0),
 (5557,103,'1D52BFA2','2018-09-22 12:05:00',0),
 (5558,104,'2A7F5D99','2018-09-22 12:05:01',0),
 (5559,105,'58EB7EA1','2018-09-22 12:05:03',0),
 (5560,103,'CEA28723','2018-09-22 12:05:05',0),
 (5561,104,'DD6E2C0C','2018-09-22 12:05:08',0),
 (5562,103,'C8E646D8','2018-09-22 12:05:11',0),
 (5563,105,'76118CDC','2018-09-22 12:05:13',0),
 (5564,104,'CBDE17A7','2018-09-22 12:05:15',0),
 (5565,107,'E880B82A','2018-09-22 12:05:27',0),
 (5566,104,'87176FD7','2018-09-22 12:05:32',0),
 (5567,103,'99F0C0FA','2018-09-22 12:05:33',0),
 (5568,105,'2CD387C2','2018-09-22 12:05:35',0),
 (5569,104,'AB8204A4','2018-09-22 12:05:37',0),
 (5570,104,'DF19620C','2018-09-22 12:05:44',0),
 (5571,104,'922370AA','2018-09-22 12:05:53',0),
 (5572,104,'A5F194EB','2018-09-22 12:05:59',0),
 (5573,104,'8E5F0240','2018-09-22 12:06:27',0),
 (5574,104,'CEC9A3DA','2018-09-22 12:06:43',0),
 (5575,107,'FF591F68','2018-09-22 12:07:07',0),
 (5576,104,'2986FF85','2018-09-22 12:07:11',0),
 (5577,105,'4E6E296E','2018-09-22 12:07:22',0),
 (5578,101,'3282F212','2018-09-22 12:07:34',0),
 (5579,104,'D2C39273','2018-09-22 12:08:23',0),
 (5580,0,'C278A564','2018-09-22 06:00:00',1),
 (5581,0,'C278A564','2018-09-22 12:00:00',0),
 (5582,102,'CEDB6920','2018-09-22 12:15:02',0),
 (5586,105,'4E6E296E','2018-09-24 06:23:30',1),
 (5587,101,'3282F212','2018-09-24 06:37:30',1),
 (5588,105,'CB99D1E8','2018-09-24 06:42:26',1),
 (5589,103,'BE51FA92','2018-09-24 06:46:04',1),
 (5590,105,'58EB7EA1','2018-09-24 06:46:15',1),
 (5591,103,'0B8C3085','2018-09-24 06:46:25',1),
 (5592,104,'2A7F5D99','2018-09-24 06:46:53',1),
 (5593,107,'FF591F68','2018-09-24 06:47:28',1),
 (5594,104,'28DC3FB8','2018-09-24 06:47:39',1),
 (5595,104,'A5F194EB','2018-09-24 06:47:50',1),
 (5596,105,'D1D2C387','2018-09-24 06:47:59',1),
 (5597,107,'8C4CE4AC','2018-09-24 06:48:03',1),
 (5598,101,'67637925','2018-09-24 06:48:20',1),
 (5599,103,'76E920D9','2018-09-24 06:48:34',1),
 (5600,103,'4C459F1E','2018-09-24 06:48:58',1),
 (5601,103,'C47A78C1','2018-09-24 06:49:16',1),
 (5602,105,'BEAFDB2F','2018-09-24 06:49:51',1),
 (5603,101,'0D87987C','2018-09-24 06:49:52',1),
 (5604,107,'9186E711','2018-09-24 06:51:04',1),
 (5605,107,'DFE4EB13','2018-09-24 06:51:19',1),
 (5606,105,'2CD387C2','2018-09-24 06:52:00',1),
 (5607,106,'29C03912','2018-09-24 06:52:04',1),
 (5608,106,'C1E4758D','2018-09-24 06:53:47',1),
 (5609,104,'DF19620C','2018-09-24 06:53:56',1),
 (5610,107,'B6902696','2018-09-24 06:54:31',1),
 (5611,103,'DFDFE648','2018-09-24 06:54:47',1),
 (5612,107,'2A5620A0','2018-09-24 06:55:21',1),
 (5613,103,'99F0C0FA','2018-09-24 06:55:44',1),
 (5614,101,'AC239E44','2018-09-24 06:55:47',1),
 (5615,103,'B5A117E9','2018-09-24 06:55:53',1),
 (5616,107,'E880B82A','2018-09-24 06:56:13',1),
 (5617,103,'CEA28723','2018-09-24 06:57:08',1),
 (5618,105,'FCE87D9F','2018-09-24 06:57:19',1),
 (5619,101,'8001201A','2018-09-24 06:57:40',1),
 (5620,103,'C8E646D8','2018-09-24 06:57:47',1),
 (5621,105,'398B1563','2018-09-24 06:57:49',1),
 (5622,104,'AB8204A4','2018-09-24 06:57:58',1),
 (5623,105,'4E04B5FE','2018-09-24 06:58:06',1),
 (5624,104,'D2C39273','2018-09-24 06:58:33',1),
 (5625,103,'D2CC71D4','2018-09-24 06:58:33',1),
 (5626,105,'8C0644BA','2018-09-24 06:58:51',1),
 (5627,107,'C278A564','2018-09-24 06:58:53',1),
 (5628,103,'1D52BFA2','2018-09-24 06:58:58',1),
 (5629,103,'8D9E5710','2018-09-24 06:59:04',1),
 (5630,104,'87176FD7','2018-09-24 06:59:06',1),
 (5631,101,'935B799E','2018-09-24 06:59:21',1),
 (5632,104,'2986FF85','2018-09-24 06:59:30',1),
 (5633,103,'021890C0','2018-09-24 06:59:31',1),
 (5634,105,'08D745A6','2018-09-24 06:59:55',1),
 (5635,102,'CEDB6920','2018-09-24 07:00:24',1),
 (5636,104,'DD6E2C0C','2018-09-24 07:00:42',1),
 (5637,105,'9E0476B5','2018-09-24 07:01:20',1),
 (5638,105,'E70AD3D2','2018-09-24 07:01:32',1),
 (5639,104,'31A25435','2018-09-24 07:03:52',1),
 (5640,0,'76118CDC','2018-09-24 07:00:00',1),
 (5641,0,'95497F63','2018-09-24 07:00:00',1),
 (5642,104,'922370AA','2018-09-24 07:15:41',1),
 (5643,102,'C4F37EFF','2018-09-24 07:24:43',1),
 (5644,105,'4DAC9951','2018-09-24 07:30:17',1),
 (5645,101,'0FFA272B','2018-09-24 07:32:27',1),
 (5646,105,'CF1D8750','2018-09-24 08:03:10',1),
 (5648,103,'ADD650A8','2018-09-24 08:59:16',1),
 (5649,101,'67637925','2018-09-24 11:25:55',0),
 (5650,104,'08D01475','2018-09-24 11:52:27',1),
 (5651,104,'CEC9A3DA','2018-09-24 11:52:36',1),
 (5652,105,'E06BE060','2018-09-24 11:58:16',1),
 (5653,105,'F1EE0555','2018-09-24 11:58:23',1),
 (5654,104,'CBDE17A7','2018-09-24 11:58:25',1),
 (5655,104,'28DC3FB8','2018-09-24 12:04:19',0),
 (5656,105,'CF1D8750','2018-09-24 12:04:30',0),
 (5657,103,'99F0C0FA','2018-09-24 12:04:45',0),
 (5658,105,'CB99D1E8','2018-09-24 12:04:54',0),
 (5659,104,'DF19620C','2018-09-24 12:14:27',0),
 (5660,104,'28DC3FB8','2018-09-24 12:28:34',1),
 (5661,103,'99F0C0FA','2018-09-24 12:30:06',1),
 (5662,105,'CF1D8750','2018-09-24 12:34:02',1),
 (5664,0,'8D6362AD','2018-09-21 15:30:00',0),
 (5665,0,'021890C0','2018-09-19 07:30:00',1),
 (5666,0,'021890C0','2018-09-20 07:30:00',1),
 (5667,0,'021890C0','2018-09-22 12:00:00',0),
 (5668,0,'D2C39273','2018-09-17 17:30:00',0),
 (5669,0,'DD6E2C0C','2018-09-18 07:00:00',1),
 (5670,0,'DD6E2C0C','2018-09-18 17:30:00',0),
 (5671,0,'021890C0','2018-09-18 07:00:00',1),
 (5672,0,'021890C0','2018-09-18 17:30:00',0),
 (5673,0,'021890C0','2018-09-19 16:30:00',0),
 (5674,0,'021890C0','2018-09-20 16:30:00',0),
 (5675,104,'31A25435','2018-09-24 14:30:45',0),
 (5676,105,'E70AD3D2','2018-09-24 14:31:47',0),
 (5677,105,'9E0476B5','2018-09-24 14:31:53',0),
 (5678,0,'D2CC71D4','2018-09-18 07:00:00',1),
 (5680,103,'BE51FA92','2018-09-24 15:30:13',0),
 (5681,105,'398B1563','2018-09-24 15:30:19',0),
 (5682,101,'935B799E','2018-09-24 15:30:53',0),
 (5683,105,'4DAC9951','2018-09-24 15:30:55',0),
 (5684,103,'C47A78C1','2018-09-24 15:31:16',0),
 (5685,105,'8C0644BA','2018-09-24 15:31:34',0),
 (5686,104,'2986FF85','2018-09-24 15:31:50',0),
 (5687,101,'AC239E44','2018-09-24 15:38:27',0),
 (5688,102,'CEDB6920','2018-09-24 16:00:17',0),
 (5689,104,'87176FD7','2018-09-24 16:00:21',0),
 (5690,105,'2CD387C2','2018-09-24 16:15:15',0),
 (5691,105,'FCE87D9F','2018-09-24 16:30:15',0),
 (5692,105,'BEAFDB2F','2018-09-24 16:30:54',0),
 (5693,106,'C1E4758D','2018-09-24 16:31:29',0),
 (5694,105,'95497F63','2018-09-24 16:31:36',0),
 (5695,105,'CF1D8750','2018-09-24 16:31:48',0),
 (5696,105,'58EB7EA1','2018-09-24 16:32:10',0),
 (5697,105,'08D745A6','2018-09-24 16:32:35',0),
 (5698,105,'D1D2C387','2018-09-24 16:33:07',0),
 (5700,102,'C4F37EFF','2018-09-24 17:01:18',0),
 (5701,0,'4E04B5FE','2018-09-24 15:30:00',0),
 (5702,101,'0FFA272B','2018-09-24 17:30:04',0),
 (5703,101,'0D87987C','2018-09-24 17:30:11',0),
 (5704,103,'1D52BFA2','2018-09-24 17:30:22',0),
 (5705,101,'8001201A','2018-09-24 17:30:23',0),
 (5706,103,'B5A117E9','2018-09-24 17:30:29',0),
 (5707,106,'29C03912','2018-09-24 17:30:34',0),
 (5708,103,'4C459F1E','2018-09-24 17:30:35',0),
 (5709,103,'0B8C3085','2018-09-24 17:30:40',0),
 (5710,103,'D2CC71D4','2018-09-24 17:30:44',0),
 (5711,104,'A5F194EB','2018-09-24 17:30:45',0),
 (5712,107,'DFE4EB13','2018-09-24 17:30:47',0),
 (5713,104,'922370AA','2018-09-24 17:30:50',0),
 (5714,103,'CEA28723','2018-09-24 17:30:52',0),
 (5715,103,'99F0C0FA','2018-09-24 17:30:57',0),
 (5716,104,'28DC3FB8','2018-09-24 17:30:59',0),
 (5717,107,'2A5620A0','2018-09-24 17:31:01',0),
 (5718,103,'021890C0','2018-09-24 17:31:03',0),
 (5719,104,'AB8204A4','2018-09-24 17:31:07',0),
 (5720,104,'DD6E2C0C','2018-09-24 17:31:15',0),
 (5721,107,'C278A564','2018-09-24 17:31:19',0),
 (5722,103,'DFDFE648','2018-09-24 17:31:20',0),
 (5723,105,'4E6E296E','2018-09-24 17:31:25',0),
 (5724,107,'9186E711','2018-09-24 17:31:28',0),
 (5725,107,'E880B82A','2018-09-24 17:31:34',0),
 (5726,103,'C8E646D8','2018-09-24 17:31:34',0),
 (5727,107,'B6902696','2018-09-24 17:31:39',0),
 (5728,107,'8C4CE4AC','2018-09-24 17:31:47',0),
 (5729,104,'2A7F5D99','2018-09-24 17:31:55',0),
 (5730,101,'3282F212','2018-09-24 17:32:04',0),
 (5731,104,'D2C39273','2018-09-24 17:33:37',0),
 (5732,107,'FF591F68','2018-09-24 17:35:32',0),
 (5733,103,'76E920D9','2018-09-24 18:31:30',0),
 (5734,103,'8D9E5710','2018-09-24 18:31:36',0),
 (5735,105,'F1EE0555','2018-09-24 22:30:06',0),
 (5736,105,'E06BE060','2018-09-24 22:30:13',0),
 (5737,104,'08D01475','2018-09-24 22:30:22',0),
 (5738,104,'CBDE17A7','2018-09-24 22:30:32',0),
 (5739,104,'CEC9A3DA','2018-09-24 22:30:45',0),
 (5742,105,'4E6E296E','2018-09-25 05:59:25',1),
 (5743,105,'8D6362AD','2018-09-25 06:27:25',1),
 (5744,105,'E8A58074','2018-09-25 06:27:34',1),
 (5745,101,'3282F212','2018-09-25 06:36:32',1),
 (5746,105,'CB99D1E8','2018-09-25 06:45:47',1),
 (5747,103,'BE51FA92','2018-09-25 06:46:04',1),
 (5748,101,'67637925','2018-09-25 06:46:27',1),
 (5749,107,'C278A564','2018-09-25 06:46:59',1),
 (5750,103,'DFDFE648','2018-09-25 06:48:09',1),
 (5751,103,'0B8C3085','2018-09-25 06:48:45',1),
 (5752,105,'58EB7EA1','2018-09-25 06:49:11',1),
 (5753,105,'398B1563','2018-09-25 06:49:29',1),
 (5754,103,'C47A78C1','2018-09-25 06:49:59',1),
 (5755,103,'CEA28723','2018-09-25 06:50:08',1),
 (5756,101,'0D87987C','2018-09-25 06:51:51',1),
 (5757,105,'D1D2C387','2018-09-25 06:51:56',1),
 (5758,103,'BD9BB983','2018-09-25 06:52:11',1),
 (5759,107,'8C4CE4AC','2018-09-25 06:52:19',1),
 (5760,107,'DFE4EB13','2018-09-25 06:52:41',1),
 (5761,107,'9186E711','2018-09-25 06:53:17',1),
 (5762,105,'8C0644BA','2018-09-25 06:53:43',1),
 (5763,103,'76E920D9','2018-09-25 06:53:50',1),
 (5764,106,'29C03912','2018-09-25 06:53:55',1),
 (5765,105,'2CD387C2','2018-09-25 06:54:00',1),
 (5766,103,'4C459F1E','2018-09-25 06:54:02',1),
 (5767,104,'28DC3FB8','2018-09-25 06:54:09',1),
 (5768,107,'B6902696','2018-09-25 06:54:17',1),
 (5769,103,'B5A117E9','2018-09-25 06:54:17',1),
 (5770,103,'C8E646D8','2018-09-25 06:54:26',1),
 (5771,101,'8001201A','2018-09-25 06:54:35',1),
 (5772,101,'AC239E44','2018-09-25 06:55:01',1),
 (5773,107,'2A5620A0','2018-09-25 06:55:04',1),
 (5774,106,'C1E4758D','2018-09-25 06:55:20',1),
 (5775,103,'8D9E5710','2018-09-25 06:55:21',1),
 (5776,104,'A5F194EB','2018-09-25 06:55:25',1),
 (5777,107,'FF591F68','2018-09-25 06:56:00',1),
 (5778,105,'76118CDC','2018-09-25 06:56:08',1),
 (5779,104,'DF19620C','2018-09-25 06:56:11',1),
 (5780,103,'021890C0','2018-09-25 06:56:28',1),
 (5781,105,'E70AD3D2','2018-09-25 06:56:43',1),
 (5782,104,'AB8204A4','2018-09-25 06:56:58',1),
 (5783,104,'922370AA','2018-09-25 06:57:06',1),
 (5784,101,'0FFA272B','2018-09-25 06:57:27',1),
 (5785,105,'FCE87D9F','2018-09-25 06:57:28',1),
 (5786,105,'95497F63','2018-09-25 06:57:35',1),
 (5787,103,'D2CC71D4','2018-09-25 06:57:41',1),
 (5788,107,'E880B82A','2018-09-25 06:57:48',1),
 (5789,101,'935B799E','2018-09-25 06:57:54',1),
 (5790,103,'99F0C0FA','2018-09-25 06:58:13',1),
 (5791,104,'8E5F0240','2018-09-25 06:58:22',1),
 (5792,104,'2986FF85','2018-09-25 06:59:26',1),
 (5793,104,'87176FD7','2018-09-25 06:59:33',1),
 (5794,104,'DD6E2C0C','2018-09-25 07:00:29',1),
 (5795,105,'08D745A6','2018-09-25 07:00:33',1),
 (5797,104,'31A25435','2018-09-25 07:05:35',1),
 (5798,102,'C4F37EFF','2018-09-25 07:16:19',1),
 (5799,0,'ADD650A8','2018-09-24 17:30:00',0),
 (5800,0,'ADD650A8','2018-09-25 07:02:00',1),
 (5801,105,'4DAC9951','2018-09-25 07:41:47',1),
 (5802,104,'D2C39273','2018-09-25 07:42:57',1),
 (5803,103,'1D52BFA2','2018-09-25 07:43:09',1),
 (5805,105,'3E9E0E87','2018-09-25 09:46:10',1),
 (5806,104,'2A7F5D99','2018-09-25 09:56:19',1),
 (5807,0,'D2CC71D4','2018-09-18 16:30:00',0),
 (5808,104,'CEC9A3DA','2018-09-25 11:57:19',1),
 (5809,104,'CBDE17A7','2018-09-25 11:57:35',1),
 (5810,105,'F1EE0555','2018-09-25 11:59:07',1),
 (5811,105,'E06BE060','2018-09-25 11:59:13',1),
 (5812,104,'87176FD7','2018-09-25 12:00:27',0),
 (5813,104,'28DC3FB8','2018-09-25 12:00:58',0),
 (5814,104,'A5F194EB','2018-09-25 12:01:11',0),
 (5815,104,'08D01475','2018-09-25 12:01:22',1),
 (5817,105,'CF1D8750','2018-09-25 12:01:58',1),
 (5819,104,'28DC3FB8','2018-09-25 12:26:01',1),
 (5820,104,'87176FD7','2018-09-25 12:28:48',1),
 (5821,101,'67637925','2018-09-25 14:30:29',0),
 (5822,105,'FCE87D9F','2018-09-25 14:31:07',0),
 (5823,105,'4DAC9951','2018-09-25 15:30:35',0),
 (5824,105,'398B1563','2018-09-25 15:30:59',0),
 (5825,104,'DD6E2C0C','2018-09-25 15:31:00',0),
 (5826,101,'935B799E','2018-09-25 15:31:00',0),
 (5827,105,'8C0644BA','2018-09-25 15:32:21',0),
 (5828,103,'BE51FA92','2018-09-25 15:32:45',0),
 (5829,103,'C47A78C1','2018-09-25 15:33:28',0),
 (5830,104,'31A25435','2018-09-25 15:34:14',0),
 (5831,101,'AC239E44','2018-09-25 15:37:50',0),
 (5832,104,'87176FD7','2018-09-25 16:00:13',0),
 (5833,102,'CEDB6920','2018-09-25 16:02:24',0),
 (5834,105,'2CD387C2','2018-09-25 16:18:37',0),
 (5835,103,'0B8C3085','2018-09-25 16:30:23',0),
 (5836,105,'CF1D8750','2018-09-25 16:30:30',0),
 (5837,103,'C8E646D8','2018-09-25 16:30:35',0),
 (5838,103,'CEA28723','2018-09-25 16:30:46',0),
 (5839,103,'99F0C0FA','2018-09-25 16:31:00',0),
 (5840,106,'C1E4758D','2018-09-25 16:31:17',0);
INSERT INTO `punch` (`id`,`terminalid`,`badgeid`,`originaltimestamp`,`punchtypeid`) VALUES 
 (5841,105,'95497F63','2018-09-25 16:31:37',0),
 (5842,105,'8D6362AD','2018-09-25 16:32:06',0),
 (5843,103,'DFDFE648','2018-09-25 16:32:37',0),
 (5844,105,'3E9E0E87','2018-09-25 16:33:08',0),
 (5845,105,'E8A58074','2018-09-25 16:33:35',0),
 (5846,105,'E70AD3D2','2018-09-25 16:33:43',0),
 (5847,105,'58EB7EA1','2018-09-25 16:34:38',0),
 (5848,105,'08D745A6','2018-09-25 16:34:48',0),
 (5849,102,'C4F37EFF','2018-09-25 16:46:22',0),
 (5851,105,'CF1D8750','2018-09-25 17:01:45',1),
 (5852,101,'0FFA272B','2018-09-25 17:30:08',0),
 (5853,107,'C278A564','2018-09-25 17:30:10',0),
 (5854,103,'4C459F1E','2018-09-25 17:30:11',0),
 (5855,101,'0D87987C','2018-09-25 17:30:16',0),
 (5856,107,'E880B82A','2018-09-25 17:30:16',0),
 (5857,103,'BD9BB983','2018-09-25 17:30:19',0),
 (5858,107,'B6902696','2018-09-25 17:30:21',0),
 (5859,103,'D2CC71D4','2018-09-25 17:30:24',0),
 (5860,101,'8001201A','2018-09-25 17:30:26',0),
 (5861,104,'8E5F0240','2018-09-25 17:30:38',0),
 (5862,103,'1D52BFA2','2018-09-25 17:30:39',0),
 (5863,107,'DFE4EB13','2018-09-25 17:30:42',0),
 (5864,104,'922370AA','2018-09-25 17:30:45',0),
 (5865,104,'2986FF85','2018-09-25 17:30:52',0),
 (5866,107,'2A5620A0','2018-09-25 17:30:53',0),
 (5867,107,'9186E711','2018-09-25 17:31:10',0),
 (5868,104,'28DC3FB8','2018-09-25 17:31:24',0),
 (5869,104,'AB8204A4','2018-09-25 17:31:31',0),
 (5870,101,'3282F212','2018-09-25 17:32:03',0),
 (5871,105,'CB99D1E8','2018-09-25 17:32:11',0),
 (5872,104,'DF19620C','2018-09-25 17:32:46',0),
 (5873,105,'76118CDC','2018-09-25 17:32:48',0),
 (5874,105,'D1D2C387','2018-09-25 17:32:57',0),
 (5875,104,'D2C39273','2018-09-25 17:33:23',0),
 (5876,104,'2A7F5D99','2018-09-25 17:33:55',0),
 (5877,107,'8C4CE4AC','2018-09-25 17:34:02',0),
 (5878,105,'4E6E296E','2018-09-25 17:34:24',0),
 (5879,103,'021890C0','2018-09-25 17:34:31',0),
 (5880,107,'FF591F68','2018-09-25 17:35:15',0),
 (5881,106,'29C03912','2018-09-25 17:45:55',0),
 (5882,103,'8D9E5710','2018-09-25 18:32:37',0),
 (5883,103,'76E920D9','2018-09-25 18:32:48',0),
 (5884,103,'B5A117E9','2018-09-25 18:32:58',0),
 (5885,105,'E06BE060','2018-09-25 22:30:22',0),
 (5886,105,'F1EE0555','2018-09-25 22:30:29',0),
 (5887,105,'CF1D8750','2018-09-25 22:30:37',0),
 (5888,104,'08D01475','2018-09-25 22:32:10',0),
 (5889,104,'CBDE17A7','2018-09-25 22:32:15',0),
 (5890,104,'CEC9A3DA','2018-09-25 22:33:34',0),
 (5892,105,'4E6E296E','2018-09-26 06:22:10',1),
 (5893,105,'E8A58074','2018-09-26 06:33:22',1),
 (5894,101,'3282F212','2018-09-26 06:38:59',1),
 (5895,103,'BE51FA92','2018-09-26 06:46:05',1),
 (5896,104,'28DC3FB8','2018-09-26 06:46:38',1),
 (5897,107,'FF591F68','2018-09-26 06:46:54',1),
 (5898,105,'D1D2C387','2018-09-26 06:46:54',1),
 (5899,103,'4C459F1E','2018-09-26 06:47:26',1),
 (5900,103,'0B8C3085','2018-09-26 06:47:44',1),
 (5901,103,'76E920D9','2018-09-26 06:47:58',1),
 (5902,104,'A5F194EB','2018-09-26 06:48:09',1),
 (5903,105,'58EB7EA1','2018-09-26 06:48:14',1),
 (5904,107,'8C4CE4AC','2018-09-26 06:48:16',1),
 (5905,105,'398B1563','2018-09-26 06:48:36',1),
 (5906,105,'2CD387C2','2018-09-26 06:48:50',1),
 (5907,103,'CEA28723','2018-09-26 06:48:51',1),
 (5908,105,'CB99D1E8','2018-09-26 06:49:12',1),
 (5909,103,'021890C0','2018-09-26 06:50:42',1),
 (5910,107,'2A5620A0','2018-09-26 06:52:34',1),
 (5911,103,'DFDFE648','2018-09-26 06:53:00',1),
 (5912,107,'B6902696','2018-09-26 06:53:24',1),
 (5913,106,'29C03912','2018-09-26 06:53:27',1),
 (5914,101,'AC239E44','2018-09-26 06:53:34',1),
 (5915,107,'9186E711','2018-09-26 06:53:41',1),
 (5916,107,'DFE4EB13','2018-09-26 06:54:06',1),
 (5917,105,'8C0644BA','2018-09-26 06:54:36',1),
 (5918,103,'B5A117E9','2018-09-26 06:54:53',1),
 (5919,101,'0D87987C','2018-09-26 06:55:02',1),
 (5920,104,'2A7F5D99','2018-09-26 06:55:08',1),
 (5921,101,'935B799E','2018-09-26 06:55:14',1),
 (5922,103,'BD9BB983','2018-09-26 06:55:19',1),
 (5923,101,'67637925','2018-09-26 06:55:22',1),
 (5924,103,'8D9E5710','2018-09-26 06:55:50',1),
 (5925,103,'C47A78C1','2018-09-26 06:56:16',1),
 (5926,105,'3E9E0E87','2018-09-26 06:56:17',1),
 (5927,105,'FCE87D9F','2018-09-26 06:56:24',1),
 (5928,105,'95497F63','2018-09-26 06:56:32',1),
 (5929,107,'E880B82A','2018-09-26 06:57:04',1),
 (5930,105,'76118CDC','2018-09-26 06:57:24',1),
 (5931,103,'D2CC71D4','2018-09-26 06:57:26',1),
 (5932,103,'C8E646D8','2018-09-26 06:57:32',1),
 (5933,107,'C278A564','2018-09-26 06:57:45',1),
 (5934,105,'08D745A6','2018-09-26 06:57:58',1),
 (5935,105,'E70AD3D2','2018-09-26 06:58:05',1),
 (5936,105,'9E0476B5','2018-09-26 06:58:23',1),
 (5937,104,'DF19620C','2018-09-26 06:58:35',1),
 (5938,104,'AB8204A4','2018-09-26 06:58:42',1),
 (5939,104,'922370AA','2018-09-26 06:59:48',1),
 (5940,103,'99F0C0FA','2018-09-26 06:59:51',1),
 (5941,104,'2986FF85','2018-09-26 06:59:53',1),
 (5942,103,'1D52BFA2','2018-09-26 07:00:17',1),
 (5943,104,'D2C39273','2018-09-26 07:00:36',1),
 (5944,104,'8E5F0240','2018-09-26 07:00:50',1),
 (5945,104,'87176FD7','2018-09-26 07:00:56',1),
 (5947,104,'DD6E2C0C','2018-09-26 07:02:11',1),
 (5948,102,'C4F37EFF','2018-09-26 07:19:22',1),
 (5949,0,'E216D413','2018-09-26 07:00:30',1),
 (5950,0,'9BFCB537','2018-09-26 07:00:00',1),
 (5951,105,'4DAC9951','2018-09-26 07:30:09',1),
 (5953,101,'0FFA272B','2018-09-26 07:56:46',1),
 (5954,105,'4DAC9951','2018-09-26 08:34:56',0),
 (5955,0,'CEDB6920','2018-09-25 07:00:00',1),
 (5956,0,'D4F37E6F','2018-09-26 10:30:00',1),
 (5957,104,'CBDE17A7','2018-09-26 11:58:47',1),
 (5958,105,'E06BE060','2018-09-26 11:59:27',1),
 (5959,105,'F1EE0555','2018-09-26 11:59:32',1),
 (5960,104,'CEC9A3DA','2018-09-26 11:59:53',1),
 (5961,104,'08D01475','2018-09-26 11:59:58',1),
 (5962,104,'87176FD7','2018-09-26 12:00:20',0),
 (5963,105,'CF1D8750','2018-09-26 12:01:09',1),
 (5964,104,'28DC3FB8','2018-09-26 12:01:42',0),
 (5965,104,'28DC3FB8','2018-09-26 12:25:47',1),
 (5966,104,'87176FD7','2018-09-26 12:29:33',1),
 (5967,105,'2CD387C2','2018-09-26 14:33:11',0),
 (5968,101,'935B799E','2018-09-26 15:00:26',0),
 (5969,105,'398B1563','2018-09-26 15:31:18',0),
 (5970,103,'BE51FA92','2018-09-26 15:31:25',0),
 (5971,103,'C47A78C1','2018-09-26 15:31:58',0),
 (5972,101,'AC239E44','2018-09-26 15:32:59',0),
 (5973,0,'CEDB6920','2018-09-26 07:00:00',1),
 (5974,0,'CEDB6920','2018-09-26 16:01:23',0),
 (5975,104,'87176FD7','2018-09-26 16:00:15',0),
 (5976,107,'E880B82A','2018-09-26 16:30:16',0),
 (5977,103,'D2CC71D4','2018-09-26 16:30:25',0),
 (5978,105,'CF1D8750','2018-09-26 16:30:35',0),
 (5979,103,'C8E646D8','2018-09-26 16:30:36',0),
 (5980,105,'3E9E0E87','2018-09-26 16:30:42',0),
 (5981,105,'95497F63','2018-09-26 16:30:49',0),
 (5982,105,'58EB7EA1','2018-09-26 16:30:59',0),
 (5983,105,'FCE87D9F','2018-09-26 16:31:13',0),
 (5984,103,'021890C0','2018-09-26 16:31:16',0),
 (5985,105,'E8A58074','2018-09-26 16:31:21',0),
 (5986,105,'08D745A6','2018-09-26 16:31:36',0),
 (5987,105,'E70AD3D2','2018-09-26 16:31:48',0),
 (5988,105,'9E0476B5','2018-09-26 16:31:57',0),
 (5989,103,'0B8C3085','2018-09-26 16:32:17',0),
 (5990,104,'2A7F5D99','2018-09-26 16:32:31',0),
 (5991,103,'99F0C0FA','2018-09-26 16:34:12',0),
 (5992,105,'CF1D8750','2018-09-26 17:03:05',1),
 (5993,102,'C4F37EFF','2018-09-26 17:05:03',0),
 (5995,106,'29C03912','2018-09-26 17:30:06',0),
 (5996,103,'DFDFE648','2018-09-26 17:30:07',0),
 (5997,107,'C278A564','2018-09-26 17:30:08',0),
 (5998,105,'8C0644BA','2018-09-26 17:30:11',0),
 (5999,103,'4C459F1E','2018-09-26 17:30:11',0),
 (6000,103,'BD9BB983','2018-09-26 17:30:19',0),
 (6001,104,'2986FF85','2018-09-26 17:30:23',0),
 (6002,103,'1D52BFA2','2018-09-26 17:30:27',0),
 (6003,104,'A5F194EB','2018-09-26 17:30:31',0),
 (6004,104,'DD6E2C0C','2018-09-26 17:30:37',0),
 (6005,103,'B5A117E9','2018-09-26 17:30:43',0),
 (6006,104,'922370AA','2018-09-26 17:30:45',0),
 (6007,105,'CB99D1E8','2018-09-26 17:30:55',0),
 (6008,103,'CEA28723','2018-09-26 17:31:04',0),
 (6009,107,'B6902696','2018-09-26 17:31:05',0),
 (6010,101,'67637925','2018-09-26 17:31:08',0),
 (6011,107,'9186E711','2018-09-26 17:31:18',0),
 (6012,103,'76E920D9','2018-09-26 17:31:19',0),
 (6013,101,'0FFA272B','2018-09-26 17:31:19',0),
 (6014,107,'2A5620A0','2018-09-26 17:31:29',0),
 (6015,101,'0D87987C','2018-09-26 17:31:29',0),
 (6016,105,'76118CDC','2018-09-26 17:31:34',0),
 (6017,104,'DF19620C','2018-09-26 17:31:36',0),
 (6018,101,'3282F212','2018-09-26 17:31:40',0),
 (6019,104,'8E5F0240','2018-09-26 17:31:52',0),
 (6020,107,'DFE4EB13','2018-09-26 17:32:00',0),
 (6021,104,'AB8204A4','2018-09-26 17:32:00',0),
 (6022,104,'28DC3FB8','2018-09-26 17:32:14',0),
 (6023,105,'D1D2C387','2018-09-26 17:32:35',0),
 (6024,104,'D2C39273','2018-09-26 17:33:01',0),
 (6025,103,'8D9E5710','2018-09-26 17:33:15',0),
 (6026,107,'8C4CE4AC','2018-09-26 17:33:38',0),
 (6027,105,'4E6E296E','2018-09-26 17:34:14',0),
 (6028,107,'FF591F68','2018-09-26 17:35:57',0),
 (6029,105,'E06BE060','2018-09-26 20:32:28',0),
 (6030,105,'F1EE0555','2018-09-26 22:30:07',0),
 (6031,104,'CBDE17A7','2018-09-26 22:30:08',0),
 (6032,105,'CF1D8750','2018-09-26 22:30:21',0),
 (6033,104,'CEC9A3DA','2018-09-26 22:31:21',0),
 (6034,104,'08D01475','2018-09-26 22:31:37',0),
 (6038,105,'4E6E296E','2018-09-27 06:19:45',1),
 (6039,105,'8D6362AD','2018-09-27 06:30:36',1),
 (6040,105,'E8A58074','2018-09-27 06:34:14',1),
 (6041,101,'3282F212','2018-09-27 06:35:27',1),
 (6042,102,'CEDB6920','2018-09-27 06:46:15',1),
 (6043,104,'28DC3FB8','2018-09-27 06:46:38',1),
 (6044,103,'BE51FA92','2018-09-27 06:46:49',1),
 (6045,104,'A5F194EB','2018-09-27 06:46:50',1),
 (6046,103,'76E920D9','2018-09-27 06:49:24',1),
 (6047,105,'58EB7EA1','2018-09-27 06:49:35',1),
 (6048,103,'4C459F1E','2018-09-27 06:49:52',1),
 (6049,103,'0B8C3085','2018-09-27 06:51:31',1),
 (6050,101,'0D87987C','2018-09-27 06:52:54',1),
 (6051,103,'BD9BB983','2018-09-27 06:53:13',1),
 (6052,103,'B5A117E9','2018-09-27 06:53:34',1),
 (6053,105,'2CD387C2','2018-09-27 06:53:36',1),
 (6054,105,'3E9E0E87','2018-09-27 06:53:47',1),
 (6055,106,'29C03912','2018-09-27 06:54:03',1),
 (6056,107,'8C4CE4AC','2018-09-27 06:54:16',1),
 (6057,105,'FCE87D9F','2018-09-27 06:54:28',1),
 (6058,104,'DF19620C','2018-09-27 06:54:32',1),
 (6059,105,'D1D2C387','2018-09-27 06:54:41',1),
 (6060,107,'DFE4EB13','2018-09-27 06:54:54',1),
 (6061,101,'AC239E44','2018-09-27 06:54:57',1),
 (6062,107,'C278A564','2018-09-27 06:55:09',1),
 (6063,105,'398B1563','2018-09-27 06:55:12',1),
 (6064,107,'FF591F68','2018-09-27 06:55:18',1),
 (6065,103,'8D9E5710','2018-09-27 06:55:20',1),
 (6066,105,'CB99D1E8','2018-09-27 06:55:25',1),
 (6067,103,'CEA28723','2018-09-27 06:55:33',1),
 (6068,107,'B6902696','2018-09-27 06:55:52',1),
 (6069,103,'C47A78C1','2018-09-27 06:55:58',1),
 (6070,105,'76118CDC','2018-09-27 06:56:06',1),
 (6071,104,'2A7F5D99','2018-09-27 06:56:31',1),
 (6072,103,'021890C0','2018-09-27 06:56:41',1),
 (6073,105,'8C0644BA','2018-09-27 06:56:54',1),
 (6074,107,'9186E711','2018-09-27 06:57:00',1),
 (6075,104,'D2C39273','2018-09-27 06:57:11',1),
 (6076,107,'E880B82A','2018-09-27 06:57:11',1),
 (6077,103,'DFDFE648','2018-09-27 06:57:16',1),
 (6078,105,'95497F63','2018-09-27 06:57:17',1),
 (6079,107,'2A5620A0','2018-09-27 06:57:19',1),
 (6080,104,'DD6E2C0C','2018-09-27 06:57:29',1),
 (6081,104,'AB8204A4','2018-09-27 06:57:36',1),
 (6082,103,'D2CC71D4','2018-09-27 06:57:36',1),
 (6083,104,'922370AA','2018-09-27 06:58:12',1),
 (6084,103,'1D52BFA2','2018-09-27 06:58:25',1),
 (6085,105,'D4F37E6F','2018-09-27 06:58:36',1),
 (6086,101,'935B799E','2018-09-27 06:59:00',1),
 (6087,104,'2986FF85','2018-09-27 06:59:23',1),
 (6088,103,'99F0C0FA','2018-09-27 06:59:24',1),
 (6089,104,'87176FD7','2018-09-27 06:59:30',1),
 (6090,105,'08D745A6','2018-09-27 06:59:38',1),
 (6091,104,'8E5F0240','2018-09-27 06:59:54',1),
 (6092,105,'E70AD3D2','2018-09-27 07:00:30',1),
 (6093,105,'9E0476B5','2018-09-27 07:00:37',1),
 (6094,0,'E216D413','2018-09-26 17:30:00',0),
 (6095,0,'E216D413','2018-09-27 07:00:00',1),
 (6096,0,'9BFCB537','2018-09-26 17:30:00',0),
 (6097,0,'9BFCB537','2018-09-27 07:00:00',1),
 (6098,102,'C4F37EFF','2018-09-27 07:18:55',1),
 (6099,0,'ADD650A8','2018-09-26 17:30:00',0),
 (6100,0,'ADD650A8','2018-09-25 17:30:00',0),
 (6101,0,'ADD650A8','2018-09-26 07:00:00',1),
 (6102,0,'ADD650A8','2018-09-27 07:00:00',1),
 (6103,105,'4DAC9951','2018-09-27 07:33:14',1),
 (6105,104,'D4A2072B','2018-09-27 07:52:54',1),
 (6106,101,'0FFA272B','2018-09-27 08:20:08',1),
 (6107,105,'F1EE0555','2018-09-27 11:58:23',1),
 (6108,104,'CBDE17A7','2018-09-27 11:58:34',1),
 (6109,105,'E06BE060','2018-09-27 11:58:43',1),
 (6110,105,'CF1D8750','2018-09-27 11:58:53',1),
 (6111,104,'CEC9A3DA','2018-09-27 11:59:49',1),
 (6112,104,'87176FD7','2018-09-27 12:00:19',0),
 (6113,104,'28DC3FB8','2018-09-27 12:00:26',0),
 (6114,103,'99F0C0FA','2018-09-27 12:00:27',0),
 (6115,104,'08D01475','2018-09-27 12:24:24',1),
 (6116,104,'28DC3FB8','2018-09-27 12:26:14',1),
 (6117,103,'99F0C0FA','2018-09-27 12:27:17',1),
 (6118,104,'87176FD7','2018-09-27 12:29:11',1),
 (6119,105,'4DAC9951','2018-09-27 14:30:30',0),
 (6120,105,'398B1563','2018-09-27 15:30:21',0),
 (6121,105,'95497F63','2018-09-27 15:30:40',0),
 (6122,105,'8C0644BA','2018-09-27 15:31:18',0),
 (6123,103,'BE51FA92','2018-09-27 15:31:33',0),
 (6124,101,'AC239E44','2018-09-27 15:34:46',0),
 (6125,102,'CEDB6920','2018-09-27 15:40:51',0),
 (6126,103,'1D52BFA2','2018-09-27 15:51:21',0),
 (6127,103,'C47A78C1','2018-09-27 15:58:20',0),
 (6128,101,'935B799E','2018-09-27 16:00:25',0),
 (6129,104,'87176FD7','2018-09-27 16:01:13',0),
 (6130,105,'2CD387C2','2018-09-27 16:15:40',0),
 (6131,0,'29C3C7D4','2018-09-27 09:45:00',1),
 (6132,0,'29C3C7D4','2018-09-27 16:00:00',0),
 (6133,105,'D4F37E6F','2018-09-27 16:30:25',0),
 (6134,105,'FCE87D9F','2018-09-27 16:30:33',0),
 (6135,105,'CF1D8750','2018-09-27 16:30:42',0),
 (6136,105,'3E9E0E87','2018-09-27 16:30:54',0),
 (6137,105,'58EB7EA1','2018-09-27 16:31:04',0),
 (6138,105,'9E0476B5','2018-09-27 16:31:14',0),
 (6139,103,'ADD650A8','2018-09-27 16:31:18',0),
 (6140,105,'E70AD3D2','2018-09-27 16:31:35',0),
 (6141,105,'08D745A6','2018-09-27 16:32:17',0),
 (6142,105,'D1D2C387','2018-09-27 16:32:53',0),
 (6143,102,'C4F37EFF','2018-09-27 16:33:11',0),
 (6144,105,'4E6E296E','2018-09-27 16:33:29',0),
 (6146,105,'CF1D8750','2018-09-27 17:02:21',1),
 (6147,107,'C278A564','2018-09-27 17:30:02',0),
 (6148,103,'B5A117E9','2018-09-27 17:30:07',0),
 (6149,103,'0B8C3085','2018-09-27 17:30:13',0),
 (6150,103,'D2CC71D4','2018-09-27 17:30:18',0),
 (6151,103,'4C459F1E','2018-09-27 17:30:22',0),
 (6152,107,'E880B82A','2018-09-27 17:30:24',0),
 (6153,103,'BD9BB983','2018-09-27 17:30:29',0),
 (6154,107,'B6902696','2018-09-27 17:30:31',0),
 (6155,104,'D4A2072B','2018-09-27 17:30:33',0),
 (6156,103,'76E920D9','2018-09-27 17:30:37',0),
 (6157,104,'28DC3FB8','2018-09-27 17:30:40',0),
 (6158,103,'99F0C0FA','2018-09-27 17:30:44',0),
 (6159,104,'A5F194EB','2018-09-27 17:30:45',0),
 (6160,103,'8D9E5710','2018-09-27 17:30:50',0),
 (6161,106,'29C03912','2018-09-27 17:30:51',0),
 (6162,103,'021890C0','2018-09-27 17:30:57',0),
 (6163,105,'76118CDC','2018-09-27 17:30:59',0),
 (6164,104,'AB8204A4','2018-09-27 17:30:59',0),
 (6165,107,'9186E711','2018-09-27 17:31:03',0),
 (6166,101,'0D87987C','2018-09-27 17:31:03',0),
 (6167,103,'CEA28723','2018-09-27 17:31:04',0),
 (6168,105,'CB99D1E8','2018-09-27 17:31:13',0),
 (6169,101,'0FFA272B','2018-09-27 17:31:16',0),
 (6170,104,'2986FF85','2018-09-27 17:31:17',0),
 (6171,107,'DFE4EB13','2018-09-27 17:31:18',0),
 (6172,104,'DF19620C','2018-09-27 17:31:26',0),
 (6173,107,'8C4CE4AC','2018-09-27 17:31:27',0),
 (6174,105,'8D6362AD','2018-09-27 17:31:28',0),
 (6175,104,'DD6E2C0C','2018-09-27 17:31:34',0),
 (6176,103,'DFDFE648','2018-09-27 17:31:37',0),
 (6177,104,'922370AA','2018-09-27 17:31:44',0),
 (6178,104,'8E5F0240','2018-09-27 17:32:00',0),
 (6179,107,'2A5620A0','2018-09-27 17:32:07',0),
 (6180,105,'E8A58074','2018-09-27 17:32:14',0),
 (6181,107,'FF591F68','2018-09-27 17:32:17',0),
 (6182,104,'2A7F5D99','2018-09-27 17:33:12',0),
 (6183,101,'3282F212','2018-09-27 17:33:53',0),
 (6184,104,'D2C39273','2018-09-27 17:35:47',0),
 (6185,104,'CBDE17A7','2018-09-27 22:30:08',0),
 (6186,104,'08D01475','2018-09-27 22:30:17',0),
 (6187,105,'F1EE0555','2018-09-27 22:30:27',0),
 (6188,105,'CF1D8750','2018-09-27 22:30:34',0),
 (6189,105,'E06BE060','2018-09-27 22:30:44',0),
 (6190,104,'CEC9A3DA','2018-09-27 22:31:18',0),
 (6193,105,'4E6E296E','2018-09-28 06:19:04',1),
 (6194,101,'3282F212','2018-09-28 06:39:36',1),
 (6195,103,'BE51FA92','2018-09-28 06:46:05',1),
 (6196,104,'28DC3FB8','2018-09-28 06:46:42',1),
 (6197,103,'76E920D9','2018-09-28 06:47:24',1),
 (6198,104,'D4A2072B','2018-09-28 06:49:28',1),
 (6199,103,'0B8C3085','2018-09-28 06:50:55',1),
 (6200,107,'C278A564','2018-09-28 06:50:57',1),
 (6201,104,'A5F194EB','2018-09-28 06:51:10',1),
 (6202,103,'B5A117E9','2018-09-28 06:51:19',1),
 (6203,103,'DFDFE648','2018-09-28 06:52:26',1),
 (6204,103,'C47A78C1','2018-09-28 06:53:18',1),
 (6205,101,'AC239E44','2018-09-28 06:53:48',1),
 (6206,105,'8C0644BA','2018-09-28 06:54:04',1),
 (6207,105,'2CD387C2','2018-09-28 06:54:11',1),
 (6208,107,'FF591F68','2018-09-28 06:54:11',1),
 (6209,107,'9186E711','2018-09-28 06:54:29',1),
 (6210,107,'DFE4EB13','2018-09-28 06:54:49',1),
 (6211,106,'29C03912','2018-09-28 06:55:03',1),
 (6212,107,'2A5620A0','2018-09-28 06:55:18',1),
 (6213,103,'4C459F1E','2018-09-28 06:55:20',1),
 (6214,105,'D1D2C387','2018-09-28 06:55:25',1),
 (6215,107,'8C4CE4AC','2018-09-28 06:55:32',1),
 (6216,105,'95497F63','2018-09-28 06:55:58',1),
 (6217,103,'BD9BB983','2018-09-28 06:56:02',1),
 (6218,103,'021890C0','2018-09-28 06:56:07',1),
 (6219,103,'99F0C0FA','2018-09-28 06:56:19',1),
 (6220,101,'0D87987C','2018-09-28 06:56:22',1),
 (6221,107,'B6902696','2018-09-28 06:56:36',1),
 (6222,104,'922370AA','2018-09-28 06:56:40',1),
 (6223,103,'CEA28723','2018-09-28 06:57:12',1),
 (6224,105,'08D745A6','2018-09-28 06:57:23',1),
 (6225,105,'3E9E0E87','2018-09-28 06:57:35',1),
 (6226,104,'DF19620C','2018-09-28 06:57:38',1),
 (6227,105,'CB99D1E8','2018-09-28 06:57:43',1),
 (6228,104,'2A7F5D99','2018-09-28 06:58:01',1),
 (6229,105,'398B1563','2018-09-28 06:58:01',1),
 (6230,105,'58EB7EA1','2018-09-28 06:58:09',1),
 (6231,105,'FCE87D9F','2018-09-28 06:58:19',1),
 (6232,105,'76118CDC','2018-09-28 06:58:26',1),
 (6233,103,'D2CC71D4','2018-09-28 06:58:28',1),
 (6234,103,'ADD650A8','2018-09-28 06:58:34',1),
 (6235,104,'8E5F0240','2018-09-28 06:58:39',1),
 (6236,105,'E70AD3D2','2018-09-28 06:58:54',1),
 (6237,104,'AB8204A4','2018-09-28 06:59:02',1),
 (6238,105,'D4F37E6F','2018-09-28 06:59:25',1),
 (6239,105,'9E0476B5','2018-09-28 06:59:33',1),
 (6240,104,'2986FF85','2018-09-28 06:59:42',1),
 (6241,104,'87176FD7','2018-09-28 06:59:47',1),
 (6242,101,'935B799E','2018-09-28 07:00:44',1),
 (6243,104,'DD6E2C0C','2018-09-28 07:01:05',1),
 (6244,101,'0FFA272B','2018-09-28 07:01:24',1),
 (6245,102,'CEDB6920','2018-09-28 07:01:26',1),
 (6246,103,'8D9E5710','2018-09-28 07:03:10',1),
 (6248,104,'D2C39273','2018-09-28 07:04:54',1),
 (6249,0,'E216D413','2018-09-28 07:00:00',1),
 (6250,0,'E216D413','2018-09-27 17:30:00',0),
 (6251,0,'9BFCB537','2018-09-27 17:30:00',0),
 (6252,0,'9BFCB537','2018-09-28 07:00:00',1),
 (6253,105,'8C0644BA','2018-09-28 07:07:25',0),
 (6254,102,'C4F37EFF','2018-09-28 07:25:51',1),
 (6255,105,'8C0644BA','2018-09-28 07:31:14',1),
 (6256,105,'4DAC9951','2018-09-28 07:36:24',1),
 (6258,105,'8D6362AD','2018-09-28 09:14:34',1),
 (6259,105,'E8A58074','2018-09-28 09:14:47',1),
 (6260,105,'76118CDC','2018-09-28 10:01:05',0),
 (6261,105,'398B1563','2018-09-28 10:48:38',0),
 (6262,104,'CEC9A3DA','2018-09-28 11:51:06',1),
 (6263,104,'CBDE17A7','2018-09-28 11:58:54',1),
 (6264,105,'F1EE0555','2018-09-28 11:58:59',1),
 (6265,105,'E06BE060','2018-09-28 11:59:35',1),
 (6267,105,'CF1D8750','2018-09-28 12:02:09',1),
 (6268,104,'08D01475','2018-09-28 12:03:12',1),
 (6269,105,'76118CDC','2018-09-28 12:21:24',1),
 (6271,107,'C278A564','2018-09-28 15:30:07',0),
 (6272,105,'2CD387C2','2018-09-28 15:30:08',0),
 (6273,101,'935B799E','2018-09-28 15:30:09',0),
 (6274,105,'4DAC9951','2018-09-28 15:30:16',0),
 (6275,105,'8C0644BA','2018-09-28 15:30:24',0),
 (6276,103,'0B8C3085','2018-09-28 15:30:24',0),
 (6277,101,'0D87987C','2018-09-28 15:30:31',0),
 (6278,105,'3E9E0E87','2018-09-28 15:30:31',0),
 (6279,103,'BE51FA92','2018-09-28 15:30:34',0),
 (6280,105,'95497F63','2018-09-28 15:30:37',0),
 (6281,103,'BD9BB983','2018-09-28 15:30:47',0),
 (6282,105,'76118CDC','2018-09-28 15:30:48',0),
 (6283,101,'0FFA272B','2018-09-28 15:30:50',0),
 (6284,106,'29C03912','2018-09-28 15:30:51',0),
 (6285,103,'8D9E5710','2018-09-28 15:30:52',0),
 (6286,104,'D4A2072B','2018-09-28 15:30:54',0),
 (6287,104,'2986FF85','2018-09-28 15:30:58',0),
 (6288,103,'ADD650A8','2018-09-28 15:31:02',0),
 (6289,105,'8D6362AD','2018-09-28 15:31:04',0),
 (6290,104,'2A7F5D99','2018-09-28 15:31:05',0),
 (6291,103,'B5A117E9','2018-09-28 15:31:09',0),
 (6292,104,'922370AA','2018-09-28 15:31:12',0),
 (6293,105,'D4F37E6F','2018-09-28 15:31:14',0),
 (6294,103,'76E920D9','2018-09-28 15:31:17',0),
 (6295,104,'28DC3FB8','2018-09-28 15:31:19',0),
 (6296,107,'DFE4EB13','2018-09-28 15:31:19',0),
 (6297,105,'FCE87D9F','2018-09-28 15:31:21',0),
 (6298,103,'DFDFE648','2018-09-28 15:31:24',0),
 (6299,104,'87176FD7','2018-09-28 15:31:25',0),
 (6300,105,'E8A58074','2018-09-28 15:31:27',0),
 (6301,107,'9186E711','2018-09-28 15:31:30',0),
 (6302,104,'A5F194EB','2018-09-28 15:31:33',0),
 (6303,103,'99F0C0FA','2018-09-28 15:31:33',0),
 (6304,107,'B6902696','2018-09-28 15:31:37',0),
 (6305,103,'021890C0','2018-09-28 15:31:38',0),
 (6306,104,'DD6E2C0C','2018-09-28 15:31:43',0),
 (6307,103,'D2CC71D4','2018-09-28 15:31:44',0),
 (6308,107,'2A5620A0','2018-09-28 15:31:46',0),
 (6309,105,'9E0476B5','2018-09-28 15:31:48',0),
 (6310,101,'AC239E44','2018-09-28 15:31:49',0),
 (6311,105,'08D745A6','2018-09-28 15:31:56',0),
 (6312,105,'58EB7EA1','2018-09-28 15:32:04',0),
 (6313,101,'3282F212','2018-09-28 15:32:05',0),
 (6314,102,'C4F37EFF','2018-09-28 15:32:09',0),
 (6315,105,'E70AD3D2','2018-09-28 15:32:11',0),
 (6316,103,'CEA28723','2018-09-28 15:32:11',0),
 (6317,104,'8E5F0240','2018-09-28 15:32:15',0),
 (6318,104,'DF19620C','2018-09-28 15:32:27',0),
 (6319,103,'4C459F1E','2018-09-28 15:32:45',0),
 (6320,104,'AB8204A4','2018-09-28 15:32:54',0),
 (6321,105,'CB99D1E8','2018-09-28 15:33:01',0),
 (6322,104,'C47A78C1','2018-09-28 15:33:32',0),
 (6323,107,'8C4CE4AC','2018-09-28 15:33:32',0),
 (6324,105,'4E6E296E','2018-09-28 15:34:43',0),
 (6325,105,'D1D2C387','2018-09-28 15:36:24',0),
 (6326,102,'CEDB6920','2018-09-28 15:39:54',0),
 (6327,107,'FF591F68','2018-09-28 15:43:54',0),
 (6328,104,'D2C39273','2018-09-28 15:49:25',0),
 (6332,105,'E06BE060','2018-09-28 20:30:05',0),
 (6333,105,'F1EE0555','2018-09-28 20:30:11',0),
 (6334,104,'CBDE17A7','2018-09-28 20:30:12',0),
 (6335,105,'CF1D8750','2018-09-28 20:30:28',0),
 (6336,104,'08D01475','2018-09-28 20:30:45',0),
 (6337,104,'CEC9A3DA','2018-09-28 20:30:57',0),
 (6338,105,'4E6E296E','2018-09-29 05:40:59',1),
 (6339,101,'3282F212','2018-09-29 05:46:53',1),
 (6340,107,'C278A564','2018-09-29 05:50:29',1),
 (6341,107,'9186E711','2018-09-29 05:51:12',1),
 (6342,107,'4FA55999','2018-09-29 05:51:24',1),
 (6343,103,'76E920D9','2018-09-29 05:51:28',1),
 (6344,103,'8D9E5710','2018-09-29 05:51:39',1),
 (6345,106,'29C03912','2018-09-29 05:51:57',1),
 (6346,103,'4C459F1E','2018-09-29 05:52:16',1),
 (6347,105,'D1D2C387','2018-09-29 05:52:59',1),
 (6348,103,'0B8C3085','2018-09-29 05:53:13',1),
 (6349,105,'3E9E0E87','2018-09-29 05:53:52',1),
 (6350,105,'F1EE0555','2018-09-29 05:54:02',1),
 (6351,105,'CB99D1E8','2018-09-29 05:54:45',1),
 (6352,103,'021890C0','2018-09-29 05:54:58',1),
 (6353,104,'DF19620C','2018-09-29 05:55:02',1),
 (6354,105,'76118CDC','2018-09-29 05:55:05',1),
 (6355,104,'28DC3FB8','2018-09-29 05:55:08',1),
 (6356,107,'8C4CE4AC','2018-09-29 05:55:50',1),
 (6357,104,'2A7F5D99','2018-09-29 05:56:08',1),
 (6358,107,'FF591F68','2018-09-29 05:56:15',1),
 (6359,103,'29C3C7D4','2018-09-29 05:56:17',1),
 (6360,105,'95497F63','2018-09-29 05:56:22',1),
 (6361,103,'BD9BB983','2018-09-29 05:56:23',1),
 (6362,105,'8D6362AD','2018-09-29 05:56:42',1),
 (6363,107,'DFE4EB13','2018-09-29 05:57:00',1),
 (6364,105,'E8A58074','2018-09-29 05:57:02',1),
 (6365,107,'2A5620A0','2018-09-29 05:57:45',1),
 (6366,103,'D2CC71D4','2018-09-29 05:58:03',1),
 (6367,103,'99F0C0FA','2018-09-29 05:58:12',1),
 (6368,104,'AB8204A4','2018-09-29 05:58:25',1),
 (6369,105,'FCE87D9F','2018-09-29 05:58:27',1),
 (6370,104,'DD6E2C0C','2018-09-29 05:58:56',1),
 (6371,105,'8C0644BA','2018-09-29 05:58:58',1),
 (6372,103,'DFDFE648','2018-09-29 05:59:03',1),
 (6373,107,'B6902696','2018-09-29 05:59:03',1),
 (6374,104,'CEC9A3DA','2018-09-29 05:59:04',1),
 (6375,103,'ADD650A8','2018-09-29 05:59:14',1),
 (6376,104,'08D01475','2018-09-29 05:59:17',1),
 (6377,105,'E70AD3D2','2018-09-29 05:59:21',1),
 (6378,104,'CBDE17A7','2018-09-29 05:59:24',1),
 (6379,104,'8E5F0240','2018-09-29 05:59:34',1),
 (6380,104,'87176FD7','2018-09-29 05:59:40',1),
 (6381,105,'9E0476B5','2018-09-29 05:59:41',1),
 (6382,104,'A5F194EB','2018-09-29 05:59:47',1),
 (6383,105,'08D745A6','2018-09-29 06:00:09',1),
 (6384,103,'CEA28723','2018-09-29 06:00:31',1),
 (6385,105,'CF1D8750','2018-09-29 06:00:38',1),
 (6386,104,'2986FF85','2018-09-29 06:00:43',1),
 (6387,105,'2CD387C2','2018-09-29 06:06:19',1),
 (6388,104,'D2C39273','2018-09-29 06:11:15',1),
 (6389,104,'C47A78C1','2018-09-29 06:52:52',1),
 (6390,103,'C8E646D8','2018-09-29 06:57:07',1),
 (6392,103,'021890C0','2018-09-29 11:18:28',0),
 (6393,107,'C278A564','2018-09-29 11:18:45',0),
 (6394,105,'CB99D1E8','2018-09-29 11:18:47',0),
 (6395,105,'8C0644BA','2018-09-29 11:18:57',0),
 (6396,104,'DF19620C','2018-09-29 11:20:42',0),
 (6397,107,'9186E711','2018-09-29 11:20:57',0),
 (6398,105,'8C0644BA','2018-09-29 11:22:19',1),
 (6399,103,'BD9BB983','2018-09-29 11:45:12',0),
 (6400,107,'9186E711','2018-09-29 11:45:36',1),
 (6401,107,'C278A564','2018-09-29 11:45:45',1),
 (6402,103,'021890C0','2018-09-29 11:45:53',1),
 (6403,105,'CB99D1E8','2018-09-29 11:46:00',1),
 (6404,104,'DF19620C','2018-09-29 11:47:14',1),
 (6405,106,'29C03912','2018-09-29 12:00:04',0),
 (6406,105,'F1EE0555','2018-09-29 12:00:06',0),
 (6407,105,'95497F63','2018-09-29 12:00:21',0),
 (6408,104,'C47A78C1','2018-09-29 12:00:24',0),
 (6409,103,'29C3C7D4','2018-09-29 12:00:26',0),
 (6410,103,'8D9E5710','2018-09-29 12:00:34',0),
 (6411,105,'CF1D8750','2018-09-29 12:00:37',0),
 (6412,107,'4FA55999','2018-09-29 12:00:40',0),
 (6413,103,'76E920D9','2018-09-29 12:00:42',0),
 (6414,103,'CEA28723','2018-09-29 12:00:48',0),
 (6415,104,'A5F194EB','2018-09-29 12:00:49',0),
 (6416,103,'C8E646D8','2018-09-29 12:00:55',0),
 (6417,105,'E8A58074','2018-09-29 12:00:56',0),
 (6418,104,'CEC9A3DA','2018-09-29 12:00:57',0),
 (6419,105,'3E9E0E87','2018-09-29 12:01:04',0),
 (6420,103,'0B8C3085','2018-09-29 12:01:06',0),
 (6421,105,'8D6362AD','2018-09-29 12:01:10',0),
 (6422,104,'CBDE17A7','2018-09-29 12:01:14',0),
 (6423,103,'4C459F1E','2018-09-29 12:01:16',0),
 (6424,104,'8E5F0240','2018-09-29 12:01:19',0),
 (6425,105,'9E0476B5','2018-09-29 12:01:23',0),
 (6426,104,'2986FF85','2018-09-29 12:01:25',0),
 (6427,105,'2CD387C2','2018-09-29 12:01:28',0),
 (6428,105,'76118CDC','2018-09-29 12:01:35',0),
 (6429,104,'28DC3FB8','2018-09-29 12:01:36',0),
 (6430,107,'8C4CE4AC','2018-09-29 12:01:42',0),
 (6431,104,'87176FD7','2018-09-29 12:01:42',0),
 (6432,103,'021890C0','2018-09-29 12:01:43',0),
 (6433,105,'E70AD3D2','2018-09-29 12:01:44',0),
 (6434,105,'CB99D1E8','2018-09-29 12:01:52',0),
 (6435,104,'2A7F5D99','2018-09-29 12:01:52',0),
 (6436,101,'3282F212','2018-09-29 12:01:54',0),
 (6437,104,'DD6E2C0C','2018-09-29 12:01:59',0),
 (6438,103,'ADD650A8','2018-09-29 12:02:07',0),
 (6439,104,'AB8204A4','2018-09-29 12:02:08',0),
 (6440,103,'D2CC71D4','2018-09-29 12:02:14',0),
 (6441,104,'D2C39273','2018-09-29 12:02:17',0),
 (6442,103,'99F0C0FA','2018-09-29 12:02:24',0),
 (6443,105,'08D745A6','2018-09-29 12:02:25',0),
 (6444,105,'D1D2C387','2018-09-29 12:02:49',0),
 (6445,103,'DFDFE648','2018-09-29 12:03:01',0),
 (6446,104,'DF19620C','2018-09-29 12:03:17',0),
 (6447,104,'08D01475','2018-09-29 12:03:29',0),
 (6448,105,'4E6E296E','2018-09-29 12:03:42',0),
 (6450,107,'C278A564','2018-09-29 15:30:10',0),
 (6451,107,'DFE4EB13','2018-09-29 15:30:29',0),
 (6452,107,'9186E711','2018-09-29 15:30:43',0),
 (6453,107,'2A5620A0','2018-09-29 15:30:54',0),
 (6454,107,'B6902696','2018-09-29 15:31:03',0),
 (6455,105,'FCE87D9F','2018-09-29 15:31:04',0),
 (6456,107,'FF591F68','2018-09-29 15:31:37',0),
 (6457,105,'8C0644BA','2018-09-29 15:31:39',0),
 (6523,0,'9BD0258A','2018-09-29 06:00:00',1),
 (6524,0,'9BD0258A','2018-09-29 12:00:00',0),
 (6539,0,'D4F37E6F','2018-09-26 16:30:00',0),
 (6540,0,'29C3C7D4','2018-09-28 07:00:00',1),
 (6541,0,'29C3C7D4','2018-09-28 15:30:00',0),
 (6542,0,'E880B82A','2018-09-28 07:00:00',1),
 (6543,0,'E880B82A','2018-09-28 15:30:00',0),
 (6544,0,'E880B82A','2018-09-29 06:00:00',1),
 (6545,0,'E880B82A','2018-09-29 15:30:00',0),
 (6546,0,'B4BBABEC','2018-09-27 07:00:00',1),
 (6547,0,'B4BBABEC','2018-09-27 17:30:00',0),
 (6548,0,'B4BBABEC','2018-09-28 07:00:00',1),
 (6549,0,'B4BBABEC','2018-09-28 15:30:00',0),
 (6550,0,'B4BBABEC','2018-09-29 06:00:00',1),
 (6551,0,'B4BBABEC','2018-09-29 15:30:00',0),
 (6552,0,'4FA55999','2018-09-28 07:00:00',1),
 (6553,0,'4FA55999','2018-09-28 15:00:00',0),
 (6554,0,'8709982E','2018-09-29 06:00:00',1),
 (6871,0,'76118CDC','2018-09-24 16:30:00',0),
 (6875,0,'8709982E','2018-09-27 07:00:00',1),
 (6876,0,'8709982E','2018-09-27 17:30:00',0),
 (6877,0,'8709982E','2018-09-28 07:00:00',1),
 (6878,0,'8709982E','2018-09-28 15:30:00',0),
 (6886,0,'8709982E','2018-09-29 15:30:00',0);
/*!40000 ALTER TABLE `punch` ENABLE KEYS */;


--
-- Definition of table `punchtype`
--

DROP TABLE IF EXISTS `punchtype`;
CREATE TABLE `punchtype` (
  `id` tinyint(3) unsigned NOT NULL,
  `description` varchar(45) NOT NULL,
  PRIMARY KEY (`id`)
) ENGINE=InnoDB DEFAULT CHARSET=latin1;

--
-- Dumping data for table `punchtype`
--

/*!40000 ALTER TABLE `punchtype` DISABLE KEYS */;
INSERT INTO `punchtype` (`id`,`description`) VALUES 
 (0,'Clock Out'),
 (1,'Clock In'),
 (2,'Time Out');
/*!40000 ALTER TABLE `punchtype` ENABLE KEYS */;


--
-- Definition of table `shift`
--

DROP TABLE IF EXISTS `shift`;
CREATE TABLE `shift` (
  `id` tinyint(3) unsigned NOT NULL AUTO_INCREMENT,
  `description` varchar(255) DEFAULT NULL,
  `start` time DEFAULT NULL,
  `stop` time DEFAULT NULL,
  `interval` tinyint(3) unsigned DEFAULT NULL,
  `graceperiod` tinyint(3) unsigned DEFAULT NULL,
  `dock` tinyint(3) unsigned DEFAULT NULL,
  `lunchstart` time DEFAULT NULL,
  `lunchstop` time DEFAULT NULL,
  `lunchdeduct` smallint(5) unsigned DEFAULT NULL,
  PRIMARY KEY (`id`) USING BTREE
) ENGINE=InnoDB AUTO_INCREMENT=5 DEFAULT CHARSET=latin1;

--
-- Dumping data for table `shift`
--

/*!40000 ALTER TABLE `shift` DISABLE KEYS */;
INSERT INTO `shift` (`id`,`description`,`start`,`stop`,`interval`,`graceperiod`,`dock`,`lunchstart`,`lunchstop`,`lunchdeduct`) VALUES 
 (1,'Shift 1','07:00:00','15:30:00',15,5,15,'12:00:00','12:30:00',360),
 (2,'Shift 2','12:00:00','20:30:00',15,5,15,'16:30:00','17:00:00',360),
 (3,'Shift 1 Early Lunch','07:00:00','15:30:00',15,5,15,'11:30:00','12:00:00',360),
 (4,'Shift 3','22:30:00','07:00:00',15,5,15,'02:30:00','03:00:00',360);
/*!40000 ALTER TABLE `shift` ENABLE KEYS */;


--
-- Definition of table `terminal`
--

DROP TABLE IF EXISTS `terminal`;
CREATE TABLE `terminal` (
  `id` tinyint(3) unsigned NOT NULL,
  `description` varchar(255) DEFAULT NULL,
  PRIMARY KEY (`id`) USING BTREE
) ENGINE=InnoDB DEFAULT CHARSET=latin1;

--
-- Dumping data for table `terminal`
--

/*!40000 ALTER TABLE `terminal` DISABLE KEYS */;
INSERT INTO `terminal` (`id`,`description`) VALUES 
 (0,'Manual Entry'),
 (101,'Press / Tool & Die'),
 (102,'Office'),
 (103,'Assembly'),
 (104,'Grinding'),
 (105,'Hafting'),
 (106,'Warehouse'),
 (107,'Shipping / Cleaning');
/*!40000 ALTER TABLE `terminal` ENABLE KEYS */;




/*!40101 SET SQL_MODE=@OLD_SQL_MODE */;
/*!40014 SET FOREIGN_KEY_CHECKS=@OLD_FOREIGN_KEY_CHECKS */;
/*!40014 SET UNIQUE_CHECKS=@OLD_UNIQUE_CHECKS */;
/*!40101 SET CHARACTER_SET_CLIENT=@OLD_CHARACTER_SET_CLIENT */;
/*!40101 SET CHARACTER_SET_RESULTS=@OLD_CHARACTER_SET_RESULTS */;
/*!40101 SET COLLATION_CONNECTION=@OLD_COLLATION_CONNECTION */;
/*!40101 SET CHARACTER_SET_CLIENT=@OLD_CHARACTER_SET_CLIENT */;
